Date,close
2012-10-25,48.89599609375
2012-10-26,48.89599609375
2012-10-31,49.2879524230957
2012-11-01,49.590084075927734
2012-11-02,49.590084075927734
2012-11-05,49.04298400878906
2012-11-06,49.04298400878906
2012-11-07,48.471405029296875
2012-11-08,48.471405029296875
2012-11-09,47.97328186035156
2012-11-12,48.01408767700195
2012-11-13,48.01408767700195
2012-11-14,48.01408767700195
2012-11-15,48.01408767700195
2012-11-16,48.01408767700195
2012-11-19,48.01408767700195
2012-11-20,48.01408767700195
2012-11-21,48.42239761352539
2012-11-23,48.42239761352539
2012-11-26,48.8878173828125
2012-11-27,48.8878173828125
2012-11-28,48.8878173828125
2012-11-29,48.8878173828125
2012-11-30,48.8878173828125
2012-12-03,48.8878173828125
2012-12-04,48.8878173828125
2012-12-05,48.8878173828125
2012-12-06,48.8878173828125
2012-12-07,48.8878173828125
2012-12-10,48.8878173828125
2012-12-11,48.8878173828125
2012-12-12,48.8878173828125
2012-12-13,48.8878173828125
2012-12-14,48.8878173828125
2012-12-17,49.4349365234375
2012-12-18,49.4349365234375
2012-12-19,49.4349365234375
2012-12-20,49.4349365234375
2012-12-21,49.69101333618164
2012-12-24,49.69101333618164
2012-12-26,49.69101333618164
2012-12-27,49.69101333618164
2012-12-28,49.69101333618164
2012-12-31,49.69101333618164
2013-01-02,49.69101333618164
2013-01-03,49.69101333618164
2013-01-04,50.89760208129883
2013-01-07,50.89760208129883
2013-01-08,50.89760208129883
2013-01-09,50.89760208129883
2013-01-10,50.89760208129883
2013-01-11,50.89760208129883
2013-01-14,50.89760208129883
2013-01-15,50.89760208129883
2013-01-16,51.2423095703125
2013-01-17,51.71016311645508
2013-01-18,51.71016311645508
2013-01-22,51.71016311645508
2013-01-23,51.71016311645508
2013-01-24,51.71016311645508
2013-01-25,51.71016311645508
2013-01-28,51.71016311645508
2013-01-29,51.71016311645508
2013-01-30,51.71016311645508
2013-01-31,51.71016311645508
2013-02-01,51.71016311645508
2013-02-04,51.71016311645508
2013-02-05,51.71016311645508
2013-02-06,51.71016311645508
2013-02-07,51.71016311645508
2013-02-08,51.71016311645508
2013-02-11,51.71016311645508
2013-02-12,51.71016311645508
2013-02-13,51.71016311645508
2013-02-14,51.71016311645508
2013-02-15,51.71016311645508
2013-02-19,51.71016311645508
2013-02-20,51.71016311645508
2013-02-21,51.71016311645508
2013-02-22,52.47351837158203
2013-02-25,52.47351837158203
2013-02-26,52.47351837158203
2013-02-27,52.47351837158203
2013-02-28,52.47351837158203
2013-03-01,52.47351837158203
2013-03-04,52.47351837158203
2013-03-05,52.47351837158203
2013-03-06,52.47351837158203
2013-03-07,52.47351837158203
2013-03-08,52.47351837158203
2013-03-11,52.47351837158203
2013-03-12,52.47351837158203
2013-03-13,54.00019454956055
2013-03-14,54.00019454956055
2013-03-15,54.17227554321289
2013-03-18,54.17227554321289
2013-03-19,54.17227554321289
2013-03-20,54.17227554321289
2013-03-21,54.22170639038086
2013-03-22,54.22170639038086
2013-03-25,54.22170639038086
2013-03-26,54.22170639038086
2013-03-27,54.22170639038086
2013-03-28,54.22170639038086
2013-04-01,54.22170639038086
2013-04-02,54.22170639038086
2013-04-03,54.22170639038086
2013-04-04,54.22170639038086
2013-04-05,54.22170639038086
2013-04-08,54.22170639038086
2013-04-09,54.22170639038086
2013-04-10,55.267433166503906
2013-04-11,55.267433166503906
2013-04-12,56.51900100708008
2013-04-15,55.15214157104492
2013-04-16,55.15214157104492
2013-04-17,55.15214157104492
2013-04-18,55.15214157104492
2013-04-19,55.15214157104492
2013-04-22,55.15214157104492
2013-04-23,55.2756462097168
2013-04-24,55.2756462097168
2013-04-25,55.2756462097168
2013-04-26,55.2756462097168
2013-04-29,55.432106018066406
2013-04-30,55.432106018066406
2013-05-01,55.28388977050781
2013-05-02,55.28388977050781
2013-05-03,55.28388977050781
2013-05-06,55.28388977050781
2013-05-07,56.48607635498047
2013-05-08,56.48607635498047
2013-05-09,56.48607635498047
2013-05-10,56.48607635498047
2013-05-13,56.48607635498047
2013-05-14,57.40006637573242
2013-05-15,58.01762771606445
2013-05-16,57.89409255981445
2013-05-17,57.89409255981445
2013-05-20,57.89409255981445
2013-05-21,57.89409255981445
2013-05-22,57.89409255981445
2013-05-23,57.507102966308594
2013-05-24,57.433006286621094
2013-05-28,57.433006286621094
2013-05-29,57.433006286621094
2013-05-30,57.433006286621094
2013-05-31,57.383575439453125
2013-06-03,56.56842041015625
2013-06-04,56.56842041015625
2013-06-05,56.56842041015625
2013-06-06,56.066139221191406
2013-06-07,56.066139221191406
2013-06-10,56.066139221191406
2013-06-11,56.066139221191406
2013-06-12,56.23905944824219
2013-06-13,56.23905944824219
2013-06-14,56.23905944824219
2013-06-17,56.23905944824219
2013-06-18,56.23905944824219
2013-06-19,56.23905944824219
2013-06-20,55.93440246582031
2013-06-21,56.163414001464844
2013-06-24,54.93149948120117
2013-06-25,55.1464729309082
2013-06-26,55.1464729309082
2013-06-27,55.1464729309082
2013-06-28,56.26263427734375
2013-07-01,56.26263427734375
2013-07-02,56.26263427734375
2013-07-03,56.26263427734375
2013-07-05,56.26263427734375
2013-07-08,56.26263427734375
2013-07-09,56.26263427734375
2013-07-10,56.26263427734375
2013-07-11,58.39573287963867
2013-07-12,58.39573287963867
2013-07-15,58.94140625
2013-07-16,58.94140625
2013-07-17,58.94140625
2013-07-18,58.94140625
2013-07-19,59.189422607421875
2013-07-22,59.189422607421875
2013-07-23,59.189422607421875
2013-07-24,59.181175231933594
2013-07-25,59.181175231933594
2013-07-26,59.181175231933594
2013-07-29,59.048892974853516
2013-07-30,59.181175231933594
2013-07-31,59.181175231933594
2013-08-01,60.22291564941406
2013-08-02,60.22291564941406
2013-08-05,60.17330551147461
2013-08-06,59.81777572631836
2013-08-07,59.81777572631836
2013-08-08,59.81777572631836
2013-08-09,59.627647399902344
2013-08-12,59.55323028564453
2013-08-13,59.75164794921875
2013-08-14,59.75164794921875
2013-08-15,59.75164794921875
2013-08-16,59.75164794921875
2013-08-19,59.75164794921875
2013-08-20,59.75164794921875
2013-08-21,57.858333587646484
2013-08-22,57.858333587646484
2013-08-23,57.858333587646484
2013-08-26,57.858333587646484
2013-08-27,57.858333587646484
2013-08-28,57.46975326538086
2013-08-29,57.73430252075195
2013-08-30,57.73430252075195
2013-09-03,57.85002517700195
2013-09-04,58.189029693603516
2013-09-05,58.36264419555664
2013-09-06,58.36264419555664
2013-09-09,58.63548278808594
2013-09-10,59.29692840576172
2013-09-11,59.29692840576172
2013-09-12,59.29692840576172
2013-09-13,59.6524543762207
2013-09-16,60.29734420776367
2013-09-17,60.10719680786133
2013-09-18,60.10719680786133
2013-09-19,60.80168151855469
2013-09-20,61.009883880615234
2013-09-23,61.009883880615234
2013-09-24,61.009883880615234
2013-09-25,61.009883880615234
2013-09-26,61.009883880615234
2013-09-27,59.64934158325195
2013-09-30,59.64934158325195
2013-10-01,60.02267074584961
2013-10-02,59.80695724487305
2013-10-03,59.80695724487305
2013-10-04,59.856727600097656
2013-10-07,59.856727600097656
2013-10-08,58.90266036987305
2013-10-09,58.68696975708008
2013-10-10,59.64103698730469
2013-10-11,60.11391067504883
2013-10-14,60.5535888671875
2013-10-15,60.5535888671875
2013-10-16,60.97671127319336
2013-10-17,61.45790100097656
2013-10-18,61.97223663330078
2013-10-21,61.97223663330078
2013-10-22,62.3704719543457
2013-10-23,62.1381721496582
2013-10-24,62.146484375
2013-10-25,62.37874984741211
2013-10-28,62.569583892822266
2013-10-29,62.660823822021484
2013-10-30,62.577880859375
2013-10-31,62.577880859375
2013-11-01,62.586177825927734
2013-11-04,62.635948181152344
2013-11-05,62.635948181152344
2013-11-06,62.635948181152344
2013-11-07,62.635948181152344
2013-11-08,62.635948181152344
2013-11-11,62.71892547607422
2013-11-12,62.536399841308594
2013-11-13,62.984375
2013-11-14,62.984375
2013-11-15,63.648101806640625
2013-11-18,63.648101806640625
2013-11-19,63.59832000732422
2013-11-20,63.59832000732422
2013-11-21,63.84718704223633
2013-11-22,64.27859497070312
2013-11-25,64.17904663085938
2013-11-26,64.41963195800781
2013-11-27,64.29518127441406
2013-11-29,64.5938491821289
2013-12-02,64.20390319824219
2013-12-03,63.697879791259766
2013-12-04,63.83890151977539
2013-12-05,63.54851531982422
2013-12-06,64.0960464477539
2013-12-09,64.36981964111328
2013-12-10,64.19561767578125
2013-12-11,63.37430953979492
2013-12-12,63.43238830566406
2013-12-13,63.25814437866211
2013-12-16,63.25814437866211
2013-12-17,63.573394775390625
2013-12-18,63.20835876464844
2013-12-19,64.4776840209961
2013-12-20,65.06983184814453
2013-12-23,65.33747863769531
2013-12-24,65.33747863769531
2013-12-26,65.33747863769531
2013-12-27,65.33747863769531
2013-12-30,65.33747863769531
2013-12-31,65.73894500732422
2014-01-02,65.43785858154297
2014-01-03,65.50479125976562
2014-01-06,65.27059173583984
2014-01-07,65.76402282714844
2014-01-08,65.70547485351562
2014-01-09,65.88111877441406
2014-01-10,66.0735092163086
2014-01-13,65.36258697509766
2014-01-14,65.36258697509766
2014-01-15,65.99822235107422
2014-01-16,65.99822235107422
2014-01-17,65.88111877441406
2014-01-21,66.08185577392578
2014-01-22,66.33277130126953
2014-01-23,65.63861083984375
2014-01-24,64.96111297607422
2014-01-27,63.79855728149414
2014-01-28,63.89055252075195
2014-01-29,63.81529235839844
2014-01-30,64.40912628173828
2014-01-31,64.07456970214844
2014-02-03,63.1043701171875
2014-02-04,62.88691329956055
2014-02-05,62.88691329956055
2014-02-06,62.88691329956055
2014-02-07,64.19166564941406
2014-02-10,64.19166564941406
2014-02-11,65.30403900146484
2014-02-12,65.48804473876953
2014-02-13,65.81420135498047
2014-02-14,65.81420135498047
2014-02-18,66.44983673095703
2014-02-19,66.44983673095703
2014-02-20,66.42476654052734
2014-02-21,66.49169158935547
2014-02-24,66.83458709716797
2014-02-25,66.77604675292969
2014-02-26,66.77604675292969
2014-02-27,66.8178939819336
2014-02-28,66.97677612304688
2014-03-03,66.5920181274414
2014-03-04,67.63750457763672
2014-03-05,67.82984924316406
2014-03-06,67.90514373779297
2014-03-07,67.90514373779297
2014-03-10,67.76294708251953
2014-03-11,67.92186737060547
2014-03-12,67.05205535888672
2014-03-13,67.05205535888672
2014-03-14,66.39971160888672
2014-03-17,67.03530883789062
2014-03-18,67.03530883789062
2014-03-19,67.57062530517578
2014-03-20,67.57062530517578
2014-03-21,67.78204345703125
2014-03-24,67.78204345703125
2014-03-25,67.13599395751953
2014-03-26,67.13599395751953
2014-03-27,66.13760375976562
2014-03-28,66.85075378417969
2014-03-31,67.16118621826172
2014-04-01,67.16118621826172
2014-04-02,67.97496795654297
2014-04-03,67.97496795654297
2014-04-04,66.5403060913086
2014-04-07,66.5403060913086
2014-04-08,66.5403060913086
2014-04-09,66.65778350830078
2014-04-10,65.22309112548828
2014-04-11,65.22309112548828
2014-04-14,65.22309112548828
2014-04-15,65.1559829711914
2014-04-16,65.6258316040039
2014-04-17,66.46482849121094
2014-04-21,66.46482849121094
2014-04-22,66.88429260253906
2014-04-23,66.88429260253906
2014-04-24,66.67456817626953
2014-04-25,66.2802505493164
2014-04-28,65.80199432373047
2014-04-29,66.21308898925781
2014-04-30,66.21308898925781
2014-05-01,66.21308898925781
2014-05-02,66.58226013183594
2014-05-05,66.61582946777344
2014-05-06,66.33058166503906
2014-05-07,66.06209564208984
2014-05-08,66.06209564208984
2014-05-09,66.42283630371094
2014-05-12,67.16958618164062
2014-05-13,67.16958618164062
2014-05-14,67.16958618164062
2014-05-15,66.02853393554688
2014-05-16,66.02853393554688
2014-05-19,66.02853393554688
2014-05-20,66.2802505493164
2014-05-21,66.89269256591797
2014-05-22,67.24505615234375
2014-05-23,67.24505615234375
2014-05-27,68.00016784667969
2014-05-28,68.00016784667969
2014-05-29,68.02529907226562
2014-05-30,68.02529907226562
2014-06-02,68.61264038085938
2014-06-03,68.47000885009766
2014-06-04,68.76366424560547
2014-06-05,69.32579803466797
2014-06-06,69.32579803466797
2014-06-09,69.77880859375
2014-06-10,69.56071472167969
2014-06-11,69.51870727539062
2014-06-12,69.42642974853516
2014-06-13,69.08246612548828
2014-06-16,69.08246612548828
2014-06-17,69.08246612548828
2014-06-18,69.08246612548828
2014-06-19,69.08246612548828
2014-06-20,69.31143188476562
2014-06-23,69.31143188476562
2014-06-24,70.11952209472656
2014-06-25,70.11952209472656
2014-06-26,70.04374694824219
2014-06-27,70.04374694824219
2014-06-30,70.04374694824219
2014-07-01,70.04374694824219
2014-07-02,70.82659912109375
2014-07-03,71.16332244873047
2014-07-07,70.93601989746094
2014-07-08,70.3215560913086
2014-07-09,70.31311798095703
2014-07-10,70.38048553466797
2014-07-11,70.38048553466797
2014-07-14,70.38048553466797
2014-07-15,70.38048553466797
2014-07-16,70.38048553466797
2014-07-17,70.5824966430664
2014-07-18,70.144775390625
2014-07-21,70.144775390625
2014-07-22,70.95286560058594
2014-07-23,70.95286560058594
2014-07-24,70.95286560058594
2014-07-25,70.95286560058594
2014-07-28,70.95286560058594
2014-07-29,70.68350982666016
2014-07-30,70.53199005126953
2014-07-31,70.53199005126953
2014-08-01,70.53199005126953
2014-08-04,70.53199005126953
2014-08-05,69.06729888916016
2014-08-06,68.64640045166016
2014-08-07,68.36864471435547
2014-08-08,68.48651123046875
2014-08-11,69.44609832763672
2014-08-12,69.07572937011719
2014-08-13,69.58920288085938
2014-08-14,69.87540435791016
2014-08-15,69.87540435791016
2014-08-18,70.62458038330078
2014-08-19,70.62458038330078
2014-08-20,70.62458038330078
2014-08-21,71.3148422241211
2014-08-22,71.3148422241211
2014-08-25,71.3148422241211
2014-08-26,71.86199951171875
2014-08-27,71.7188949584961
2014-08-28,71.55899047851562
2014-08-29,71.7525405883789
2014-09-02,71.63471221923828
2014-09-03,71.70206451416016
2014-09-04,71.54212188720703
2014-09-05,71.70206451416016
2014-09-08,71.55052185058594
2014-09-09,71.42424774169922
2014-09-10,71.20538330078125
2014-09-11,71.4579086303711
2014-09-12,71.11283111572266
2014-09-15,71.14649200439453
2014-09-16,71.70206451416016
2014-09-17,71.6683578491211
2014-09-18,72.02191925048828
2014-09-19,71.96194458007812
2014-09-22,71.21868133544922
2014-09-23,71.12576293945312
2014-09-24,71.06666564941406
2014-09-25,70.3487319946289
2014-09-26,70.585205078125
2014-09-29,70.50077056884766
2014-09-30,70.95684814453125
2014-10-01,69.45341491699219
2014-10-02,69.44497680664062
2014-10-03,70.27269744873047
2014-10-06,70.32337188720703
2014-10-07,70.32337188720703
2014-10-08,69.10710906982422
2014-10-09,68.80303192138672
2014-10-10,68.35540008544922
2014-10-13,67.5023422241211
2014-10-14,66.80975341796875
2014-10-15,66.07492065429688
2014-10-16,66.2016372680664
2014-10-17,67.06314086914062
2014-10-20,67.69660949707031
2014-10-21,69.36051177978516
2014-10-22,69.16625213623047
2014-10-23,70.11223602294922
2014-10-24,70.11223602294922
2014-10-27,70.26427459716797
2014-10-28,70.26427459716797
2014-10-29,70.26427459716797
2014-10-30,71.22711944580078
2014-10-31,71.22711944580078
2014-11-03,71.22711944580078
2014-11-04,71.22711944580078
2014-11-05,72.30823516845703
2014-11-06,72.426513671875
2014-11-07,72.426513671875
2014-11-10,72.84033203125
2014-11-11,73.21199798583984
2014-11-12,73.17820739746094
2014-11-13,73.21199798583984
2014-11-14,73.21199798583984
2014-11-17,73.26268768310547
2014-11-18,73.52450561523438
2014-11-19,73.52450561523438
2014-11-20,73.52450561523438
2014-11-21,74.66476440429688
2014-11-24,74.26777648925781
2014-11-25,74.31001281738281
2014-11-26,74.31001281738281
2014-11-28,74.31001281738281
2014-12-01,73.93838500976562
2014-12-02,74.29310607910156
2014-12-03,74.55494689941406
2014-12-04,74.55494689941406
2014-12-05,74.28465270996094
2014-12-08,74.69853210449219
2014-12-09,74.17485046386719
2014-12-10,73.05152893066406
2014-12-11,73.99749755859375
2014-12-12,72.63764953613281
2014-12-15,71.7254867553711
2014-12-16,71.79302215576172
2014-12-17,71.42140197753906
2014-12-18,74.17485046386719
2014-12-19,74.64061737060547
2014-12-22,74.5471420288086
2014-12-23,74.87857055664062
2014-12-24,74.87857055664062
2014-12-26,75.48204803466797
2014-12-29,75.40555572509766
2014-12-30,74.92958068847656
2014-12-31,75.0486068725586
2015-01-02,73.83320617675781
2015-01-05,72.83026885986328
2015-01-06,72.48179626464844
2015-01-07,73.12774658203125
2015-01-08,74.03714752197266
2015-01-09,74.26666259765625
2015-01-12,74.26666259765625
2015-01-13,72.49880981445312
2015-01-14,72.49880981445312
2015-01-15,72.49880981445312
2015-01-16,71.72537231445312
2015-01-20,72.60929107666016
2015-01-21,72.81328582763672
2015-01-22,73.06828308105469
2015-01-23,74.0541763305664
2015-01-26,74.25814819335938
2015-01-27,73.62071990966797
2015-01-28,73.00028228759766
2015-01-29,72.73680114746094
2015-01-30,72.79627990722656
2015-02-02,71.92085266113281
2015-02-03,73.79920959472656
2015-02-04,73.688720703125
2015-02-05,74.14765930175781
2015-02-06,73.92668914794922
2015-02-09,73.51871490478516
2015-02-10,73.51871490478516
2015-02-11,74.51312255859375
2015-02-12,75.18458557128906
2015-02-13,75.2525863647461
2015-02-17,75.65204620361328
2015-02-18,75.86454772949219
2015-02-19,75.86454772949219
2015-02-20,76.3404769897461
2015-02-23,75.93248748779297
2015-02-24,75.93248748779297
2015-02-25,76.20448303222656
2015-02-26,76.24700164794922
2015-02-27,75.97502136230469
2015-03-02,76.15348052978516
2015-03-03,75.83052825927734
2015-03-04,75.77102661132812
2015-03-05,75.78800964355469
2015-03-06,74.68310546875
2015-03-09,75.03158569335938
2015-03-10,74.2156753540039
2015-03-11,73.97769927978516
2015-03-12,73.97769927978516
2015-03-13,74.73410034179688
2015-03-16,74.58113098144531
2015-03-17,75.43956756591797
2015-03-18,75.11659240722656
2015-03-19,75.11659240722656
2015-03-20,76.8871078491211
2015-03-23,76.8871078491211
2015-03-24,76.36662292480469
2015-03-25,76.16182708740234
2015-03-26,74.40412139892578
2015-03-27,74.40412139892578
2015-03-30,75.9144058227539
2015-03-31,75.9144058227539
2015-04-01,75.9144058227539
2015-04-02,75.9144058227539
2015-04-06,75.9144058227539
2015-04-07,75.52189636230469
2015-04-08,75.54747009277344
2015-04-09,75.23177337646484
2015-04-10,76.04236602783203
2015-04-13,76.04236602783203
2015-04-14,75.93144226074219
2015-04-15,76.31541442871094
2015-04-16,76.00824737548828
2015-04-17,76.00824737548828
2015-04-20,75.7778549194336
2015-04-21,75.7778549194336
2015-04-22,76.37512969970703
2015-04-23,76.37512969970703
2015-04-24,76.67377471923828
2015-04-27,76.79324340820312
2015-04-28,76.79324340820312
2015-04-29,76.79324340820312
2015-04-30,76.79324340820312
2015-05-01,76.79324340820312
2015-05-04,75.98265075683594
2015-05-05,75.98265075683594
2015-05-06,75.98265075683594
2015-05-07,74.48091125488281
2015-05-08,76.1106185913086
2015-05-11,75.99971771240234
2015-05-12,75.99971771240234
2015-05-13,75.99971771240234
2015-05-14,75.99971771240234
2015-05-15,76.36662292480469
2015-05-18,76.96392822265625
2015-05-19,76.96392822265625
2015-05-20,77.21987915039062
2015-05-21,77.21987915039062
2015-05-22,77.21987915039062
2015-05-26,77.21987915039062
2015-05-27,76.69082641601562
2015-05-28,76.81031036376953
2015-05-29,76.61404418945312
2015-06-01,76.58845520019531
2015-06-02,76.58845520019531
2015-06-03,76.58845520019531
2015-06-04,76.18743133544922
2015-06-05,76.18743133544922
2015-06-08,75.55602264404297
2015-06-09,75.300048828125
2015-06-10,75.300048828125
2015-06-11,75.300048828125
2015-06-12,75.300048828125
2015-06-15,75.300048828125
2015-06-16,76.07650756835938
2015-06-17,76.37512969970703
2015-06-18,77.12604522705078
2015-06-19,77.26309967041016
2015-06-22,77.26309967041016
2015-06-23,77.26309967041016
2015-06-24,77.19454193115234
2015-06-25,77.08317565917969
2015-06-26,77.00607299804688
2015-06-29,75.7810287475586
2015-06-30,75.7810287475586
2015-07-01,76.17510223388672
2015-07-02,76.08944702148438
2015-07-06,75.65251922607422
2015-07-07,76.38070678710938
2015-07-08,75.12141418457031
2015-07-09,75.12141418457031
2015-07-10,76.34645080566406
2015-07-13,76.99748992919922
2015-07-14,76.99748992919922
2015-07-15,77.57146453857422
2015-07-16,77.84561920166016
2015-07-17,77.94841766357422
2015-07-20,78.42815399169922
2015-07-21,78.20539855957031
2015-07-22,77.83706665039062
2015-07-23,77.83706665039062
2015-07-24,77.83706665039062
2015-07-27,76.38927459716797
2015-07-28,76.79190826416016
2015-07-29,77.62288665771484
2015-07-30,77.62288665771484
2015-07-31,77.62288665771484
2015-08-03,77.33160400390625
2015-08-04,77.4515609741211
2015-08-05,77.81133270263672
2015-08-06,77.00607299804688
2015-08-07,77.00607299804688
2015-08-10,77.73424530029297
2015-08-11,76.86900329589844
2015-08-12,76.18365478515625
2015-08-13,77.18598175048828
2015-08-14,77.0660400390625
2015-08-17,77.0660400390625
2015-08-18,77.63146209716797
2015-08-19,77.33160400390625
2015-08-20,76.15799713134766
2015-08-21,76.15799713134766
2015-08-24,71.45486450195312
2015-08-25,71.42059326171875
2015-08-26,71.84893035888672
2015-08-27,73.33097076416016
2015-08-28,73.33097076416016
2015-08-31,72.93688201904297
2015-09-01,70.98368072509766
2015-09-02,71.3520736694336
2015-09-03,72.06309509277344
2015-09-04,71.07794189453125
2015-09-08,73.08251190185547
2015-09-09,73.08251190185547
2015-09-10,72.4828872680664
2015-09-11,72.4828872680664
2015-09-14,72.7912368774414
2015-09-15,72.7912368774414
2015-09-16,72.7912368774414
2015-09-17,74.20476531982422
2015-09-18,73.3927230834961
2015-09-21,73.10025787353516
2015-09-22,73.10025787353516
2015-09-23,72.28307342529297
2015-09-24,72.28307342529297
2015-09-25,72.28307342529297
2015-09-28,69.80569458007812
2015-09-29,69.46158599853516
2015-09-30,70.57986450195312
2015-10-01,70.62287139892578
2015-10-02,70.62287139892578
2015-10-05,73.43574523925781
2015-10-06,73.43574523925781
2015-10-07,73.09163665771484
2015-10-08,73.09163665771484
2015-10-09,73.75401306152344
2015-10-12,74.14111328125
2015-10-13,73.81422424316406
2015-10-14,73.63360595703125
2015-10-15,73.63360595703125
2015-10-16,74.50238037109375
2015-10-19,74.50238037109375
2015-10-20,74.50238037109375
2015-10-21,76.42925262451172
2015-10-22,75.25934600830078
2015-10-23,75.25934600830078
2015-10-26,75.25934600830078
2015-10-27,75.25934600830078
2015-10-28,76.66151428222656
2015-10-29,76.66151428222656
2015-10-30,76.66151428222656
2015-11-02,76.66151428222656
2015-11-03,77.41848754882812
2015-11-04,77.41848754882812
2015-11-05,77.46150970458984
2015-11-06,77.00558471679688
2015-11-09,76.77335357666016
2015-11-10,76.56689453125
2015-11-11,76.56689453125
2015-11-12,76.14537048339844
2015-11-13,76.14537048339844
2015-11-16,75.37982940673828
2015-11-17,76.11956787109375
2015-11-18,76.88517761230469
2015-11-19,76.92819213867188
2015-11-20,76.92819213867188
2015-11-23,77.54753112792969
2015-11-24,76.99699401855469
2015-11-25,78.0120620727539
2015-11-27,77.50453186035156
2015-11-30,77.50453186035156
2015-12-01,77.84001159667969
2015-12-02,77.93461608886719
2015-12-03,76.2916259765625
2015-12-04,77.68517303466797
2015-12-07,77.64214324951172
2015-12-08,77.64214324951172
2015-12-09,76.08515930175781
2015-12-10,76.52388000488281
2015-12-11,75.54325103759766
2015-12-14,75.54325103759766
2015-12-15,76.43782806396484
2015-12-16,76.43782806396484
2015-12-17,76.43782806396484
2015-12-18,75.51191711425781
2015-12-21,75.40816497802734
2015-12-22,75.53784942626953
2015-12-23,76.71365356445312
2015-12-24,76.71365356445312
2015-12-28,77.71656799316406
2015-12-29,80.70799255371094
2015-12-30,78.3217544555664
2015-12-31,77.87218475341797
2016-01-04,74.52627563476562
2016-01-05,75.00177001953125
2016-01-06,75.00177001953125
2016-01-07,72.83171844482422
2016-01-08,72.8576431274414
2016-01-11,72.62423706054688
2016-01-12,72.8663101196289
2016-01-13,72.8663101196289
2016-01-14,71.68186950683594
2016-01-15,71.21495056152344
2016-01-19,70.23799896240234
2016-01-20,69.25237274169922
2016-01-21,69.25237274169922
2016-01-22,71.34465026855469
2016-01-25,70.3763198852539
2016-01-26,71.18038940429688
2016-01-27,71.45703887939453
2016-01-28,71.04204559326172
2016-01-29,72.23513793945312
2016-02-01,72.71066284179688
2016-02-02,71.560791015625
2016-02-03,71.560791015625
2016-02-04,71.10256958007812
2016-02-05,69.42529296875
2016-02-08,67.9987564086914
2016-02-09,68.75958251953125
2016-02-10,69.66739654541016
2016-02-11,69.66739654541016
2016-02-12,69.32154083251953
2016-02-16,69.32154083251953
2016-02-17,69.32154083251953
2016-02-18,71.28416442871094
2016-02-19,71.28416442871094
2016-02-22,73.92108154296875
2016-02-23,71.70780181884766
2016-02-24,71.70780181884766
2016-02-25,72.16598510742188
2016-02-26,73.04786682128906
2016-02-29,73.04786682128906
2016-03-01,73.4369125366211
2016-03-02,73.4369125366211
2016-03-03,73.67900848388672
2016-03-04,73.67900848388672
2016-03-07,73.67900848388672
2016-03-08,73.67900848388672
2016-03-09,73.96431732177734
2016-03-10,73.96431732177734
2016-03-11,74.75970458984375
2016-03-14,75.20064544677734
2016-03-15,74.86346435546875
2016-03-16,75.30438995361328
2016-03-17,75.62427520751953
2016-03-18,75.78752899169922
2016-03-21,75.77012634277344
2016-03-22,75.96115112304688
2016-03-23,75.87432861328125
2016-03-24,75.26659393310547
2016-03-28,75.56178283691406
2016-03-29,75.9438247680664
2016-03-30,76.61234283447266
2016-03-31,76.55154418945312
2016-04-01,77.11592102050781
2016-04-04,77.11592102050781
2016-04-05,76.63835906982422
2016-04-06,76.7425765991211
2016-04-07,77.81916809082031
2016-04-08,76.48208618164062
2016-04-11,76.25635528564453
2016-04-12,76.03929901123047
2016-04-13,76.03929901123047
2016-04-14,77.33295440673828
2016-04-15,77.33295440673828
2016-04-18,78.22723388671875
2016-04-19,78.22723388671875
2016-04-20,78.22723388671875
2016-04-21,78.22723388671875
2016-04-22,78.22723388671875
2016-04-25,76.2476806640625
2016-04-26,76.2476806640625
2016-04-27,77.1419677734375
2016-04-28,78.32272338867188
2016-04-29,78.32272338867188
2016-05-02,78.32272338867188
2016-05-03,77.05513763427734
2016-05-04,77.05513763427734
2016-05-05,76.32583618164062
2016-05-06,76.48208618164062
2016-05-09,77.4371337890625
2016-05-10,77.69761657714844
2016-05-11,77.69761657714844
2016-05-12,77.53266906738281
2016-05-13,76.91622161865234
2016-05-16,77.06380462646484
2016-05-17,76.18687438964844
2016-05-18,76.54289245605469
2016-05-19,75.87432861328125
2016-05-20,75.87432861328125
2016-05-23,75.87432861328125
2016-05-24,75.87432861328125
2016-05-25,77.59343719482422
2016-05-26,77.59343719482422
2016-05-27,77.9146728515625
2016-05-31,77.9146728515625
2016-06-01,78.14910125732422
2016-06-02,78.41822052001953
2016-06-03,78.46163177490234
2016-06-06,78.22723388671875
2016-06-07,78.76554107666016
2016-06-08,78.76554107666016
2016-06-09,78.60926818847656
2016-06-10,78.60926818847656
2016-06-13,78.60926818847656
2016-06-14,77.88862609863281
2016-06-15,77.96676635742188
2016-06-16,77.96676635742188
2016-06-17,78.34453582763672
2016-06-20,78.34453582763672
2016-06-21,78.77202606201172
2016-06-22,78.64989471435547
2016-06-23,79.23441314697266
2016-06-24,76.82649993896484
2016-06-27,75.15141296386719
2016-06-28,76.74797058105469
2016-06-29,77.26270294189453
2016-06-30,78.876708984375
2016-07-01,78.876708984375
2016-07-05,78.876708984375
2016-07-06,79.3914566040039
2016-07-07,79.3914566040039
2016-07-08,79.9934310913086
2016-07-11,80.57795715332031
2016-07-12,80.8309555053711
2016-07-13,80.8309555053711
2016-07-14,80.8309555053711
2016-07-15,81.31954956054688
2016-07-18,81.31954956054688
2016-07-19,81.50274658203125
2016-07-20,81.50274658203125
2016-07-21,81.50274658203125
2016-07-22,81.50274658203125
2016-07-25,81.50274658203125
2016-07-26,81.48529052734375
2016-07-27,81.48529052734375
2016-07-28,81.48529052734375
2016-07-29,81.35442352294922
2016-08-01,81.35442352294922
2016-08-02,81.35442352294922
2016-08-03,80.52559661865234
2016-08-04,80.52559661865234
2016-08-05,80.52559661865234
2016-08-08,80.98799896240234
2016-08-09,81.79937744140625
2016-08-10,81.79937744140625
2016-08-11,81.79937744140625
2016-08-12,81.79937744140625
2016-08-15,83.09925842285156
2016-08-16,83.09925842285156
2016-08-17,80.92692565917969
2016-08-18,81.48529052734375
2016-08-19,81.13632202148438
2016-08-22,81.13632202148438
2016-08-23,81.13632202148438
2016-08-24,81.08393859863281
2016-08-25,81.08393859863281
2016-08-26,81.13632202148438
2016-08-29,80.455810546875
2016-08-30,80.455810546875
2016-08-31,80.455810546875
2016-09-01,80.455810546875
2016-09-02,80.455810546875
2016-09-06,81.50274658203125
2016-09-07,81.50274658203125
2016-09-08,81.50274658203125
2016-09-09,81.50274658203125
2016-09-12,81.50274658203125
2016-09-13,79.5659408569336
2016-09-14,78.60626983642578
2016-09-15,79.9934310913086
2016-09-16,80.41087341308594
2016-09-19,79.5514144897461
2016-09-20,79.5514144897461
2016-09-21,79.5514144897461
2016-09-22,79.5514144897461
2016-09-23,80.91075134277344
2016-09-26,80.24425506591797
2016-09-27,80.24425506591797
2016-09-28,80.8581314086914
2016-09-29,80.8581314086914
2016-09-30,80.8581314086914
2016-10-03,80.8581314086914
2016-10-04,80.8581314086914
2016-10-05,80.8581314086914
2016-10-06,80.8581314086914
2016-10-07,80.08636474609375
2016-10-10,80.34073638916016
2016-10-11,79.63035583496094
2016-10-12,79.63035583496094
2016-10-13,79.03401947021484
2016-10-14,79.03401947021484
2016-10-17,79.03401947021484
2016-10-18,79.03401947021484
2016-10-19,79.03401947021484
2016-10-20,79.03401947021484
2016-10-21,79.03401947021484
2016-10-24,79.98118591308594
2016-10-25,79.98118591308594
2016-10-26,79.98118591308594
2016-10-27,79.41986083984375
2016-10-28,78.72705078125
2016-10-31,78.72705078125
2016-11-01,78.72705078125
2016-11-02,78.72705078125
2016-11-03,78.72705078125
2016-11-04,78.72705078125
2016-11-07,78.72705078125
2016-11-08,78.72705078125
2016-11-09,78.95506286621094
2016-11-10,78.95506286621094
2016-11-11,78.95506286621094
2016-11-14,78.95506286621094
2016-11-15,78.95506286621094
2016-11-16,80.26178741455078
2016-11-17,80.26178741455078
2016-11-18,80.5336685180664
2016-11-21,80.5336685180664
2016-11-22,80.5336685180664
2016-11-23,80.5336685180664
2016-11-25,80.5336685180664
2016-11-28,80.5336685180664
2016-11-29,80.5336685180664
2016-11-30,80.5336685180664
2016-12-01,80.5336685180664
2016-12-02,81.10369110107422
2016-12-05,81.10369110107422
2016-12-06,81.48079681396484
2016-12-07,81.48079681396484
2016-12-08,82.84889221191406
2016-12-09,82.84889221191406
2016-12-12,83.3487777709961
2016-12-13,83.3487777709961
2016-12-14,83.60310363769531
2016-12-15,83.60310363769531
2016-12-16,85.05809783935547
2016-12-19,83.39046478271484
2016-12-20,83.39046478271484
2016-12-21,83.39046478271484
2016-12-22,83.27572631835938
2016-12-23,83.27572631835938
2016-12-27,83.27572631835938
2016-12-28,83.27572631835938
2016-12-29,83.00224304199219
2016-12-30,82.74633026123047
2017-01-03,83.40809631347656
2017-01-04,83.40809631347656
2017-01-05,83.74340057373047
2017-01-06,84.10514831542969
2017-01-09,83.70809936523438
2017-01-10,83.52281188964844
2017-01-11,83.88455963134766
2017-01-12,83.75221252441406
2017-01-13,84.10514831542969
2017-01-17,83.92869567871094
2017-01-18,83.92869567871094
2017-01-19,83.71693420410156
2017-01-20,83.71693420410156
2017-01-23,83.98164367675781
2017-01-24,84.62574005126953
2017-01-25,84.62574005126953
2017-01-26,85.38457489013672
2017-01-27,85.4286880493164
2017-01-30,84.47576141357422
2017-01-31,84.7228012084961
2017-02-01,84.85515594482422
2017-02-02,84.85515594482422
2017-02-03,84.85515594482422
2017-02-06,84.9698715209961
2017-02-07,85.11103057861328
2017-02-08,85.11103057861328
2017-02-09,85.11103057861328
2017-02-10,85.11103057861328
2017-02-13,86.76102447509766
2017-02-14,86.76102447509766
2017-02-15,86.76102447509766
2017-02-16,86.76102447509766
2017-02-17,87.17572784423828
2017-02-21,87.17572784423828
2017-02-22,87.17572784423828
2017-02-23,87.36103057861328
2017-02-24,87.36103057861328
2017-02-27,87.6610336303711
2017-02-28,87.6610336303711
2017-03-01,88.52572631835938
2017-03-02,88.34925079345703
2017-03-03,88.29632568359375
2017-03-06,88.09337615966797
2017-03-07,87.90806579589844
2017-03-08,87.6610336303711
2017-03-09,87.42276000976562
2017-03-10,87.66985321044922
2017-03-13,87.76688385009766
2017-03-14,87.76688385009766
2017-03-15,87.76688385009766
2017-03-16,88.12864685058594
2017-03-17,88.09054565429688
2017-03-20,88.09054565429688
2017-03-21,86.72606658935547
2017-03-22,86.72606658935547
2017-03-23,86.72606658935547
2017-03-24,86.72606658935547
2017-03-27,85.7868423461914
2017-03-28,85.7868423461914
2017-03-29,85.7868423461914
2017-03-30,85.7868423461914
2017-03-31,85.7868423461914
2017-04-03,86.4690933227539
2017-04-04,87.28426361083984
2017-04-05,87.68299865722656
2017-04-06,87.68299865722656
2017-04-07,87.01844787597656
2017-04-10,87.01844787597656
2017-04-11,87.01844787597656
2017-04-12,86.548828125
2017-04-13,86.04380798339844
2017-04-17,86.04380798339844
2017-04-18,86.04380798339844
2017-04-19,86.34504699707031
2017-04-20,87.1513671875
2017-04-21,86.61085510253906
2017-04-24,86.61085510253906
2017-04-25,88.38294219970703
2017-04-26,88.38294219970703
2017-04-27,88.62216186523438
2017-04-28,88.45382690429688
2017-05-01,88.45382690429688
2017-05-02,88.45382690429688
2017-05-03,88.89685821533203
2017-05-04,88.7816390991211
2017-05-05,88.7816390991211
2017-05-08,89.1803970336914
2017-05-09,89.34871673583984
2017-05-10,89.34871673583984
2017-05-11,89.34871673583984
2017-05-12,89.34871673583984
2017-05-15,89.38418579101562
2017-05-16,89.58796691894531
2017-05-17,89.58796691894531
2017-05-18,87.34626007080078
2017-05-19,87.34626007080078
2017-05-22,87.34626007080078
2017-05-23,89.26013946533203
2017-05-24,89.3221664428711
2017-05-25,89.3221664428711
2017-05-26,90.11958312988281
2017-05-30,90.11958312988281
2017-05-31,90.11958312988281
2017-06-01,90.44743347167969
2017-06-02,90.57149505615234
2017-06-05,90.57149505615234
2017-06-06,90.84616088867188
2017-06-07,91.02336120605469
2017-06-08,91.3069076538086
2017-06-09,90.87275695800781
2017-06-12,90.18163299560547
2017-06-13,90.18163299560547
2017-06-14,90.61579132080078
2017-06-15,90.46513366699219
2017-06-16,90.55146789550781
2017-06-19,91.68148803710938
2017-06-20,91.68148803710938
2017-06-21,91.68148803710938
2017-06-22,90.80059051513672
2017-06-23,90.7739028930664
2017-06-26,91.12980651855469
2017-06-27,90.79169464111328
2017-06-28,90.72941589355469
2017-06-29,90.72941589355469
2017-06-30,90.72941589355469
2017-07-03,90.79169464111328
2017-07-05,91.07643127441406
2017-07-06,90.48029327392578
2017-07-07,90.48029327392578
2017-07-10,90.48029327392578
2017-07-11,90.48029327392578
2017-07-12,91.91279602050781
2017-07-13,91.91279602050781
2017-07-14,91.95729064941406
2017-07-17,92.36656951904297
2017-07-18,92.58901977539062
2017-07-19,92.58901977539062
2017-07-20,92.58901977539062
2017-07-21,92.73140716552734
2017-07-24,92.84706115722656
2017-07-25,93.64786529541016
2017-07-26,93.73680114746094
2017-07-27,92.55342102050781
2017-07-28,92.55342102050781
2017-07-31,92.83817291259766
2017-08-01,92.89154815673828
2017-08-02,93.09617614746094
2017-08-03,93.09617614746094
2017-08-04,93.09617614746094
2017-08-07,93.09617614746094
2017-08-08,93.77242279052734
2017-08-09,93.2296371459961
2017-08-10,92.04627990722656
2017-08-11,92.04627990722656
2017-08-14,92.83817291259766
2017-08-15,92.95382690429688
2017-08-16,92.95382690429688
2017-08-17,91.57469177246094
2017-08-18,91.9661636352539
2017-08-21,91.9661636352539
2017-08-22,91.9661636352539
2017-08-23,92.00178527832031
2017-08-24,92.00178527832031
2017-08-25,92.00178527832031
2017-08-28,92.00178527832031
2017-08-29,92.00178527832031
2017-08-30,92.00178527832031
2017-08-31,93.02497863769531
2017-09-01,93.02497863769531
2017-09-05,92.17084503173828
2017-09-06,92.17084503173828
2017-09-07,92.17084503173828
2017-09-08,92.79364776611328
2017-09-11,92.79364776611328
2017-09-12,93.95034790039062
2017-09-13,94.04821014404297
2017-09-14,93.64786529541016
2017-09-15,93.86585998535156
2017-09-18,94.44664001464844
2017-09-19,94.77727508544922
2017-09-20,94.51815032958984
2017-09-21,94.38410186767578
2017-09-22,94.39305114746094
2017-09-25,94.2947769165039
2017-09-26,94.1607437133789
2017-09-27,94.3126220703125
2017-09-28,94.63432312011719
2017-09-29,95.09895324707031
2017-10-02,95.09895324707031
2017-10-03,95.88524627685547
2017-10-04,95.86740112304688
2017-10-05,96.9574966430664
2017-10-06,96.76985931396484
2017-10-09,96.9664306640625
2017-10-10,97.18087768554688
2017-10-11,97.18087768554688
2017-10-12,97.10939025878906
2017-10-13,97.47573852539062
2017-10-16,97.47573852539062
2017-10-17,97.37745666503906
2017-10-18,97.37745666503906
2017-10-19,97.37745666503906
2017-10-20,97.78849029541016
2017-10-23,97.78849029541016
2017-10-24,97.93145751953125
2017-10-25,97.44000244140625
2017-10-26,97.44000244140625
2017-10-27,98.57479858398438
2017-10-30,98.6283950805664
2017-10-31,98.94113159179688
2017-11-01,98.99476623535156
2017-11-02,98.896484375
2017-11-03,99.04838562011719
2017-11-06,99.04838562011719
2017-11-07,99.15558624267578
2017-11-08,99.07514953613281
2017-11-09,98.53013610839844
2017-11-10,98.6373291015625
2017-11-13,98.6283950805664
2017-11-14,98.88752746582031
2017-11-15,98.53013610839844
2017-11-16,98.53013610839844
2017-11-17,98.53013610839844
2017-11-20,99.03050231933594
2017-11-21,100.10275268554688
2017-11-22,100.07593536376953
2017-11-24,99.97765350341797
2017-11-27,99.97765350341797
2017-11-28,101.21073150634766
2017-11-29,100.88011169433594
2017-11-30,101.87194061279297
2017-12-01,101.33583068847656
2017-12-04,101.76465606689453
2017-12-05,101.60388946533203
2017-12-06,100.59416198730469
2017-12-07,101.06774139404297
2017-12-08,101.72897338867188
2017-12-11,101.72004699707031
2017-12-12,102.14894104003906
2017-12-13,102.10425567626953
2017-12-14,101.96128845214844
2017-12-15,102.48519897460938
2017-12-18,102.99654388427734
2017-12-19,102.51212310791016
2017-12-20,102.62875366210938
2017-12-21,102.62875366210938
2017-12-22,102.73640441894531
2017-12-26,102.32369995117188
2017-12-27,102.53900909423828
2017-12-28,102.53900909423828
2017-12-29,102.9427490234375
2018-01-02,103.1669921875
2018-01-03,103.91160583496094
2018-01-04,104.5395736694336
2018-01-05,105.39183807373047
2018-01-08,105.25725555419922
2018-01-09,105.83140563964844
2018-01-10,105.75065612792969
2018-01-11,106.36968994140625
2018-01-12,106.36968994140625
2018-01-16,108.29845428466797
2018-01-17,108.1728515625
2018-01-18,107.84989929199219
2018-01-19,107.84989929199219
2018-01-22,109.15070343017578
2018-01-23,110.81932830810547
2018-01-24,109.8145523071289
2018-01-25,109.80558776855469
2018-01-26,110.43356323242188
2018-01-29,110.5501708984375
2018-01-30,109.10582733154297
2018-01-31,109.10582733154297
2018-02-01,108.6483154296875
2018-02-02,106.96175384521484
2018-02-05,104.69207763671875
2018-02-06,104.05513763427734
2018-02-07,104.87149810791016
2018-02-08,100.64614868164062
2018-02-09,100.14376068115234
2018-02-12,102.69153594970703
2018-02-13,103.5168685913086
2018-02-14,105.09576416015625
2018-02-15,106.71952819824219
2018-02-16,107.1142807006836
2018-02-20,106.235107421875
2018-02-21,107.06941223144531
2018-02-22,106.4234848022461
2018-02-23,106.75541687011719
2018-02-26,109.09685516357422
2018-02-27,109.09685516357422
2018-02-28,108.4868392944336
2018-03-01,105.07784271240234
2018-03-02,104.79973602294922
2018-03-05,106.8989486694336
2018-03-06,107.28470611572266
2018-03-07,107.58075714111328
2018-03-08,107.65251159667969
2018-03-09,109.8145523071289
2018-03-12,109.94014739990234
2018-03-13,109.40185546875
2018-03-14,108.3163833618164
2018-03-15,108.3163833618164
2018-03-16,108.50477600097656
2018-03-19,107.62364196777344
2018-03-20,107.7226333618164
2018-03-21,108.77568817138672
2018-03-22,105.02263641357422
2018-03-23,103.15057373046875
2018-03-26,104.40161895751953
2018-03-27,103.53760528564453
2018-03-28,102.07958984375
2018-03-29,104.39263153076172
2018-04-02,100.45955657958984
2018-04-03,102.50254821777344
2018-04-04,103.23158264160156
2018-04-05,103.23158264160156
2018-04-06,102.3945541381836
2018-04-09,103.57359313964844
2018-04-10,104.27562713623047
2018-04-11,104.11361694335938
2018-04-12,104.66260528564453
2018-04-13,104.5635986328125
2018-04-16,105.03160858154297
2018-04-17,106.56166076660156
2018-04-18,106.8316421508789
2018-04-19,105.9676284790039
2018-04-20,105.12164306640625
2018-04-23,104.82463073730469
2018-04-24,103.61859130859375
2018-04-25,103.61859130859375
2018-04-26,103.61859130859375
2018-04-27,104.62662506103516
2018-04-30,104.62662506103516
2018-05-01,104.30264282226562
2018-05-02,103.66357421875
2018-05-03,103.63658142089844
2018-05-04,105.08560943603516
2018-05-07,105.5266342163086
2018-05-08,105.78762817382812
2018-05-09,105.78762817382812
2018-05-10,107.7226333618164
2018-05-11,107.98365783691406
2018-05-14,108.10967254638672
2018-05-15,107.00265502929688
2018-05-16,107.7226333618164
2018-05-17,107.82168579101562
2018-05-18,107.8936767578125
2018-05-21,108.61366271972656
2018-05-22,108.97368621826172
2018-05-23,108.58667755126953
2018-05-24,108.58667755126953
2018-05-25,108.0556411743164
2018-05-29,106.6966323852539
2018-05-30,108.40666961669922
2018-05-31,107.7226333618164
2018-06-01,108.73966979980469
2018-06-04,109.44168853759766
2018-06-05,109.94569396972656
2018-06-06,110.71969604492188
2018-06-07,110.26070404052734
2018-06-08,110.69269561767578
2018-06-11,110.72872161865234
2018-06-12,110.60271453857422
2018-06-13,110.84571838378906
2018-06-14,110.64771270751953
2018-06-15,110.82772064208984
2018-06-18,110.6904296875
2018-06-19,110.6904296875
2018-06-20,110.36530303955078
2018-06-21,110.11241149902344
2018-06-22,109.4982681274414
2018-06-25,107.59262084960938
2018-06-26,108.107421875
2018-06-27,106.70752716064453
2018-06-28,106.96041870117188
2018-06-29,107.8545150756836
2018-07-02,107.42101287841797
2018-07-03,107.90869140625
2018-07-05,108.04419708251953
2018-07-06,109.00151824951172
2018-07-09,110.1304931640625
2018-07-10,110.43753814697266
2018-07-11,110.0130844116211
2018-07-12,110.78075408935547
2018-07-13,111.1690902709961
2018-07-16,110.87108612060547
2018-07-17,111.46713256835938
2018-07-18,111.8193588256836
2018-07-19,111.53936767578125
2018-07-20,111.17813873291016
2018-07-23,111.53036499023438
2018-07-24,111.90062713623047
2018-07-25,112.91218566894531
2018-07-26,112.89411163330078
2018-07-27,111.54841613769531
2018-07-30,110.69945526123047
2018-07-31,110.69945526123047
2018-08-01,111.23233795166016
2018-08-02,112.17159271240234
2018-08-03,112.06322479248047
2018-08-06,112.66831970214844
2018-08-07,113.25536346435547
2018-08-08,113.22830200195312
2018-08-09,113.60758972167969
2018-08-10,112.71350860595703
2018-08-13,112.14448547363281
2018-08-14,113.15603637695312
2018-08-15,111.68388366699219
2018-08-16,112.5780029296875
2018-08-17,112.84898376464844
2018-08-20,113.43601989746094
2018-08-21,113.70695495605469
2018-08-22,113.84243774414062
2018-08-23,113.79727935791016
2018-08-24,114.64627075195312
2018-08-27,115.55841827392578
2018-08-28,115.8926010131836
2018-08-29,116.46156311035156
2018-08-30,115.83840942382812
2018-08-31,116.00999450683594
2018-09-04,116.19063568115234
2018-09-05,115.49520874023438
2018-09-06,115.20619201660156
2018-09-07,114.52883911132812
2018-09-10,114.74559020996094
2018-09-11,115.33262634277344
2018-09-12,115.3687515258789
2018-09-13,115.88355255126953
2018-09-14,115.99193572998047
2018-09-17,115.02555847167969
2018-09-18,115.72100067138672
2018-09-19,115.43196868896484
2018-09-20,116.36225128173828
2018-09-21,116.42543029785156
2018-09-24,116.18795776367188
2018-09-25,116.30580139160156
2018-09-26,115.89791870117188
2018-09-27,116.36924743652344
2018-09-28,116.33297729492188
2018-10-01,116.82247161865234
2018-10-02,116.39646911621094
2018-10-03,116.66838836669922
2018-10-04,115.43561553955078
2018-10-05,114.73764038085938
2018-10-08,114.1484603881836
2018-10-09,114.19378662109375
2018-10-10,110.314208984375
2018-10-11,108.16593170166016
2018-10-12,110.4864501953125
2018-10-15,109.57998657226562
2018-10-16,111.53789520263672
2018-10-17,110.97592163085938
2018-10-18,109.462158203125
2018-10-19,108.98172760009766
2018-10-22,108.91830444335938
2018-10-23,108.57382202148438
2018-10-24,106.5978012084961
2018-10-25,106.96038055419922
2018-10-26,105.96328735351562
2018-10-29,103.4705581665039
2018-10-30,105.03870391845703
2018-10-31,107.12354278564453
2018-11-01,107.99370574951172
2018-11-02,107.19603729248047
2018-11-05,106.87879180908203
2018-11-06,106.87879180908203
2018-11-07,110.77649688720703
2018-11-08,110.44110870361328
2018-11-09,109.07238006591797
2018-11-12,109.80661010742188
2018-11-13,106.5615463256836
2018-11-14,105.73665618896484
2018-11-15,106.77908325195312
2018-11-16,107.19603729248047
2018-11-19,104.93899536132812
2018-11-20,102.62757873535156
2018-11-21,103.39803314208984
2018-11-23,103.02640533447266
2018-11-26,104.24102020263672
2018-11-27,104.52202606201172
2018-11-28,107.46796417236328
2018-11-29,107.2776107788086
2018-11-30,108.12062072753906
2018-12-03,109.4712142944336
2018-12-04,105.8907699584961
2018-12-06,104.71237182617188
2018-12-07,103.3708267211914
2018-12-10,103.33460998535156
2018-12-11,103.26206970214844
2018-12-12,103.74249267578125
2018-12-13,103.80593872070312
2018-12-14,101.75739288330078
2018-12-17,99.23748779296875
2018-12-18,99.70877838134766
2018-12-19,98.27664184570312
2018-12-20,96.6087646484375
2018-12-21,94.28826904296875
2018-12-24,91.83509063720703
2018-12-26,96.32443237304688
2018-12-27,97.0164794921875
2018-12-28,97.25323486328125
2018-12-31,98.19116973876953
2019-01-02,98.21847534179688
2019-01-03,95.70519256591797
2019-01-04,99.02890014648438
2019-01-07,99.92131042480469
2019-01-08,101.06867980957031
2019-01-09,101.63326263427734
2019-01-10,102.12499237060547
2019-01-11,101.95198822021484
2019-01-14,101.2872314453125
2019-01-15,102.64403533935547
2019-01-16,102.92632293701172
2019-01-17,103.55464935302734
2019-01-18,104.77487182617188
2019-01-22,103.52734375
2019-01-23,103.8824691772461
2019-01-24,104.0008544921875
2019-01-25,104.53813934326172
2019-01-28,103.65484619140625
2019-01-29,103.77320861816406
2019-01-30,105.23928833007812
2019-01-31,106.43217468261719
2019-02-01,106.2591552734375
2019-02-04,107.12425231933594
2019-02-05,107.67972564697266
2019-02-06,107.4429931640625
2019-02-07,106.98762512207031
2019-02-08,106.45038604736328
2019-02-11,107.04230499267578
2019-02-12,108.26251220703125
2019-02-13,108.66319274902344
2019-02-14,108.49927520751953
2019-02-15,109.50093078613281
2019-02-19,109.8560791015625
2019-02-20,109.7286148071289
2019-02-21,110.16567993164062
2019-02-22,110.56636047363281
2019-02-25,110.52082061767578
2019-02-26,110.33871459960938
2019-02-27,110.43887329101562
2019-02-28,110.10194396972656
2019-03-01,110.82133483886719
2019-03-04,110.10194396972656
2019-03-05,110.40247344970703
2019-03-06,109.564697265625
2019-03-07,108.5721206665039
2019-03-08,108.49015045166016
2019-03-11,109.94712829589844
2019-03-12,110.32049560546875
2019-03-13,111.0762939453125
2019-03-14,111.04898071289062
2019-03-15,111.52252197265625
2019-03-18,111.95124053955078
2019-03-19,111.99691772460938
2019-03-20,111.5216064453125
2019-03-21,113.0755844116211
2019-03-22,111.3296127319336
2019-03-25,111.32048034667969
2019-03-26,111.75011444091797
2019-03-27,111.59473419189453
2019-03-28,111.89637756347656
2019-03-29,112.81047058105469
2019-04-01,113.53263092041016
2019-04-02,113.6148910522461
2019-04-03,113.89826202392578
2019-04-04,113.81598663330078
2019-04-05,114.36447143554688
2019-04-08,114.39190673828125
2019-04-09,113.82514190673828
2019-04-10,114.29134368896484
2019-04-11,114.30963134765625
2019-04-12,114.90381622314453
2019-04-15,114.97692108154297
2019-04-16,114.46501922607422
2019-04-17,114.02625274658203
2019-04-18,114.33704376220703
2019-04-22,114.64785766601562
2019-04-23,115.61680603027344
2019-04-24,115.62596130371094
2019-04-25,115.77220916748047
2019-04-26,116.21097564697266
2019-04-29,116.2384262084961
2019-04-30,116.54003143310547
2019-05-01,115.4339599609375
2019-05-02,115.34258270263672
2019-05-03,116.55835723876953
2019-05-06,115.9001693725586
2019-05-07,113.90741729736328
2019-05-08,113.98056030273438
2019-05-09,113.52349090576172
2019-05-10,114.03538513183594
2019-05-13,111.62214660644531
2019-05-14,112.61852264404297
2019-05-15,113.29497528076172
2019-05-16,114.34620666503906
2019-05-17,113.8617172241211
2019-05-20,112.91101837158203
2019-05-21,113.93484497070312
2019-05-22,113.70630645751953
2019-05-23,112.34427642822266
2019-05-24,112.63682556152344
2019-05-28,111.87811279296875
2019-05-29,110.94569396972656
2019-05-30,111.36621856689453
2019-05-31,110.168701171875
2019-06-03,109.67509460449219
2019-06-04,111.78668975830078
2019-06-05,113.0481948852539
2019-06-06,113.89826202392578
2019-06-07,115.25118255615234
2019-06-10,115.66251373291016
2019-06-11,115.52539825439453
2019-06-12,115.42483520507812
2019-06-13,115.65335083007812
2019-06-14,115.79049682617188
2019-06-17,115.79964447021484
2019-06-18,116.8234634399414
2019-06-19,117.46333312988281
2019-06-20,118.54195404052734
2019-06-21,118.24943542480469
2019-06-24,118.04474639892578
2019-06-25,117.02586364746094
2019-06-26,116.42920684814453
2019-06-27,116.97077941894531
2019-06-28,117.35633087158203
2019-07-01,118.32930755615234
2019-07-02,118.80663299560547
2019-07-03,119.85308074951172
2019-07-05,119.58686065673828
2019-07-08,119.18297576904297
2019-07-09,119.29312133789062
2019-07-10,119.76126098632812
2019-07-11,119.80715942382812
2019-07-12,120.32121276855469
2019-07-15,120.54151916503906
2019-07-16,120.1743392944336
2019-07-17,119.52262878417969
2019-07-18,119.85308074951172
2019-07-19,119.10952758789062
2019-07-22,119.39410400390625
2019-07-23,119.9173355102539
2019-07-24,120.43134307861328
2019-07-25,120.01828002929688
2019-07-26,120.73428344726562
2019-07-29,120.46806335449219
2019-07-30,120.13763427734375
2019-07-31,118.8984146118164
2019-08-01,118.22835540771484
2019-08-02,117.37467193603516
2019-08-05,114.19866180419922
2019-08-06,115.66732788085938
2019-08-07,116.181396484375
2019-08-08,118.22835540771484
2019-08-09,117.79692077636719
2019-08-12,116.85147094726562
2019-08-13,117.98966979980469
2019-08-14,115.09822845458984
2019-08-15,115.44705200195312
2019-08-16,117.08094787597656
2019-08-19,118.41192626953125
2019-08-20,117.48481750488281
2019-08-21,118.4853515625
2019-08-22,118.4853515625
2019-08-23,115.14413452148438
2019-08-26,116.69541931152344
2019-08-27,116.78720092773438
2019-08-28,117.31957244873047
2019-08-29,118.65055847167969
2019-08-30,118.6689453125
2019-09-03,117.95295715332031
2019-09-04,118.99020385742188
2019-09-05,120.51398468017578
2019-09-06,120.49560546875
2019-09-09,119.742919921875
2019-09-10,119.17379760742188
2019-09-11,120.05499267578125
2019-09-12,120.52314758300781
2019-09-13,120.21104431152344
2019-09-16,119.62357330322266
2019-09-17,120.31200408935547
2019-09-18,120.47723388671875
2019-09-19,120.55064392089844
2019-09-20,120.1651382446289
2019-09-23,120.05826568603516
2019-09-24,119.2103500366211
2019-09-25,119.78176879882812
2019-09-26,119.9384536743164
2019-09-27,118.84173583984375
2019-09-30,119.66194915771484
2019-10-01,118.33483123779297
2019-10-02,116.29808807373047
2019-10-03,117.16439819335938
2019-10-04,119.06290435791016
2019-10-07,119.04448699951172
2019-10-08,116.74964904785156
2019-10-09,117.87403869628906
2019-10-10,118.3532485961914
2019-10-11,119.45919036865234
2019-10-14,119.1919174194336
2019-10-15,120.06745147705078
2019-10-16,119.86468505859375
2019-10-17,120.1688232421875
2019-10-18,119.79096984863281
2019-10-21,120.30707550048828
2019-10-22,119.44998168945312
2019-10-23,119.48684692382812
2019-10-24,120.0951156616211
2019-10-25,120.3163070678711
2019-10-28,120.99830627441406
2019-10-29,120.91532897949219
2019-10-30,121.3945541381836
2019-10-31,120.94300842285156
2019-11-01,121.80931854248047
2019-11-04,121.70794677734375
2019-11-05,121.43147277832031
2019-11-06,121.6618423461914
2019-11-07,121.72637939453125
2019-11-08,122.00285339355469
2019-11-11,121.8830337524414
2019-11-12,122.19638061523438
2019-11-13,122.6387710571289
2019-11-14,122.85993957519531
2019-11-15,123.62487030029297
2019-11-18,123.6801986694336
2019-11-19,123.85527038574219
2019-11-20,123.32077026367188
2019-11-21,122.83230590820312
2019-11-22,122.93363952636719
2019-11-25,123.77236938476562
2019-11-26,124.41747283935547
2019-11-27,124.90589904785156
2019-11-29,124.4358901977539
2019-12-02,123.28385162353516
2019-12-03,122.67564392089844
2019-12-04,123.43135070800781
2019-12-05,123.64332580566406
2019-12-06,124.56495666503906
2019-12-09,124.27002716064453
2019-12-10,123.99352264404297
2019-12-11,124.40825653076172
2019-12-12,125.25616455078125
2019-12-13,125.39437103271484
2019-12-16,126.1593017578125
2019-12-17,126.12242889404297
2019-12-18,126.15010070800781
2019-12-19,126.7306900024414
2019-12-20,127.45880889892578
2019-12-23,127.7152099609375
2019-12-24,127.27084350585938
2019-12-26,127.86333465576172
2019-12-27,127.90961456298828
2019-12-30,127.24309539794922
2019-12-31,127.63188934326172
2020-01-02,128.45574951171875
2020-01-03,128.1502685546875
2020-01-06,128.03915405273438
2020-01-07,127.77999877929688
2020-01-08,128.40017700195312
2020-01-09,129.307373046875
2020-01-10,129.05746459960938
2020-01-13,129.95533752441406
2020-01-14,129.77017211914062
2020-01-15,130.23301696777344
2020-01-16,131.4086456298828
2020-01-17,132.08438110351562
2020-01-21,131.8158721923828
2020-01-22,132.12136840820312
2020-01-23,132.18624877929688
2020-01-24,131.23275756835938
2020-01-27,128.9740753173828
2020-01-28,130.78843688964844
2020-01-29,130.79769897460938
2020-01-30,131.26051330566406
2020-01-31,128.54832458496094
2020-02-03,129.6220703125
2020-02-04,131.77894592285156
2020-02-05,132.92674255371094
2020-02-06,133.47291564941406
2020-02-07,132.71383666992188
2020-02-10,133.95423889160156
2020-02-11,133.88941955566406
2020-02-12,134.82437133789062
2020-02-13,134.8151092529297
2020-02-14,135.2131805419922
2020-02-18,134.74102783203125
2020-02-19,135.63897705078125
2020-02-20,134.96319580078125
2020-02-21,133.2229461669922
2020-02-24,128.76121520996094
2020-02-25,125.09552001953125
2020-02-26,124.69750213623047
2020-02-27,118.79169464111328
2020-02-28,117.14400482177734
2020-03-02,123.5404281616211
2020-03-03,120.48567962646484
2020-03-04,125.38249969482422
2020-03-05,121.13361358642578
2020-03-06,119.23603057861328
2020-03-09,110.76612091064453
2020-03-10,115.68145751953125
2020-03-11,110.13664245605469
2020-03-12,101.64820098876953
2020-03-13,107.69287872314453
2020-03-16,97.16795349121094
2020-03-17,101.5371322631836
2020-03-18,96.6773681640625
2020-03-19,97.16795349121094
2020-03-20,91.88237762451172
2020-03-23,89.72486877441406
2020-03-24,98.743896484375
2020-03-25,100.17725372314453
2020-03-26,106.30162811279297
2020-03-27,102.56930541992188
2020-03-30,105.72456359863281
2020-03-31,103.85375213623047
2020-04-01,99.11619567871094
2020-04-02,101.33139038085938
2020-04-03,99.81424713134766
2020-04-06,106.80424499511719
2020-04-07,107.47438049316406
2020-04-08,110.53657531738281
2020-04-09,112.30501556396484
2020-04-13,111.00196075439453
2020-04-14,114.75289154052734
2020-04-15,111.72793579101562
2020-04-16,112.56562805175781
2020-04-17,115.38581085205078
2020-04-20,113.9617691040039
2020-04-21,110.34111022949219
2020-04-22,113.04962158203125
2020-04-23,112.66802215576172
2020-04-24,114.14793395996094
2020-04-27,115.11589050292969
2020-04-28,114.02690124511719
2020-04-29,116.59579467773438
2020-04-30,116.20487976074219
2020-05-01,113.12407684326172
2020-05-04,114.01760864257812
2020-05-05,115.6278076171875
2020-05-06,115.31136322021484
2020-05-07,116.10248565673828
2020-05-08,117.72200775146484
2020-05-11,118.7179183959961
2020-05-12,116.5678939819336
2020-05-13,114.71566772460938
2020-05-14,115.55335235595703
2020-05-15,116.3724136352539
2020-05-18,119.17395782470703
2020-05-19,118.24323272705078
2020-05-20,119.65797424316406
2020-05-21,118.42007446289062
2020-05-22,118.9785385131836
2020-05-26,119.1926040649414
2020-05-27,120.4398193359375
2020-05-28,121.03550720214844
2020-05-29,121.66841125488281
2020-06-01,122.05004119873047
2020-06-02,122.48745727539062
2020-06-03,123.55782318115234
2020-06-04,122.53402709960938
2020-06-05,125.02845001220703
2020-06-08,125.50313568115234
2020-06-09,126.05226135253906
2020-06-10,127.00164794921875
2020-06-11,120.29090118408203
2020-06-12,121.18443298339844
2020-06-15,122.00350189208984
2020-06-16,124.14421081542969
2020-06-17,124.36763000488281
2020-06-18,124.01393127441406
2020-06-19,124.44208526611328
2020-06-22,125.01097869873047
2020-06-23,126.07596588134766
2020-06-24,123.2173843383789
2020-06-25,124.47850799560547
2020-06-26,121.88150024414062
2020-06-29,123.03052520751953
2020-06-30,125.32859802246094
2020-07-01,126.38422393798828
2020-07-02,126.76722717285156
2020-07-06,128.91578674316406
2020-07-07,128.5701904296875
2020-07-08,129.00926208496094
2020-07-09,129.10263061523438
2020-07-10,129.7565460205078
2020-07-13,128.40203857421875
2020-07-14,130.1115264892578
2020-07-15,130.6720733642578
2020-07-16,130.18626403808594
2020-07-17,130.7561492919922
2020-07-20,133.00755310058594
2020-07-21,132.1854705810547
2020-07-22,133.02618408203125
2020-07-23,130.5599365234375
2020-07-24,129.77529907226562
2020-07-27,131.3633575439453
2020-07-28,130.26104736328125
2020-07-29,131.8771514892578
2020-07-30,132.0733184814453
2020-07-31,133.7921905517578
2020-08-03,135.67922973632812
2020-08-04,135.87542724609375
2020-08-05,136.73483276367188
2020-08-06,137.86520385742188
2020-08-07,137.2579803466797
2020-08-10,136.93101501464844
2020-08-11,135.01597595214844
2020-08-12,137.6970977783203
2020-08-13,137.94927978515625
2020-08-14,137.70639038085938
2020-08-17,138.56581115722656
2020-08-18,139.31317138671875
2020-08-19,138.84609985351562
2020-08-20,139.85499572753906
2020-08-21,140.7331085205078
2020-08-24,141.34031677246094
2020-08-25,142.12506103515625
2020-08-26,144.1054229736328
2020-08-27,143.9746551513672
2020-08-28,144.6939697265625
2020-08-31,145.44137573242188
2020-09-01,146.63706970214844
2020-09-02,148.8043670654297
2020-09-03,142.16238403320312
2020-09-04,140.59295654296875
2020-09-08,135.87542724609375
2020-09-09,139.60275268554688
2020-09-10,136.8002471923828
2020-09-11,136.1649932861328
2020-09-14,138.0800323486328
2020-09-15,139.13565063476562
2020-09-16,137.6503448486328
2020-09-17,136.06224060058594
2020-09-18,134.61428833007812
2020-09-21,133.97933959960938
2020-09-22,136.18946838378906
2020-09-23,132.60260009765625
2020-09-24,133.21139526367188
2020-09-25,135.76805114746094
2020-09-28,137.81907653808594
2020-09-29,137.613037109375
2020-09-30,139.01779174804688
2020-10-01,139.80450439453125
2020-10-02,137.8096923828125
2020-10-05,140.4413299560547
2020-10-06,138.39035034179688
2020-10-07,140.85340881347656
2020-10-08,141.43405151367188
2020-10-09,143.13856506347656
2020-10-12,146.39764404296875
2020-10-13,145.9949188232422
2020-10-14,144.8898162841797
2020-10-15,144.2436065673828
2020-10-16,144.2436065673828
2020-10-19,141.52769470214844
2020-10-20,142.56724548339844
2020-10-21,142.14581298828125
2020-10-22,141.74307250976562
2020-10-23,142.42677307128906
2020-10-26,140.06671142578125
2020-10-27,140.70359802246094
2020-10-28,135.56204223632812
2020-10-29,137.7066650390625
2020-10-30,134.0823516845703
2020-11-02,135.505859375
2020-11-03,138.24989318847656
2020-11-04,142.90438842773438
2020-11-05,145.82638549804688
2020-11-06,146.088623046875
2020-11-09,144.2436065673828
2020-11-10,142.7545166015625
2020-11-11,145.03968811035156
2020-11-12,143.88775634765625
2020-11-13,145.3206329345703
2020-11-16,146.11669921875
2020-11-17,145.9480743408203
2020-11-18,144.3091583251953
2020-11-19,145.0490264892578
2020-11-20,144.09381103515625
2020-11-23,143.99081420898438
2020-11-24,145.470458984375
2020-11-25,145.85443115234375
2020-11-27,146.51939392089844
2020-11-30,146.42575073242188
2020-12-01,148.2987823486328
2020-12-02,147.90542602539062
2020-12-03,147.4091033935547
2020-12-04,148.0271759033203
2020-12-07,148.0646514892578
2020-12-08,149.08551025390625
2020-12-09,147.3060302734375
2020-12-10,147.3341827392578
2020-12-11,146.8846435546875
2020-12-14,146.97828674316406
2020-12-15,148.95437622070312
2020-12-16,149.77847290039062
2020-12-17,150.94918823242188
2020-12-18,150.15310668945312
2020-12-21,150.2939910888672
2020-12-22,150.80111694335938
2020-12-23,150.63206481933594
2020-12-24,150.80111694335938
2020-12-28,152.43527221679688
2020-12-29,151.63697814941406
2020-12-30,151.48670959472656
2020-12-31,152.2286834716797
2021-01-04,149.9746551513672
2021-01-05,151.0453338623047
2021-01-06,150.46307373046875
2021-01-07,152.3883056640625
2021-01-08,153.80645751953125
2021-01-11,152.50099182128906
2021-01-12,152.57614135742188
2021-01-13,153.07391357421875
2021-01-14,151.84364318847656
2021-01-15,151.05470275878906
2021-01-19,152.52919006347656
2021-01-20,155.21524047851562
2021-01-21,156.04161071777344
2021-01-22,156.09800720214844
2021-01-25,156.67088317871094
2021-01-26,156.38916015625
2021-01-27,152.3319549560547
2021-01-28,153.45896911621094
2021-01-29,150.7259979248047
2021-02-01,153.44017028808594
2021-02-02,154.5483856201172
2021-02-03,155.09307861328125
2021-02-04,156.4078826904297
2021-02-05,157.23440551757812
2021-02-08,158.40829467773438
2021-02-09,158.33316040039062
2021-02-10,157.9387664794922
2021-02-11,158.57740783691406
2021-02-12,159.4977569580078
2021-02-16,159.03761291503906
2021-02-17,158.6149444580078
2021-02-18,157.49732971191406
2021-02-19,157.1310577392578
2021-02-22,154.7362060546875
2021-02-23,154.52020263671875
2021-02-24,156.08856201171875
2021-02-25,151.69329833984375
2021-02-26,152.29437255859375
2021-03-01,155.7786865234375
2021-03-02,154.11642456054688
2021-03-03,150.98898315429688
2021-03-04,147.84275817871094
2021-03-05,150.67906188964844
2021-03-08,148.26539611816406
2021-03-09,152.2568359375
2021-03-10,152.62307739257812
2021-03-11,155.14002990722656
2021-03-12,154.86773681640625
2021-03-15,155.98529052734375
2021-03-16,156.1449737548828
2021-03-17,156.38916015625
2021-03-18,153.3556365966797
2021-03-19,153.881591796875
2021-03-22,155.19931030273438
2021-03-23,153.99453735351562
2021-03-24,152.68621826171875
2021-03-25,153.0815887451172
2021-03-26,155.25576782226562
2021-03-29,155.3404541015625
2021-03-30,154.58753967285156
2021-03-31,156.5358428955078
2021-04-01,158.37124633789062
2021-04-05,161.12908935546875
2021-04-06,160.9125518798828
2021-04-07,160.88433837890625
2021-04-08,162.13612365722656
2021-04-09,163.5762176513672
2021-04-12,163.7362518310547
2021-04-13,164.75274658203125
2021-04-14,163.56683349609375
2021-04-15,165.9010467529297
2021-04-16,166.39051818847656
2021-04-19,165.13865661621094
2021-04-20,163.1903076171875
2021-04-21,165.23281860351562
2021-04-22,163.70802307128906
2021-04-23,166.18344116210938
2021-04-26,166.83287048339844
2021-04-27,167.08702087402344
2021-04-28,166.83287048339844
2021-04-29,167.7364959716797
2021-04-30,166.1552276611328
2021-05-03,166.51287841796875
2021-05-04,165.1763458251953
2021-05-05,166.0045623779297
2021-05-06,166.96466064453125
2021-05-07,168.79066467285156
2021-05-10,166.35289001464844
2021-05-11,164.65869140625
2021-05-12,160.3478240966797
2021-05-13,162.65383911132812
2021-05-14,165.67518615722656
2021-05-17,165.0351104736328
2021-05-18,163.61387634277344
2021-05-19,162.64443969726562
2021-05-20,164.60218811035156
2021-05-21,164.5927734375
2021-05-24,166.55056762695312
2021-05-25,166.04226684570312
2021-05-26,166.8140411376953
2021-05-27,167.7364959716797
2021-05-28,167.72706604003906
2021-06-01,168.1035614013672
2021-06-02,168.06590270996094
2021-06-03,167.00228881835938
2021-06-04,168.50827026367188
2021-06-07,168.42356872558594
2021-06-08,168.71534729003906
2021-06-09,167.91529846191406
2021-06-10,168.05650329589844
2021-06-11,168.60240173339844
2021-06-14,168.61181640625
2021-06-15,168.31063842773438
2021-06-16,167.6140899658203
2021-06-17,166.96466064453125
2021-06-18,164.81866455078125
2021-06-21,167.22076416015625
2021-06-22,168.26797485351562
2021-06-23,168.52273559570312
2021-06-24,169.9379425048828
2021-06-25,170.40025329589844
2021-06-28,170.73988342285156
2021-06-29,170.90972900390625
2021-06-30,171.34368896484375
2021-07-01,172.0418701171875
2021-07-02,173.1363067626953
2021-07-06,172.38153076171875
2021-07-07,172.56077575683594
2021-07-08,170.5511932373047
2021-07-09,173.37216186523438
2021-07-12,174.32508850097656
2021-07-13,173.16461181640625
2021-07-14,173.0230712890625
2021-07-15,172.20225524902344
2021-07-16,170.2681427001953
2021-07-19,167.0980987548828
2021-07-20,170.7210235595703
2021-07-21,172.84384155273438
2021-07-22,172.7023162841797
2021-07-23,174.22128295898438
2021-07-26,174.9289093017578
2021-07-27,173.93826293945312
2021-07-28,174.31565856933594
2021-07-29,175.4666290283203
2021-07-30,174.63644409179688
2021-08-02,174.3816680908203
2021-08-03,176.24032592773438
2021-08-04,175.0421142578125
2021-08-05,176.27804565429688
2021-08-06,177.04226684570312
2021-08-09,176.83474731445312
2021-08-10,177.52346801757812
2021-08-11,178.2027587890625
2021-08-12,178.60842895507812
2021-08-13,178.30653381347656
2021-08-16,178.34425354003906
2021-08-17,176.3346710205078
2021-08-18,174.80625915527344
2021-08-19,174.21185302734375
2021-08-20,176.0044708251953
2021-08-23,178.0895233154297
2021-08-24,178.9103546142578
2021-08-25,179.9575958251953
2021-08-26,178.68389892578125
2021-08-27,180.91990661621094
2021-08-30,181.19351196289062
2021-08-31,180.79725646972656
2021-09-01,180.4764862060547
2021-09-02,180.9482421875
2021-09-03,180.79725646972656
2021-09-07,180.06138610839844
2021-09-08,179.2688446044922
2021-09-09,179.02359008789062
2021-09-10,177.6177978515625
2021-09-13,178.38201904296875
2021-09-14,177.13656616210938
2021-09-15,179.02359008789062
2021-09-16,178.740478515625
2021-09-17,177.12718200683594
2021-09-20,173.12686157226562
2021-09-21,173.2212371826172
2021-09-22,175.13650512695312
2021-09-23,177.91969299316406
2021-09-24,178.37255859375
2021-09-27,178.6555938720703
2021-09-28,174.98548889160156
2021-09-29,174.78738403320312
2021-09-30,172.77780151367188
2021-10-01,175.17417907714844
2021-10-04,172.92872619628906
2021-10-05,175.0421142578125
2021-10-06,175.26856994628906
2021-10-07,176.90078735351562
2021-10-08,176.79693603515625
2021-10-11,175.6553955078125
2021-10-12,175.25912475585938
2021-10-13,175.56103515625
2021-10-14,178.7028045654297
2021-10-15,180.1368408203125
2021-10-18,181.05203247070312
2021-10-19,182.0426788330078
2021-10-20,182.64651489257812
2021-10-21,183.23146057128906
2021-10-22,183.41070556640625
2021-10-25,184.62779235839844
2021-10-26,185.0523223876953
2021-10-27,184.11831665039062
2021-10-28,186.04296875
2021-10-29,186.8260955810547
2021-11-01,187.69407653808594
2021-11-02,188.50546264648438
2021-11-03,190.04327392578125
2021-11-04,190.76980590820312
2021-11-05,191.59060668945312
2021-11-08,191.9114227294922
2021-11-09,190.5999298095703
2021-11-10,188.99607849121094
2021-11-11,189.3262481689453
2021-11-12,190.505615234375
2021-11-15,190.1659393310547
2021-11-16,191.14710998535156
2021-11-17,190.46786499023438
2021-11-18,191.05279541015625
2021-11-19,190.5622100830078
2021-11-22,190.60939025878906
2021-11-23,190.67544555664062
2021-11-24,191.24148559570312
2021-11-26,186.21282958984375
2021-11-29,188.90167236328125
2021-11-30,184.99571228027344
2021-12-01,182.93893432617188
2021-12-02,185.325927734375
2021-12-03,183.04275512695312
2021-12-06,185.48635864257812
2021-12-07,189.44891357421875
2021-12-08,190.184814453125
2021-12-09,188.40167236328125
2021-12-10,189.91122436523438
2021-12-13,187.2789306640625
2021-12-14,185.6090087890625
2021-12-15,188.63751220703125
2021-12-16,186.85440063476562
2021-12-17,184.91079711914062
2021-12-20,182.3079071044922
2021-12-21,186.26434326171875
2021-12-22,188.52647399902344
2021-12-23,190.2586212158203
2021-12-27,192.94674682617188
2021-12-28,192.4072265625
2021-12-29,192.8331298828125
2021-12-30,192.00967407226562
2021-12-31,191.782470703125
2022-01-03,193.32533264160156
2022-01-04,193.7701873779297
2022-01-05,189.4730224609375
2022-01-06,189.59605407714844
2022-01-07,188.9050750732422
2022-01-10,188.54544067382812
2022-01-11,190.5804443359375
2022-01-12,191.41336059570312
2022-01-13,188.18576049804688
2022-01-14,188.6400909423828
2022-01-18,184.54171752929688
2022-01-19,182.34576416015625
2022-01-20,179.9321746826172
2022-01-21,176.4773712158203
2022-01-24,176.9979705810547
2022-01-25,174.80206298828125
2022-01-26,174.83990478515625
2022-01-27,173.7892608642578
2022-01-28,177.5847930908203
2022-01-31,181.1815643310547
2022-02-01,182.7338409423828
2022-02-02,184.85401916503906
2022-02-03,180.91651916503906
2022-02-04,181.6737518310547
2022-02-07,180.6136474609375
2022-02-08,182.5445556640625
2022-02-09,185.17584228515625
2022-02-10,181.8535919189453
2022-02-11,178.3798828125
2022-02-14,177.4049530029297
2022-02-15,180.28237915039062
2022-02-16,180.7556610107422
2022-02-17,176.58151245117188
2022-02-18,175.2185516357422
2022-02-22,173.12672424316406
2022-02-23,170.0316619873047
2022-02-24,172.95635986328125
2022-02-25,176.80868530273438
2022-02-28,176.49632263183594
2022-03-01,173.7230224609375
2022-03-02,177.0642547607422
2022-03-03,176.2407684326172
2022-03-04,175.00083923339844
2022-03-07,169.72874450683594
2022-03-08,168.8011474609375
2022-03-09,173.4580078125
2022-03-10,172.88067626953125
2022-03-11,170.6373748779297
2022-03-14,169.0851287841797
2022-03-15,172.71023559570312
2022-03-16,176.5152587890625
2022-03-17,178.63540649414062
2022-03-18,181.124755859375
2022-03-21,181.01559448242188
2022-03-22,182.9709014892578
2022-03-23,180.79725646972656
2022-03-24,183.4075164794922
2022-03-25,184.15733337402344
2022-03-28,185.26788330078125
2022-03-29,187.66928100585938
2022-03-30,186.14112854003906
2022-03-31,183.76821899414062
2022-04-01,183.7871551513672
2022-04-04,184.97361755371094
2022-04-05,182.52476501464844
2022-04-06,179.73423767089844
2022-04-07,181.57562255859375
2022-04-08,180.88275146484375
2022-04-11,177.361328125
2022-04-12,176.82029724121094
2022-04-13,178.91793823242188
2022-04-14,176.52606201171875
2022-04-18,176.42161560058594
2022-04-19,178.76611328125
2022-04-20,179.23118591308594
2022-04-21,176.59251403808594
2022-04-22,171.80868530273438
2022-04-25,169.02764892578125
2022-04-26,167.80320739746094
2022-04-27,168.2493133544922
2022-04-28,171.97952270507812
2022-04-29,166.14218139648438
2022-05-02,167.11981201171875
2022-05-03,168.16387939453125
2022-05-04,172.7958221435547
2022-05-05,166.9489288330078
2022-05-06,166.6357421875
2022-05-09,160.5989990234375
2022-05-10,161.34889221191406
2022-05-11,158.50137329101562
2022-05-12,157.56170654296875
2022-05-13,161.7000732421875
2022-05-16,161.34889221191406
2022-05-17,164.4811248779297
2022-05-18,157.68508911132812
2022-05-19,156.8782958984375
2022-05-20,156.5460662841797
2022-05-23,159.6024169921875
2022-05-24,158.45388793945312
2022-05-25,160.16244506835938
2022-05-26,163.35162353515625
2022-05-27,167.62286376953125
2022-05-31,166.23709106445312
2022-06-01,165.4113311767578
2022-06-02,168.03099060058594
2022-06-03,165.42080688476562
2022-06-06,165.95236206054688
2022-06-07,167.88865661621094
2022-06-08,166.0377655029297
2022-06-09,162.3929443359375
2022-06-10,158.16917419433594
2022-06-13,151.6484375
2022-06-14,151.3921356201172
2022-06-15,153.3758544921875
2022-06-16,147.9181671142578
2022-06-17,148.21240234375
2022-06-21,152.39401245117188
2022-06-22,152.19383239746094
2022-06-23,152.918212890625
2022-06-24,157.178955078125
2022-06-27,157.2266082763672
2022-06-28,154.6244354248047
2022-06-29,154.2812957763672
2022-06-30,152.62274169921875
2022-07-01,154.29083251953125
2022-07-05,154.0620880126953
2022-07-06,154.77694702148438
2022-07-07,157.32191467285156
2022-07-08,157.69363403320312
2022-07-11,155.7110595703125
2022-07-12,154.1001739501953
2022-07-13,153.69984436035156
2022-07-14,153.32810974121094
2022-07-15,155.73013305664062
2022-07-18,153.9190673828125
2022-07-19,157.48394775390625
2022-07-20,158.33230590820312
2022-07-21,159.33314514160156
2022-07-22,158.56105041503906
2022-07-25,159.47610473632812
2022-07-26,158.513427734375
2022-07-27,161.74468994140625
2022-07-28,163.527099609375
2022-07-29,165.7098846435547
2022-08-01,164.92825317382812
2022-08-02,163.93698120117188
2022-08-03,165.4143829345703
2022-08-04,164.82342529296875
2022-08-05,164.9854736328125
2022-08-08,164.92825317382812
2022-08-09,164.85202026367188
2022-08-10,167.53045654296875
2022-08-11,167.6924591064453
2022-08-12,170.2851104736328
2022-08-15,170.98097229003906
2022-08-16,171.3813018798828
2022-08-17,170.76173400878906
2022-08-18,171.27645874023438
2022-08-19,170.02781677246094
2022-08-22,167.11106872558594
2022-08-23,167.05384826660156
2022-08-24,167.5209197998047
2022-08-25,169.22711181640625
2022-08-26,164.78530883789062
2022-08-29,163.99415588378906
2022-08-30,161.6207275390625
2022-08-31,160.7056884765625
2022-09-01,160.74380493164062
2022-09-02,159.2949676513672
2022-09-06,158.83749389648438
2022-09-07,161.25851440429688
2022-09-08,162.24029541015625
2022-09-09,164.60421752929688
2022-09-12,166.1292724609375
2022-09-13,160.1051788330078
2022-09-14,160.66758728027344
2022-09-15,159.32357788085938
2022-09-16,158.28463745117188
2022-09-19,159.2239990234375
2022-09-20,157.88340759277344
2022-09-21,155.74806213378906
2022-09-22,154.8192138671875
2022-09-23,151.44854736328125
2022-09-26,150.2516326904297
2022-09-27,149.8590087890625
2022-09-28,152.82749938964844
2022-09-29,149.7153778076172
2022-09-30,147.80026245117188
2022-10-03,151.36239624023438
2022-10-04,155.5661163330078
2022-10-05,155.2884063720703
2022-10-06,153.92864990234375
2022-10-07,150.1845703125
2022-10-10,149.50474548339844
2022-10-11,148.95887756347656
2022-10-12,148.42266845703125
2022-10-13,152.34866333007812
2022-10-14,148.86314392089844
2022-10-17,152.1188507080078
2022-10-18,153.6030731201172
2022-10-19,152.9615478515625
2022-10-20,151.8507080078125
2022-10-21,155.2213897705078
2022-10-24,157.10780334472656
2022-10-25,159.0420379638672
2022-10-26,159.1473846435547
2022-10-27,158.65904235839844
2022-10-28,162.7478485107422
2022-10-31,162.02008056640625
2022-11-01,161.8477325439453
2022-11-02,158.4100799560547
2022-11-03,157.25143432617188
2022-11-04,158.72608947753906
2022-11-07,160.05706787109375
2022-11-08,161.04339599609375
2022-11-09,157.79721069335938
2022-11-10,164.41397094726562
2022-11-11,164.61512756347656
2022-11-14,163.8011932373047
2022-11-15,164.72042846679688
2022-11-16,164.0979766845703
2022-11-17,164.14588928222656
2022-11-18,165.06517028808594
2022-11-21,164.93109130859375
2022-11-22,167.0760498046875
2022-11-23,167.51654052734375
2022-11-25,167.60269165039062
2022-11-28,165.21836853027344
2022-11-29,164.940673828125
2022-11-30,168.7996826171875
2022-12-01,168.7230682373047
2022-12-02,168.77090454101562
2022-12-05,166.18551635742188
2022-12-06,163.90650939941406
2022-12-07,163.88729858398438
2022-12-08,164.7108612060547
2022-12-09,163.64793395996094
2022-12-12,165.42901611328125
2022-12-13,166.30043029785156
2022-12-14,165.4481658935547
2022-12-15,162.1541748046875
2022-12-16,160.82315063476562
2022-12-19,159.5711212158203
2022-12-20,159.79246520996094
2022-12-21,161.84228515625
2022-12-22,160.13890075683594
2022-12-23,161.30335998535156
2022-12-27,161.1589813232422
2022-12-28,159.33050537109375
2022-12-29,161.35150146484375
2022-12-30,160.8703155517578
2023-01-03,159.66734313964844
2023-01-04,160.24476623535156
2023-01-05,157.7907257080078
2023-01-06,162.46783447265625
2023-01-09,161.64981079101562
2023-01-10,162.5255889892578
2023-01-11,164.07504272460938
2023-01-12,164.49844360351562
2023-01-13,165.02774047851562
2023-01-17,164.5657958984375
2023-01-18,161.9000244140625
2023-01-19,161.08201599121094
2023-01-20,163.07412719726562
2023-01-23,164.2097625732422
2023-01-24,164.41180419921875
2023-01-25,164.34445190429688
2023-01-26,165.8072509765625
2023-01-27,165.24911499023438
2023-01-30,163.7189178466797
2023-01-31,165.8072509765625
2023-02-01,166.7215576171875
2023-02-02,166.2018280029297
2023-02-03,165.6725311279297
2023-02-06,164.93153381347656
2023-02-07,166.79852294921875
2023-02-08,165.39340209960938
2023-02-09,164.22898864746094
2023-02-10,165.6918182373047
2023-02-13,167.0872344970703
2023-02-14,166.85623168945312
2023-02-15,166.7022705078125
2023-02-16,165.22024536132812
2023-02-17,165.04698181152344
2023-02-21,162.41973876953125
2023-02-22,161.90963745117188
2023-02-23,162.65066528320312
2023-02-24,161.4669647216797
2023-02-27,161.72682189941406
2023-02-28,161.17825317382812
2023-03-01,160.7644500732422
2023-03-02,162.03475952148438
2023-03-03,163.9499053955078
2023-03-06,164.02688598632812
2023-03-07,161.62094116210938
2023-03-08,161.5247039794922
2023-03-09,158.97439575195312
2023-03-10,156.62625122070312
2023-03-13,156.0680389404297
2023-03-14,158.00242614746094
2023-03-15,155.75047302246094
2023-03-16,157.99281311035156
2023-03-17,155.8274688720703
2023-03-20,157.9131317138672
2023-03-21,159.65277099609375
2023-03-22,157.2946014404297
2023-03-23,156.88865661621094
2023-03-24,157.72947692871094
2023-03-27,158.83126831054688
2023-03-28,158.91824340820312
2023-03-29,160.63861083984375
2023-03-30,161.3538360595703
2023-03-31,163.27708435058594
2023-04-03,164.79446411132812
2023-04-04,163.3447265625
2023-04-05,164.04063415527344
2023-04-06,163.9633026123047
2023-04-10,164.494873046875
2023-04-11,164.95877075195312
2023-04-12,164.9684295654297
2023-04-13,166.79505920410156
2023-04-14,165.7705841064453
2023-04-17,166.25384521484375
2023-04-18,166.51478576660156
2023-04-19,166.21519470214844
2023-04-20,165.7416229248047
2023-04-21,165.7609405517578
2023-04-24,165.95425415039062
2023-04-25,163.51870727539062
2023-04-26,162.948486328125
2023-04-27,165.50967407226562
2023-04-28,166.9787139892578
2023-05-01,167.47161865234375
2023-05-02,165.50967407226562
2023-05-03,164.26290893554688
2023-05-04,162.96780395507812
2023-05-05,165.90591430664062
2023-05-08,166.06056213378906
2023-05-09,165.4419708251953
2023-05-10,166.05087280273438
2023-05-11,165.69326782226562
2023-05-12,165.57730102539062
2023-05-15,166.13784790039062
2023-05-16,164.69781494140625
2023-05-17,166.84339904785156
2023-05-18,168.77638244628906
2023-05-19,168.43809509277344
2023-05-22,168.0225067138672
2023-05-23,166.10887145996094
2023-05-24,164.8524627685547
2023-05-25,167.45230102539062
2023-05-26,169.58819580078125
2023-05-30,169.38523864746094
2023-05-31,168.11917114257812
2023-06-01,169.73318481445312
2023-06-02,172.3619842529297
2023-06-05,171.7724609375
2023-06-06,172.27503967285156
2023-06-07,171.67579650878906
2023-06-08,172.73892211914062
2023-06-09,172.96121215820312
2023-06-12,174.5269317626953
2023-06-13,175.83168029785156
2023-06-14,176.09259033203125
2023-06-15,178.2961883544922
2023-06-16,177.67764282226562
2023-06-20,176.8638458251953
2023-06-21,176.194580078125
2023-06-22,176.4467315673828
2023-06-23,175.2342987060547
2023-06-26,174.61349487304688
2023-06-27,176.73776245117188
2023-06-28,176.32066345214844
2023-06-29,177.4652099609375
2023-06-30,179.94834899902344
2023-07-03,179.6573028564453
2023-07-05,179.08506774902344
2023-07-06,177.71743774414062
2023-07-07,177.339111328125
2023-07-10,178.21209716796875
2023-07-11,179.4342498779297
2023-07-12,180.91831970214844
2023-07-13,182.34417724609375
2023-07-14,181.7718505859375
2023-07-17,182.94554138183594
2023-07-18,184.21620178222656
2023-07-19,184.2937774658203
2023-07-20,183.2462158203125
2023-07-21,183.1492462158203
2023-07-24,183.4790496826172
2023-07-25,184.52659606933594
2023-07-26,183.77001953125
2023-07-27,183.0910186767578
2023-07-28,185.1376495361328
2023-07-31,185.21527099609375
2023-08-01,185.3704376220703
2023-08-02,182.45086669921875
2023-08-03,182.0337677001953
2023-08-04,180.67581176757812
2023-08-07,182.3150634765625
2023-08-08,181.8106689453125
2023-08-09,180.18112182617188
2023-08-10,180.05503845214844
2023-08-11,179.54098510742188
2023-08-14,181.18016052246094
2023-08-15,179.7155303955078
2023-08-16,178.2993927001953
2023-08-17,176.66986083984375
2023-08-18,176.5922393798828
2023-08-21,178.51280212402344
2023-08-22,178.0277862548828
2023-08-23,180.1616973876953
2023-08-24,177.8531951904297
2023-08-25,178.75526428222656
2023-08-28,179.9385986328125
2023-08-29,182.75155639648438
2023-08-30,183.6148223876953
2023-08-31,183.7893829345703
2023-09-01,184.1676788330078
2023-09-05,184.7496795654297
2023-09-06,182.0725860595703
2023-09-07,181.21900939941406
2023-09-08,181.36448669433594
2023-09-11,182.34417724609375
2023-09-12,181.05410766601562
2023-09-13,181.04437255859375
2023-09-14,182.5090789794922
2023-09-15,179.8804473876953
2023-09-18,180.1956024169922
2023-09-19,180.0594482421875
2023-09-20,178.3181915283203
2023-09-21,175.331787109375
2023-09-22,175.21505737304688
2023-09-25,175.7792205810547
2023-09-26,173.45433044433594
2023-09-27,173.73646545410156
2023-09-28,175.06912231445312
2023-09-29,174.32009887695312
2023-10-02,174.6216278076172
2023-10-03,172.49131774902344
2023-10-04,173.66831970214844
2023-10-05,173.56130981445312
2023-10-06,176.07106018066406
2023-10-09,176.956298828125
2023-10-10,177.80259704589844
2023-10-11,178.84349060058594
2023-10-12,177.91934204101562
2023-10-13,176.48934936523438
2023-10-16,178.6002960205078
2023-10-17,178.211181640625
2023-10-18,175.99327087402344
2023-10-19,174.6410675048828
2023-10-20,172.41348266601562
2023-10-23,172.57884216308594
2023-10-24,174.18392944335938
2023-10-25,170.7500457763672
2023-10-26,168.07493591308594
2023-10-27,167.90956115722656
2023-10-30,170.3317413330078
2023-10-31,171.0224151611328
2023-11-01,173.697509765625
2023-11-02,176.74229431152344
2023-11-03,178.63917541503906
2023-11-06,180.48745727539062
2023-11-07,180.93490600585938
2023-11-08,180.89602661132812
2023-11-09,179.58279418945312
2023-11-10,182.89993286132812
2023-11-13,183.0069122314453
2023-11-14,186.343505859375
2023-11-15,186.15867614746094
2023-11-16,186.67425537109375
2023-11-17,186.86878967285156
2023-11-20,188.65872192382812
2023-11-21,187.96804809570312
2023-11-22,188.8240966796875
2023-11-24,188.57115173339844
2023-11-27,188.4349822998047
2023-11-28,188.37660217285156
2023-11-29,187.99720764160156
2023-11-30,188.23068237304688
2023-12-01,189.07701110839844
2023-12-04,187.64700317382812
2023-12-05,187.64700317382812
2023-12-06,186.31430053710938
2023-12-07,188.67819213867188
2023-12-08,189.55364990234375
2023-12-11,190.5069580078125
2023-12-12,191.47970581054688
2023-12-13,193.47390747070312
2023-12-14,193.8240966796875
2023-12-15,194.69960021972656
2023-12-18,196.0061798095703
2023-12-19,196.8642120361328
2023-12-20,194.4363250732422
2023-12-21,196.3961944580078
2023-12-22,196.62042236328125
2023-12-26,197.4492645263672
2023-12-27,197.54678344726562
2023-12-28,197.70277404785156
2023-12-29,197.05923461914062
2024-01-02,194.6995849609375
2024-01-03,193.0517578125
2024-01-04,192.2034454345703
2024-01-05,192.68121337890625
2024-01-08,196.19143676757812
2024-01-09,196.42544555664062
2024-01-10,198.02455139160156
2024-01-11,198.4730987548828
2024-01-12,198.8533477783203
2024-01-16,198.4340362548828
2024-01-17,197.29322814941406
2024-01-18,199.7991485595703
2024-01-19,202.8023223876953
2024-01-22,203.3483428955078
2024-01-23,203.94314575195312
2024-01-24,204.7719268798828
2024-01-25,205.41549682617188
2024-01-26,204.95718383789062
2024-01-29,207.0535888671875
2024-01-30,206.6830596923828
2024-01-31,202.99732971191406
2024-02-01,205.5714874267578
2024-02-02,209.51075744628906
2024-02-05,209.7837371826172
2024-02-06,209.28648376464844
2024-02-07,211.8313446044922
2024-02-08,212.1531219482422
2024-02-09,214.30799865722656
2024-02-12,213.5279541015625
2024-02-13,210.47604370117188
2024-02-14,213.3524627685547
2024-02-15,214.0057373046875
2024-02-16,212.6406707763672
2024-02-20,210.47604370117188
2024-02-21,210.35902404785156
2024-02-22,216.9698944091797
2024-02-23,216.97967529296875
2024-02-26,216.49212646484375
2024-02-27,216.69691467285156
2024-02-28,215.9461212158203
2024-02-29,218.14974975585938
2024-03-01,220.59716796875
2024-03-04,220.275390625
2024-03-05,217.4964599609375
2024-03-06,218.90054321289062
2024-03-07,221.9232177734375
2024-03-08,219.44654846191406
2024-03-11,217.9742431640625
2024-03-12,221.9524688720703
2024-03-13,221.03590393066406
2024-03-14,220.39234924316406
2024-03-15,218.47152709960938
2024-03-18,220.1705322265625
2024-03-19,221.52857971191406
2024-03-20,223.7366485595703
2024-03-21,225.03607177734375
2024-03-22,225.33895874023438
2024-03-25,224.34239196777344
2024-03-26,223.58033752441406
2024-03-27,224.44984436035156
2024-03-28,224.664794921875
2024-04-01,224.46942138671875
2024-04-02,222.80850219726562
2024-04-03,223.4142303466797
2024-04-04,220.36593627929688
2024-04-05,223.4044647216797
2024-04-08,223.03318786621094
2024-04-09,222.61306762695312
2024-04-10,221.4210968017578
2024-04-11,224.08836364746094
2024-04-12,220.59066772460938
2024-04-15,217.26878356933594
2024-04-16,217.30787658691406
2024-04-17,215.20729064941406
2024-04-18,214.10325622558594
2024-04-19,210.21475219726562
2024-04-22,212.4227752685547
2024-04-23,215.8521270751953
2024-04-24,215.4222412109375
2024-04-25,214.04464721679688
2024-04-26,217.6205291748047
2024-04-29,217.53260803222656
2024-04-30,214.2693634033203
2024-05-01,213.11648559570312
2024-05-02,215.09007263183594
2024-05-03,218.12857055664062
2024-05-06,221.450439453125
2024-05-07,221.61651611328125
2024-05-08,221.67514038085938
2024-05-09,222.3590545654297
2024-05-10,222.95501708984375
2024-05-13,222.29066467285156
2024-05-14,223.92227172851562
2024-05-15,227.17575073242188
2024-05-16,226.29641723632812
2024-05-17,225.98377990722656
2024-05-20,226.8240203857422
2024-05-21,227.51766967773438
2024-05-22,226.56021118164062
2024-05-23,226.5113525390625
2024-05-24,228.59242248535156
2024-05-28,229.6182861328125
2024-05-29,228.27000427246094
2024-05-30,226.05218505859375
2024-05-31,226.64816284179688
2024-06-03,227.56655883789062
2024-06-04,227.9377899169922
2024-06-05,231.6993408203125
2024-06-06,231.4159698486328
2024-06-07,231.28895568847656
2024-06-10,232.54931640625
2024-06-11,232.36370849609375
2024-06-12,235.2458953857422
2024-06-13,236.5453338623047
2024-06-14,236.48667907714844
2024-06-17,238.7729034423828
2024-06-18,240.04306030273438
2024-06-20,238.75335693359375
2024-06-21,237.77635192871094
2024-06-24,235.8289794921875
2024-06-25,237.72837829589844
2024-06-26,238.2375030517578
2024-06-27,238.1983184814453
2024-06-28,237.82630920410156
2024-07-01,238.3941650390625
2024-07-02,239.47113037109375
2024-07-03,241.3607635498047
2024-07-05,242.4768829345703
2024-07-08,242.92724609375
2024-07-09,243.35806274414062
2024-07-10,246.01133728027344
2024-07-11,243.09368896484375
2024-07-12,244.00424194335938
2024-07-15,244.5720977783203
2024-07-16,245.8546905517578
2024-07-17,239.98025512695312
2024-07-18,238.4235382080078
2024-07-19,236.3674774169922
2024-07-22,239.970458984375
2024-07-23,240.09774780273438
2024-07-24,233.0288543701172
2024-07-25,231.0706787109375
2024-07-26,233.04844665527344
2024-07-29,233.2344512939453
2024-07-30,230.90423583984375
2024-07-31,236.4262237548828
2024-08-01,231.87353515625
2024-08-02,226.35157775878906
2024-08-05,219.05751037597656
2024-08-06,224.16824340820312
2024-08-07,220.05615234375
2024-08-08,226.76278686523438
2024-08-09,227.9083251953125
2024-08-12,228.36846923828125
2024-08-13,233.0386199951172
2024-08-14,234.57577514648438
2024-08-15,238.6584930419922
2024-08-16,239.19700622558594
2024-08-19,241.97756958007812
2024-08-20,241.51739501953125
2024-08-21,242.7118377685547
2024-08-22,239.67674255371094
2024-08-23,243.05455017089844
2024-08-26,241.5663604736328
2024-08-27,242.1244354248047
2024-08-28,240.54815673828125
2024-08-29,239.1872100830078
2024-08-30,242.0852813720703
2024-09-03,234.7813720703125
2024-09-04,234.35060119628906
2024-09-05,233.31277465820312
2024-09-06,228.53489685058594
2024-09-09,231.26651000976562
2024-09-10,232.72532653808594
2024-09-11,237.31716918945312
2024-09-12,239.4417724609375
2024-09-13,241.20408630371094
2024-09-16,241.3215789794922
2024-09-17,241.31178283691406
2024-09-18,240.55789184570312
2024-09-19,245.38473510742188
2024-09-20,245.05184936523438
2024-09-23,245.56997680664062
2024-09-24,246.3942413330078
2024-09-25,246.55125427246094
2024-09-26,247.51295471191406
2024-09-27,246.2863006591797
2024-09-30,247.10079956054688
2024-10-01,244.37277221679688
2024-10-02,244.883056640625
2024-10-03,245.09898376464844
2024-10-04,247.9447479248047
2024-10-07,245.99192810058594
2024-10-08,249.27926635742188
2024-10-09,251.10450744628906
2024-10-10,250.9278564453125
2024-10-11,252.61566162109375
2024-10-14,254.72547912597656
2024-10-15,251.53627014160156
2024-10-16,252.86105346679688
2024-10-17,253.2633514404297
2024-10-18,254.18577575683594
2024-10-21,254.05824279785156
2024-10-22,254.0484161376953
2024-10-23,251.0848846435547
2024-10-24,251.6834716796875
2024-10-25,251.34983825683594
2024-10-28,252.370361328125
2024-10-29,253.24374389648438
2024-10-30,251.79139709472656
2024-10-31,247.07135009765625
2024-11-01,247.611083984375
2024-11-04,246.94378662109375
2024-11-05,250.80029296875
2024-11-06,259.05303955078125
2024-11-07,260.3385009765625
2024-11-08,261.59454345703125
2024-11-11,261.5455322265625
2024-11-12,260.81939697265625
2024-11-13,260.81939697265625
2024-11-14,259.05303955078125
2024-11-15,255.46145629882812
2024-11-18,255.53997802734375
2024-11-19,257.7086181640625
2024-11-20,257.5320129394531
2024-11-21,259.3081970214844
2024-11-22,260.08343505859375
2024-11-25,260.18157958984375
2024-11-26,262.2912902832031
2024-11-27,260.26983642578125
2024-11-29,262.28143310546875
2024-12-02,262.6445617675781
2024-12-03,263.3609313964844
2024-12-04,268.041748046875
2024-12-05,265.46087646484375
2024-12-06,266.18707275390625
2024-12-09,263.30206298828125
2024-12-10,261.8399353027344
2024-12-11,264.921142578125
2024-12-12,263.6651611328125
2024-12-13,263.71417236328125
2024-12-16,265.205810546875
2024-12-17,263.14508056640625
2024-12-18,255.60865783691406
2024-12-19,254.91192626953125
2024-12-20,257.7086181640625
2024-12-23,260.6045837402344
2024-12-24,263.2506408691406
2024-12-26,263.63427734375
2024-12-27,260.18157958984375
2024-12-30,258.0962219238281
2024-12-31,256.0599670410156
2025-01-02,255.3320770263672
2025-01-03,260.3980407714844
2025-01-06,262.77850341796875
2025-01-07,258.666748046875
2025-01-08,258.98150634765625
2025-01-10,254.88941955566406
2025-01-13,254.51560974121094
2025-01-14,254.66319274902344
2025-01-15,260.27996826171875
2025-01-16,259.8471374511719
2025-01-17,262.88665771484375
2025-01-21,265.48358154296875
2025-01-22,268.1591796875
2025-01-23,269.0444641113281
2025-01-24,267.98211669921875
2025-01-27,259.0995178222656
2025-01-28,263.8998718261719
2025-01-29,262.37518310546875
2025-01-30,264.6966857910156
2025-01-31,263.2506408691406
2025-02-03,260.75213623046875
2025-02-04,261.2242736816406
2025-02-05,264.6867980957031
2025-02-06,266.7229919433594
2025-02-07,264.1064147949219
2025-02-10,265.8475646972656
2025-02-11,265.6114501953125
2025-02-12,264.7458801269531
2025-02-13,268.1690368652344
2025-02-14,269.1035461425781
2025-02-18,268.9953308105469
2025-02-19,269.3789367675781
2025-02-20,267.3033447265625
2025-02-21,261.4898681640625
2025-02-24,259.1487121582031
2025-02-25,256.87646484375
2025-02-26,258.056884765625
2025-02-27,252.3515625
2025-02-28,256.7288818359375
2025-03-03,250.33502197265625
2025-03-04,247.39381408691406
2025-03-05,249.1644744873047
2025-03-06,243.35093688964844
2025-03-07,244.688720703125
2025-03-10,236.14060974121094
2025-03-11,236.55372619628906
2025-03-12,238.68832397460938
2025-03-13,234.31097412109375
2025-03-14,240.6556854248047
2025-03-17,241.57049560546875
2025-03-18,237.68499755859375
2025-03-19,241.35409545898438
2025-03-20,241.00979614257812
2025-03-21,241.47213745117188
2025-03-24,247.14837646484375
2025-03-25,247.7598114013672
2025-03-26,243.35171508789062
2025-03-27,242.0500030517578
2025-03-28,236.48814392089844
2025-03-31,237.57289123535156
2025-04-01,239.1014404296875
2025-04-02,241.6160888671875
2025-04-03,227.41558837890625
2025-04-04,212.8501739501953
2025-04-07,213.77713012695312
2025-04-08,209.901611328125
2025-04-09,233.30287170410156
2025-04-10,224.269775390625
2025-04-11,228.34254455566406
2025-04-14,229.81190490722656
2025-04-15,230.14718627929688
2025-04-16,223.62875366210938
2025-04-17,224.13168334960938
2025-04-21,218.6881561279297
2025-04-22,224.32891845703125
2025-04-23,228.47071838378906
2025-04-24,232.4942169189453
2025-04-25,234.2298583984375
2025-04-28,235.13711547851562
2025-04-29,236.58676147460938
2025-04-30,237.08969116210938
2025-05-01,238.13499450683594
2025-05-02,241.42874145507812
2025-05-05,239.73257446289062
2025-05-06,238.30264282226562
2025-05-07,239.2493438720703
2025-05-08,240.53134155273438
2025-05-09,240.24534606933594
2025-05-12,247.30616760253906
2025-05-13,250.02793884277344
2025-05-14,250.38294982910156
2025-05-15,251.33950805664062
2025-05-16,253.44989013671875
2025-05-19,253.25262451171875
2025-05-20,252.3552703857422
2025-05-21,248.41065979003906
2025-05-22,248.52899169921875
2025-05-23,246.84268188476562
2025-05-27,251.57620239257812
2025-05-28,250.5802001953125
2025-05-29,251.4775848388672
2025-05-30,252.05941772460938
2025-06-02,253.24276733398438
2025-06-03,254.7515869140625
2025-06-04,254.46563720703125
2025-06-05,252.2862091064453
2025-06-06,254.95867919921875
2025-06-09,254.5937957763672
2025-06-10,255.37281799316406
2025-06-11,254.8600616455078
2025-06-12,255.63916015625
2025-06-13,253.71615600585938
2025-06-16,255.23480224609375
2025-06-17,253.23294067382812
2025-06-18,253.56822204589844
2025-06-20,253.2921142578125
2025-06-23,256.57757568359375
2025-06-24,259.0196228027344
2025-06-25,258.2385559082031
2025-06-26,260.502685546875
2025-06-27,261.6396789550781
2025-06-30,263.5775451660156
2025-07-01,262.213134765625
2025-07-02,263.3204650878906
2025-07-03,265.693359375
2025-07-07,263.6961669921875
2025-07-08,263.1523742675781
2025-07-09,264.6453552246094
2025-07-10,265.3275146484375
2025-07-11,264.1311950683594
2025-07-14,265.1100158691406
2025-07-15,264.1114501953125
2025-07-16,265.0309143066406
2025-07-17,266.3953552246094
2025-07-18,266.33599853515625
2025-07-21,266.7413635253906
2025-07-22,265.5846252441406
2025-07-23,267.700439453125
2025-07-24,268.27386474609375
2025-07-25,269.54931640625
2025-07-28,269.7569274902344
2025-07-29,269.0450439453125
2025-07-30,270.22161865234375
2025-07-31,269.6778259277344
2025-08-01,265.2187805175781
2025-08-04,269.7173156738281
2025-08-05,268.2244567871094
2025-08-06,270.2314758300781
2025-08-07,269.331787109375
2025-08-08,271.3783874511719
2025-08-11,270.74560546875
2025-08-12,274.16650390625
2025-08-13,273.68206787109375
2025-08-14,273.84027099609375
2025-08-15,272.396728515625
2025-08-18,272.752685546875
2025-08-19,269.31201171875
2025-08-20,269.4405212402344
2025-08-21,268.19476318359375
2025-08-22,271.8825988769531
2025-08-25,271.47723388671875
2025-08-26,272.6241149902344
2025-08-27,273.46453857421875
2025-08-28,274.5125732421875
2025-08-29,271.26959228515625
2025-09-02,269.6382751464844
2025-09-03,270.5874328613281
2025-09-04,273.3558349609375
2025-09-05,272.475830078125
2025-09-08,273.86993408203125
2025-09-09,275.13543701171875
2025-09-10,277.963134765625
2025-09-11,279.5945129394531
2025-09-12,279.8515319824219
2025-09-15,281.3444519042969
2025-09-16,280.86993408203125
2025-09-17,279.9405212402344
2025-09-18,281.82891845703125
2025-09-19,283.2328796386719
2025-09-22,284.3060607910156
2025-09-23,282.33416748046875
2025-09-24,281.2738952636719
2025-09-25,279.65875244140625
2025-09-26,281.13519287109375
2025-09-29,281.9179992675781
2025-09-30,283.06744384765625
2025-10-01,283.2655944824219
2025-10-02,283.2755126953125
2025-10-03,282.6710510253906
2025-10-06,284.0682373046875
2025-10-07,282.78997802734375
2025-10-08,284.8510437011719
2025-10-09,284.6924743652344
2025-10-10,276.88427734375
2025-10-13,282.135986328125
2025-10-14,280.89739990234375
2025-10-15,281.80902099609375
2025-10-16,280.0749206542969
2025-10-17,281.3234558105469
2025-10-20,284.0285949707031
2025-10-21,283.2755126953125
2025-10-22,281.0063781738281
2025-10-23,283.54302978515625
2025-10-24,286.81298828125
2025-10-27,291.083740234375
2025-10-28,292.9664001464844
2025-10-29,294.7698059082031
2025-10-30,291.0044250488281
2025-10-31,291.8962097167969
2025-11-03,292.6294860839844
2025-11-04,287.27874755859375
2025-11-05,289.4586181640625
2025-11-06,285.4158630371094
2025-11-07,284.8510437011719
2025-11-10,291.2620849609375
2025-11-11,290.1622009277344
2025-11-12,289.92437744140625
2025-11-13,282.9683532714844
2025-11-14,283.4340515136719
2025-11-17,281.13519287109375
2025-11-18,278.7273254394531
2025-11-19,280.718994140625
2025-11-20,275.0511474609375
2025-11-21,276.4482727050781
2025-11-24,283.5628662109375
2025-11-25,285.47528076171875
2025-11-26,288.43804931640625
2025-11-28,289.74603271484375
2025-12-01,287.843505859375
2025-12-02,289.00286865234375
2025-12-03,288.90374755859375
2025-12-04,290.4297180175781
2025-12-05,291.489990234375
2025-12-08,291.083740234375
2025-12-09,291.3116149902344
2025-12-10,293.53125
2025-12-11,293.1249694824219
2025-12-12,288.0714111328125
2025-12-15,287.52642822265625
2025-12-16,287.675048828125
2025-12-17,282.1954345703125
2025-12-18,285.75274658203125
2025-12-19,289.4091491699219
2025-12-22,291.7941589355469
2025-12-23,293.69061279296875
2025-12-24,294.4849853515625
2025-12-26,294.3459777832031
2025-12-29,292.6381530761719
2025-12-30,292.211181640625
2025-12-31,290.0068664550781
2026-01-02,290.71185302734375
2026-01-05,292.6778869628906
2026-01-06,294.6637268066406
2026-01-07,294.0083923339844
2026-01-08,292.7672119140625
2026-01-09,295.5375061035156
2026-01-12,296.5403747558594
2026-01-13,296.4708557128906
2026-01-14,293.5119323730469
2026-01-15,295.01123046875
2026-01-16,295.497802734375
2026-01-20,288.94439697265625
2026-01-21,292.87646484375
2026-01-22,293.958740234375
2026-01-23,293.631103515625
2026-01-26,295.0311279296875
2026-01-27,297.6425476074219
2026-01-28,298.4567565917969
2026-01-29,297.75177001953125
2026-01-30,295.378662109375
2026-02-02,297.2950134277344
2026-02-03,295.0906982421875
2026-02-04,291.1189270019531
2026-02-05,287.8124694824219
2026-02-06,296.3219299316406
2026-02-09,298.83404541015625
2026-02-10,296.72906494140625
2026-02-11,297.2950134277344
2026-02-12,292.1019592285156
2026-02-13,291.8636474609375
2026-02-17,292.568603515625
2026-02-18,294.75311279296875
2026-02-19,293.8495178222656
2026-02-20,296.27227783203125
2026-02-23,293.4424133300781
2026-02-24,296.0041809082031
2026-02-25,299.0921936035156
2026-02-26,295.4183349609375
2026-02-27,292.8863830566406
2026-03-02,294.1573486328125
2026-03-03,290.0068664550781
2026-03-04,292.69769287109375
2026-03-05,290.4933776855469
2026-03-06,285.8663024902344
2026-03-09,289.9075622558594
2026-03-10,290.1359558105469
2026-03-11,290.433837890625
2026-03-12,285.697509765625
2026-03-13,283.6818542480469
2026-03-16,287.1174011230469
2026-03-17,287.71319580078125
2026-03-18,284.4662780761719
2026-03-19,283.9598693847656
2026-03-20,278.4490661621094
2026-03-23,282.5069274902344
2026-03-24,281.4322509765625
2026-03-25,283.2830810546875
2026-03-26,276.6062316894531
2026-03-27,272.2180480957031
2026-03-30,269.5014953613281
2026-03-31,278.81524658203125
2026-04-01,282.4173583984375
2026-04-02,282.8054504394531
2026-04-06,284.0194091796875
2026-04-07,285.0940856933594
2026-04-08,293.53216552734375
2026-04-09,295.8208312988281
2026-04-10,296.54718017578125
2026-04-13,299.6318664550781
2026-04-14,303.91064453125
2026-04-15,306.4878234863281
2026-04-16,306.9057312011719
2026-04-17,311.3437194824219
2026-04-20,310.7367248535156
2026-04-21,309.0152587890625
2026-04-22,310.87603759765625
2026-04-23,308.7267150878906
2026-04-24,309.8113098144531
2026-04-27,309.48291015625
2026-04-28,309.3934020996094
2026-04-29,308.5675048828125
2026-04-30,309.7913818359375
2026-05-01,310.60736083984375
2026-05-04,308.9754638671875
2026-05-05,309.9407043457031
2026-05-06,312.6472473144531
2026-05-07,312.7268371582031
2026-05-08,312.7965087890625
2026-05-11,311.75164794921875
2026-05-12,312.0999450683594
2026-05-13,312.2989501953125
2026-05-14,313.99053955078125
2026-05-15,312.28900146484375
2026-05-18,314.169677734375
2026-05-19,312.2392578125
2026-05-20,314.906005859375
2026-05-21,315.5926208496094
2026-05-22,317.44342041015625
2026-05-26,317.0354309082031
2026-05-27,317.3638000488281
2026-05-28,319.47332763671875
2026-05-29,321.2943115234375
2026-06-01,321.3042297363281
2026-06-02,320.0007019042969
2026-06-03,316.5677795410156
2026-06-04,319.4931945800781
2026-06-05,315.5627746582031
2026-06-08,313.7218933105469
2026-06-09,313.93084716796875
2026-06-10,310.8262634277344
2026-06-11,312.7965087890625
2026-06-12,313.5726623535156
2026-06-15,316.7866516113281
2026-06-16,317.0254821777344
2026-06-17,311.0849914550781
2026-06-18,312.5278015136719
2026-06-22,312.4998779296875
2026-06-23,305.2756042480469
2026-06-24,304.4274597167969
2026-06-25,306.64263916015625
2026-06-26,303.0304870605469
2026-06-29,307.99969482421875
2026-06-30,312.2703857421875
2026-07-01,307.7701721191406
2026-07-02,304.12811279296875
2026-07-06,307.8899230957031
2026-07-07,304.497314453125
2026-07-08,305.6148681640625
2026-07-09,308.4786376953125
2026-07-10,310.1350402832031
2026-07-13,305.67474365234375
2026-07-14,309.1771240234375
2026-07-15,308.92767333984375
2026-07-16,304.12811279296875
2026-07-17,301.7233581542969
2026-07-20,300.4960021972656
2026-07-21,305.90423583984375
2026-07-22,305.7445983886719
2026-07-23,301.783203125
2026-07-24,300.4062194824219
2026-07-27,299.28863525390625
2026-07-28,297.6422424316406
2026-07-29,291.5854187011719
2026-07-30,298.01141357421875
2026-07-31,298.9693298339844
2026-08-03,301.7432861328125
2026-08-04,309.1471862792969
2026-08-05,307.8599853515625
2026-08-06,305.9341735839844
2026-08-07,307.4209289550781
2026-08-10,306.4530334472656
2026-08-11,305.3953552246094
2026-08-12,307.99969482421875
2026-08-13,309.73590087890625
2026-08-14,309.905517578125
2026-08-17,310.6938171386719
2026-08-18,306.7025146484375
2026-08-19,305.56500244140625
2026-08-20,303.18017578125
2026-08-21,304.5072937011719
2026-08-24,302.1623840332031
2026-08-25,303.27996826171875
2026-08-26,303.4994812011719
2026-08-27,305.2257385253906
2026-08-28,303.0604248046875
2026-08-31,302.5116271972656
2026-09-01,300.166748046875
2026-09-02,301.793212890625
2026-09-03,304.3476257324219
2026-09-04,304.956298828125
2026-09-08,304.8365783691406
2026-09-09,303.5992736816406
2026-09-10,301.3142395019531
2026-09-11,304.3276672363281
2026-09-14,300.8053283691406
2026-09-15,299.71771240234375
2026-09-16,299.20880126953125
2026-09-17,303.8586730957031
2026-09-18,305.09600830078125
2026-09-21,310.1000061035156
2026-09-22,311.2099914550781
2026-09-23,307.9599914550781
2026-09-24,308.3500061035156
2026-09-25,309.7900085449219
2026-09-28,307.57000732421875
2026-09-29,306.9200134277344
2026-09-30,306.57000732421875
2026-10-01,305.3876953125
