Date,close
2007-03-01,22.580345153808594
2007-03-02,22.1663761138916
2007-03-05,21.714757919311523
2007-03-06,22.298091888427734
2007-03-07,22.298091888427734
2007-03-08,22.62738037109375
2007-03-09,22.749698638916016
2007-03-12,22.824954986572266
2007-03-13,22.279272079467773
2007-03-14,22.392173767089844
2007-03-15,22.5521183013916
2007-03-16,22.420398712158203
2007-03-19,22.740283966064453
2007-03-20,22.9284610748291
2007-03-21,23.33302116394043
2007-03-22,23.342430114746094
2007-03-23,23.436519622802734
2007-03-26,23.398880004882812
2007-03-27,23.342430114746094
2007-03-28,23.097806930541992
2007-03-29,23.22953224182129
2007-03-30,23.26716423034668
2007-04-02,23.4459228515625
2007-04-03,23.671730041503906
2007-04-04,23.765810012817383
2007-04-05,23.80344581604004
2007-04-09,23.91634750366211
2007-04-10,23.98221206665039
2007-04-11,23.765810012817383
2007-04-12,23.87871551513672
2007-04-13,23.953983306884766
2007-04-16,24.170381546020508
2007-04-17,24.17978858947754
2007-04-18,24.104515075683594
2007-04-19,24.048067092895508
2007-04-20,24.27387046813965
2007-04-23,24.424396514892578
2007-04-24,24.367952346801758
2007-04-25,24.480850219726562
2007-04-26,24.593759536743164
2007-04-27,24.537309646606445
2007-04-30,24.151559829711914
2007-05-01,23.99161720275879
2007-05-02,24.471446990966797
2007-05-03,24.39618682861328
2007-05-04,24.499675750732422
2007-05-07,24.518491744995117
2007-05-08,24.546720504760742
2007-05-09,24.866605758666992
2007-05-10,24.433815002441406
2007-05-11,24.76310920715332
2007-05-14,24.697254180908203
2007-05-15,24.56553077697754
2007-05-16,24.603168487548828
2007-05-17,24.584354400634766
2007-05-18,24.697254180908203
2007-05-21,24.876014709472656
2007-05-22,24.866605758666992
2007-05-23,24.8383731842041
2007-05-24,24.414995193481445
2007-05-25,24.593759536743164
2007-05-29,24.725473403930664
2007-05-30,25.101816177368164
2007-05-31,25.18648910522461
2007-06-01,25.271167755126953
2007-06-04,25.346437454223633
2007-06-05,25.252357482910156
2007-06-06,24.8383731842041
2007-06-07,24.27387046813965
2007-06-08,24.556121826171875
2007-06-11,24.480850219726562
2007-06-12,24.17978858947754
2007-06-13,24.56553077697754
2007-06-14,24.772523880004883
2007-06-15,24.988914489746094
2007-06-18,24.988914489746094
2007-06-19,25.073585510253906
2007-06-20,24.62198257446289
2007-06-21,24.734880447387695
2007-06-22,24.556121826171875
2007-06-25,24.349136352539062
2007-06-26,24.151559829711914
2007-06-27,24.490270614624023
2007-06-28,24.537309646606445
2007-06-29,24.462038040161133
2007-07-02,24.876014709472656
2007-07-03,24.988914489746094
2007-07-05,25.120634078979492
2007-07-06,25.308801651000977
2007-07-09,25.42171287536621
2007-07-10,25.08299446105957
2007-07-11,25.280580520629883
2007-07-12,25.68514060974121
2007-07-13,25.83568000793457
2007-07-16,25.628692626953125
2007-07-17,25.60987663269043
2007-07-18,25.647506713867188
2007-07-19,25.83568000793457
2007-07-20,25.50638198852539
2007-07-23,25.487565994262695
2007-07-24,24.8383731842041
2007-07-25,24.65961265563965
2007-07-26,23.99161720275879
2007-07-27,23.699951171875
2007-07-30,24.104515075683594
2007-07-31,23.83167839050293
2007-08-01,23.73758888244629
2007-08-02,24.01042938232422
2007-08-03,23.210716247558594
2007-08-06,23.427104949951172
2007-08-07,23.596460342407227
2007-08-08,23.80344581604004
2007-08-09,23.1824951171875
2007-08-10,23.238937377929688
2007-08-13,23.4459228515625
2007-08-14,22.88141441345215
2007-08-15,22.241640090942383
2007-08-16,22.420398712158203
2007-08-17,22.62738037109375
2007-08-20,22.796741485595703
2007-08-21,22.88141441345215
2007-08-22,23.483558654785156
2007-08-23,23.361248016357422
2007-08-24,23.73758888244629
2007-08-27,23.530597686767578
2007-08-28,22.872013092041016
2007-08-29,23.40828514099121
2007-08-30,23.37065315246582
2007-08-31,23.794038772583008
2007-09-04,24.05747413635254
2007-09-05,23.859895706176758
2007-09-06,23.906940460205078
2007-09-07,23.511781692504883
2007-09-10,23.28598976135254
2007-09-11,23.530597686767578
2007-09-12,23.502376556396484
2007-09-13,23.709354400634766
2007-09-14,23.906940460205078
2007-09-17,23.794038772583008
2007-09-18,24.56553077697754
2007-09-19,24.781930923461914
2007-09-20,24.65961265563965
2007-09-21,24.796173095703125
2007-09-24,24.74908447265625
2007-09-25,24.767919540405273
2007-09-26,24.993932723999023
2007-09-27,25.21054458618164
2007-09-28,25.135204315185547
2007-10-01,25.502487182617188
2007-10-02,25.493064880371094
2007-10-03,25.267044067382812
2007-10-04,25.380054473876953
2007-10-05,25.690834045410156
2007-10-08,25.73792266845703
2007-10-09,26.06753158569336
2007-10-10,26.105201721191406
2007-10-11,25.841503143310547
2007-10-12,26.171123504638672
2007-10-15,26.058107376098633
2007-10-16,25.841503143310547
2007-10-17,25.89801788330078
2007-10-18,25.963937759399414
2007-10-19,25.12578010559082
2007-10-22,25.21995735168457
2007-10-23,25.615488052368164
2007-10-24,25.596662521362305
2007-10-25,25.653162002563477
2007-10-26,25.963937759399414
2007-10-29,26.180538177490234
2007-10-30,25.785005569458008
2007-10-31,26.15229034423828
2007-11-01,25.51189613342285
2007-11-02,25.73792266845703
2007-11-05,25.51189613342285
2007-11-06,25.954517364501953
2007-11-07,25.30471420288086
2007-11-08,25.285873413085938
2007-11-09,24.843257904052734
2007-11-12,24.13695526123047
2007-11-13,24.67374610900879
2007-11-14,24.711414337158203
2007-11-15,24.485387802124023
2007-11-16,24.58898162841797
2007-11-19,24.14636993408203
2007-11-20,24.13695526123047
2007-11-21,23.882675170898438
2007-11-23,24.25937843322754
2007-11-26,23.99568748474121
2007-11-27,24.25937843322754
2007-11-28,25.08811378479004
2007-11-29,25.182292938232422
2007-11-30,25.332965850830078
2007-12-03,25.25762176513672
2007-12-04,25.106945037841797
2007-12-05,25.5495662689209
2007-12-06,26.076946258544922
2007-12-07,26.15229034423828
2007-12-10,26.31238555908203
2007-12-11,25.596662521362305
2007-12-12,25.690834045410156
2007-12-13,25.785005569458008
2007-12-14,25.5495662689209
2007-12-17,24.93743133544922
2007-12-18,25.135204315185547
2007-12-19,25.20112419128418
2007-12-20,25.51189613342285
2007-12-21,26.029857635498047
2007-12-24,26.227628707885742
2007-12-26,26.255882263183594
2007-12-27,25.860347747802734
2007-12-28,25.945098876953125
2007-12-31,25.70024871826172
2008-01-02,25.43655776977539
2008-01-03,25.45539665222168
2008-01-04,24.786754608154297
2008-01-07,24.56073760986328
2008-01-08,24.240535736083984
2008-01-09,24.268796920776367
2008-01-10,24.475980758666992
2008-01-11,24.108701705932617
2008-01-14,24.447715759277344
2008-01-15,23.84500503540039
2008-01-16,23.345882415771484
2008-01-17,22.526559829711914
2008-01-18,22.479476928710938
2008-01-22,22.2252140045166
2008-01-23,22.281709671020508
2008-01-24,22.76200294494629
2008-01-25,22.583072662353516
2008-01-28,22.875017166137695
2008-01-29,23.16695785522461
2008-01-30,23.223451614379883
2008-01-31,23.35529899597168
2008-02-01,23.74141502380371
2008-02-04,23.6943302154541
2008-02-05,22.912675857543945
2008-02-06,22.564233779907227
2008-02-07,22.714914321899414
2008-02-08,22.875017166137695
2008-02-11,23.223451614379883
2008-02-12,23.25171661376953
2008-02-13,23.6943302154541
2008-02-14,23.402389526367188
2008-02-15,23.345882415771484
2008-02-19,23.430644989013672
2008-02-20,23.71316146850586
2008-02-21,23.515398025512695
2008-02-22,23.6943302154541
2008-02-25,24.11811637878418
2008-02-26,24.231122970581055
2008-02-27,24.11811637878418
2008-02-28,24.07102394104004
2008-02-29,23.458890914916992
2008-03-03,23.56248664855957
2008-03-04,23.35529899597168
2008-03-05,23.6378231048584
2008-03-06,23.16695785522461
2008-03-07,22.790264129638672
2008-03-10,22.159290313720703
2008-03-11,22.8090877532959
2008-03-12,22.733749389648438
2008-03-13,22.9974365234375
2008-03-14,22.658411026000977
2008-03-17,22.14986801147461
2008-03-18,22.884418487548828
2008-03-19,22.31938362121582
2008-03-20,22.592477798461914
2008-03-24,23.176362991333008
2008-03-25,23.534229278564453
2008-03-26,23.54364776611328
2008-03-27,23.279951095581055
2008-03-28,23.02569007873535
2008-03-31,23.119863510131836
2008-04-01,23.873260498046875
2008-04-02,23.976856231689453
2008-04-03,24.023942947387695
2008-04-04,24.30646324157715
2008-04-07,24.278217315673828
2008-04-08,24.334716796875
2008-04-09,24.07102394104004
2008-04-10,24.18404769897461
2008-04-11,23.816762924194336
2008-04-14,23.873260498046875
2008-04-15,24.080446243286133
2008-04-16,24.67374610900879
2008-04-17,24.485387802124023
2008-04-18,24.928022384643555
2008-04-21,24.946849822998047
2008-04-22,24.720829010009766
2008-04-23,24.758502960205078
2008-04-24,24.758502960205078
2008-04-25,25.00335693359375
2008-04-28,24.993932723999023
2008-04-29,24.54190444946289
2008-04-30,24.485387802124023
2008-05-01,24.67374610900879
2008-05-02,24.833843231201172
2008-05-05,24.909183502197266
2008-05-06,25.267044067382812
2008-05-07,24.871511459350586
2008-05-08,25.031606674194336
2008-05-09,24.880924224853516
2008-05-12,25.172868728637695
2008-05-13,25.398889541625977
2008-05-14,25.389474868774414
2008-05-15,25.719079971313477
2008-05-16,25.87918472290039
2008-05-19,25.73792266845703
2008-05-20,25.747339248657227
2008-05-21,25.238788604736328
2008-05-22,25.172868728637695
2008-05-23,24.909183502197266
2008-05-27,24.946849822998047
2008-05-28,25.427141189575195
2008-05-29,25.408306121826172
2008-05-30,25.64374351501465
2008-06-02,25.464811325073242
2008-06-03,25.351802825927734
2008-06-04,25.24820327758789
2008-06-05,25.841503143310547
2008-06-06,25.24820327758789
2008-06-09,25.398889541625977
2008-06-10,25.191701889038086
2008-06-11,24.805591583251953
2008-06-12,24.636070251464844
2008-06-13,25.1634578704834
2008-06-16,25.285873413085938
2008-06-17,25.34238624572754
2008-06-18,25.20112419128418
2008-06-19,25.314128875732422
2008-06-20,24.862092971801758
2008-06-23,25.08811378479004
2008-06-24,24.739669799804688
2008-06-25,24.871511459350586
2008-06-26,24.231122970581055
2008-06-27,24.268796920776367
2008-06-30,24.32529640197754
2008-07-01,24.287635803222656
2008-07-02,23.27054214477539
2008-07-03,23.053945541381836
2008-07-07,22.837343215942383
2008-07-08,23.10102653503418
2008-07-09,22.818510055541992
2008-07-10,23.298791885375977
2008-07-11,23.21403694152832
2008-07-14,23.148120880126953
2008-07-15,22.70549964904785
2008-07-16,22.959768295288086
2008-07-17,22.931516647338867
2008-07-18,22.90325927734375
2008-07-21,23.176362991333008
2008-07-22,23.091609954833984
2008-07-23,22.846752166748047
2008-07-24,22.206375122070312
2008-07-25,22.535978317260742
2008-07-28,22.300548553466797
2008-07-29,22.69607925415039
2008-07-30,23.308212280273438
2008-07-31,22.827924728393555
2008-08-01,22.611318588256836
2008-08-04,21.839092254638672
2008-08-05,22.12160873413086
2008-08-06,22.4888916015625
2008-08-07,22.074527740478516
2008-08-08,22.281709671020508
2008-08-11,22.272296905517578
2008-08-12,22.055686950683594
2008-08-13,22.357046127319336
2008-08-14,22.40413475036621
2008-08-15,22.206375122070312
2008-08-18,21.94268035888672
2008-08-19,21.876760482788086
2008-08-20,22.187538146972656
2008-08-21,22.253459930419922
2008-08-22,22.29112434387207
2008-08-25,21.82966423034668
2008-08-26,21.952098846435547
2008-08-27,22.272296905517578
2008-08-28,22.451223373413086
2008-08-29,22.206375122070312
2008-09-02,21.613067626953125
2008-09-03,21.245790481567383
2008-09-04,20.53005599975586
2008-09-05,20.595983505249023
2008-09-08,20.53005599975586
2008-09-09,19.46588706970215
2008-09-10,19.86142921447754
2008-09-11,20.200450897216797
2008-09-12,20.54889488220215
2008-09-15,19.541223526000977
2008-09-16,19.927343368530273
2008-09-17,19.04210090637207
2008-09-18,19.607149124145508
2008-09-19,20.54889488220215
2008-09-22,19.88025665283203
2008-09-23,19.324628829956055
2008-09-24,19.183364868164062
2008-09-25,19.475303649902344
2008-09-26,19.26812171936035
2008-09-29,17.346961975097656
2008-09-30,18.28870964050293
2008-10-01,17.902587890625
2008-10-02,16.94200897216797
2008-10-03,16.678316116333008
2008-10-06,15.990849494934082
2008-10-07,15.133857727050781
2008-10-08,15.105607986450195
2008-10-09,14.069687843322754
2008-10-10,13.975508689880371
2008-10-13,15.53880500793457
2008-10-14,15.284538269042969
2008-10-15,13.90017032623291
2008-10-16,14.182694435119629
2008-10-17,14.239197731018066
2008-10-20,14.804247856140137
2008-10-21,14.27686882019043
2008-10-22,13.335122108459473
2008-10-23,13.17502498626709
2008-10-24,12.911337852478027
2008-10-27,12.402795791625977
2008-10-28,13.288037300109863
2008-10-29,13.702404022216797
2008-10-30,14.135604858398438
2008-10-31,14.559394836425781
2008-11-03,14.549973487854004
2008-11-04,14.860749244689941
2008-11-05,14.126192092895508
2008-11-06,13.495220184326172
2008-11-07,13.711822509765625
2008-11-10,13.476384162902832
2008-11-11,13.06201457977295
2008-11-12,12.393377304077148
2008-11-13,13.269200325012207
2008-11-14,12.704153060913086
2008-11-17,12.48755168914795
2008-11-18,12.412213325500488
2008-11-19,11.69648265838623
2008-11-20,10.867749214172363
2008-11-21,11.376288414001465
2008-11-24,12.176776885986328
2008-11-25,12.431046485900879
2008-11-26,12.977258682250977
2008-11-28,13.156192779541016
2008-12-01,11.80949592590332
2008-12-02,12.383959770202637
2008-12-03,12.694737434387207
2008-12-04,12.336873054504395
2008-12-05,12.94900894165039
2008-12-08,13.335122108459473
2008-12-09,12.986680030822754
2008-12-10,13.297450065612793
2008-12-11,12.779491424560547
2008-12-12,12.873669624328613
2008-12-15,12.685317039489746
2008-12-16,13.410462379455566
2008-12-17,13.598811149597168
2008-12-18,13.353959083557129
2008-12-19,13.532437324523926
2008-12-22,13.24913501739502
2008-12-23,13.164144515991211
2008-12-24,13.23025131225586
2008-12-26,13.381345748901367
2008-12-29,13.164144515991211
2008-12-30,13.560770988464355
2008-12-31,13.825182914733887
2009-01-02,14.174591064453125
2009-01-05,14.127376556396484
2009-01-06,14.14626407623291
2009-01-07,13.730751991271973
2009-01-08,13.740192413330078
2009-01-09,13.475777626037598
2009-01-12,13.23025131225586
2009-01-13,13.201915740966797
2009-01-14,12.833627700805664
2009-01-15,13.022493362426758
2009-01-16,13.192475318908691
2009-01-20,12.550321578979492
2009-01-21,13.003606796264648
2009-01-22,12.833627700805664
2009-01-23,12.824183464050293
2009-01-26,12.880845069885254
2009-01-27,12.984723091125488
2009-01-28,13.353013038635254
2009-01-29,13.0413818359375
2009-01-30,12.739188194274902
2009-02-02,12.795852661132812
2009-02-03,12.956389427185059
2009-02-04,12.909170150756836
2009-02-05,13.0413818359375
2009-02-06,13.343573570251465
2009-02-09,13.30579662322998
2009-02-10,12.7675199508667
2009-02-11,12.814737319946289
2009-02-12,12.843069076538086
2009-02-13,12.739188194274902
2009-02-17,12.257574081420898
2009-02-18,12.238688468933105
2009-02-19,12.097038269042969
2009-02-20,12.078149795532227
2009-02-23,11.634305953979492
2009-02-24,12.040372848510742
2009-02-25,11.927055358886719
2009-02-26,11.728741645812988
2009-02-27,11.587089538574219
2009-03-02,11.105478286743164
2009-03-03,11.058258056640625
2009-03-04,11.313231468200684
2009-03-05,10.888277053833008
2009-03-06,10.850502967834473
2009-03-09,10.699407577514648
2009-03-10,11.199910163879395
2009-03-11,11.256570816040039
2009-03-12,11.672082901000977
2009-03-13,11.728741645812988
2009-03-16,11.634305953979492
2009-03-17,12.03093147277832
2009-03-18,12.238688468933105
2009-03-19,12.153696060180664
2009-03-20,11.908169746398926
2009-03-23,12.540878295898438
2009-03-24,12.267020225524902
2009-03-25,12.370898246765137
2009-03-26,12.720300674438477
2009-03-27,12.493659019470215
2009-03-30,12.182026863098145
2009-03-31,12.361451148986816
2009-04-01,12.44644546508789
2009-04-02,12.776962280273438
2009-04-03,13.022493362426758
2009-04-06,12.880845069885254
2009-04-07,12.597537994384766
2009-04-08,12.786410331726074
2009-04-09,13.079153060913086
2009-04-13,13.022493362426758
2009-04-14,12.85251235961914
2009-04-15,12.890289306640625
2009-04-16,13.145255088806152
2009-04-17,13.154705047607422
2009-04-20,12.748634338378906
2009-04-21,12.946943283081055
2009-04-22,12.975275993347168
2009-04-23,13.060266494750977
2009-04-24,13.154705047607422
2009-04-27,13.145255088806152
2009-04-28,13.192475318908691
2009-04-29,13.371899604797363
2009-04-30,13.315238952636719
2009-05-01,13.2774658203125
2009-05-04,13.560770988464355
2009-05-05,13.551323890686035
2009-05-06,13.58910083770752
2009-05-07,13.334122657775879
2009-05-08,13.504111289978027
2009-05-11,13.409671783447266
2009-05-12,13.343573570251465
2009-05-13,12.975275993347168
2009-05-14,13.088598251342773
2009-05-15,13.031935691833496
2009-05-18,13.30579662322998
2009-05-19,13.362456321716309
2009-05-20,13.268022537231445
2009-05-21,13.069711685180664
2009-05-22,13.079153060913086
2009-05-26,13.428558349609375
2009-05-27,13.24913501739502
2009-05-28,13.343573570251465
2009-05-29,13.494668006896973
2009-06-01,13.966839790344238
2009-06-02,14.014055252075195
2009-06-03,13.862960815429688
2009-06-04,13.929061889648438
2009-06-05,13.947951316833496
2009-06-08,13.929061889648438
2009-06-09,14.023497581481934
2009-06-10,13.938504219055176
2009-06-11,14.004611015319824
2009-06-12,13.947951316833496
2009-06-15,13.692976951599121
2009-06-16,13.522995948791504
2009-06-17,13.598543167114258
2009-06-18,13.71186351776123
2009-06-19,13.716609001159668
2009-06-22,13.36539077758789
2009-06-23,13.298942565917969
2009-06-24,13.431833267211914
2009-06-25,13.735594749450684
2009-06-26,13.735594749450684
2009-06-29,13.849505424499512
2009-06-30,13.773563385009766
2009-07-01,13.858997344970703
2009-07-02,13.40335464477539
2009-07-06,13.27995491027832
2009-07-07,12.947722434997559
2009-07-08,12.92873764038086
2009-07-09,13.004674911499023
2009-07-10,13.042646408081055
2009-07-13,13.374879837036133
2009-07-14,13.50777530670166
2009-07-15,13.887475967407227
2009-07-16,14.086816787719727
2009-07-17,14.105802536010742
2009-07-20,14.362096786499023
2009-07-21,14.390575408935547
2009-07-22,14.419053077697754
2009-07-23,14.827227592468262
2009-07-24,14.941137313842773
2009-07-27,14.969612121582031
2009-07-28,14.846213340759277
2009-07-29,14.72281265258789
2009-07-30,15.06454086303711
2009-07-31,15.14047908782959
2009-08-03,15.463223457336426
2009-08-04,15.472716331481934
2009-08-05,15.434744834899902
2009-08-06,15.377791404724121
2009-08-07,15.747993469238281
2009-08-10,15.66256046295166
2009-08-11,15.520177841186523
2009-08-12,15.700539588928223
2009-08-13,15.81444263458252
2009-08-14,15.577130317687988
2009-08-17,15.06454086303711
2009-08-18,15.301854133605957
2009-08-19,15.406269073486328
2009-08-20,15.719518661499023
2009-08-21,16.013784408569336
2009-08-24,15.89987564086914
2009-08-25,15.975811004638672
2009-08-26,15.88089370727539
2009-08-27,15.966322898864746
2009-08-28,15.956825256347656
2009-08-31,15.738504409790039
2009-09-01,15.282864570617676
2009-09-02,15.282864570617676
2009-09-03,15.539167404174805
2009-09-04,15.719518661499023
2009-09-08,15.966322898864746
2009-09-09,16.232112884521484
2009-09-10,16.497901916503906
2009-09-11,16.478918075561523
2009-09-14,16.59282875061035
2009-09-15,16.82064437866211
2009-09-16,17.14339256286621
2009-09-17,17.0484619140625
2009-09-18,17.084575653076172
2009-09-21,17.01805877685547
2009-09-22,17.208099365234375
2009-09-23,16.942041397094727
2009-09-24,16.647483825683594
2009-09-25,16.51445198059082
2009-09-28,16.951549530029297
2009-09-29,16.913536071777344
2009-09-30,16.83751678466797
2009-10-01,16.219892501831055
2009-10-02,16.162878036499023
2009-10-05,16.628475189208984
2009-10-06,16.894535064697266
2009-10-07,16.856521606445312
2009-10-08,17.179595947265625
2009-10-09,17.274614334106445
2009-10-12,17.30311393737793
2009-10-13,17.208099365234375
2009-10-14,17.616683959960938
2009-10-15,17.616683959960938
2009-10-16,17.37913703918457
2009-10-19,17.6071834564209
2009-10-20,17.455154418945312
2009-10-21,17.274614334106445
2009-10-22,17.540668487548828
2009-10-23,17.23659896850586
2009-10-26,16.961044311523438
2009-10-27,16.637981414794922
2009-10-28,15.9728364944458
2009-10-29,16.52395248413086
2009-10-30,15.9728364944458
2009-11-02,16.04884910583496
2009-11-03,16.362422943115234
2009-11-04,16.20088768005371
2009-11-05,16.590473175048828
2009-11-06,16.599964141845703
2009-11-09,17.103580474853516
2009-11-10,17.16058921813965
2009-11-11,17.293609619140625
2009-11-12,17.008556365966797
2009-11-13,17.208099365234375
2009-11-16,17.550167083740234
2009-11-17,17.512163162231445
2009-11-18,17.445655822753906
2009-11-19,17.084575653076172
2009-11-20,16.970556259155273
2009-11-23,17.122575759887695
2009-11-24,17.037065505981445
2009-11-25,17.16058921813965
2009-11-27,16.78050994873047
2009-11-30,16.83751678466797
2009-12-01,17.122575759887695
2009-12-02,17.246105194091797
2009-12-03,17.094070434570312
2009-12-04,17.360130310058594
2009-12-07,17.23659896850586
2009-12-08,17.094070434570312
2009-12-09,17.151079177856445
2009-12-10,17.208099365234375
2009-12-11,17.265106201171875
2009-12-14,17.56917381286621
2009-12-15,17.426645278930664
2009-12-16,17.578676223754883
2009-12-17,17.33162498474121
2009-12-18,17.423830032348633
2009-12-21,17.61394500732422
2009-12-22,17.775535583496094
2009-12-23,17.889604568481445
2009-12-24,17.994171142578125
2009-12-28,17.97515869140625
2009-12-29,17.927631378173828
2009-12-30,17.908615112304688
2009-12-31,17.69948959350586
2010-01-04,17.994171142578125
2010-01-05,18.108238220214844
2010-01-06,18.098731994628906
2010-01-07,18.146259307861328
2010-01-08,18.279338836669922
2010-01-11,18.326866149902344
2010-01-12,18.022687911987305
2010-01-13,18.241313934326172
2010-01-14,18.26032066345215
2010-01-15,18.022687911987305
2010-01-19,18.250818252563477
2010-01-20,18.04169273376465
2010-01-21,17.670974731445312
2010-01-22,17.195697784423828
2010-01-25,17.281248092651367
2010-01-26,17.271739959716797
2010-01-27,17.290748596191406
2010-01-28,17.053110122680664
2010-01-29,16.748937606811523
2010-02-01,17.119644165039062
2010-02-02,17.385807037353516
2010-02-03,17.290748596191406
2010-02-04,16.615854263305664
2010-02-05,16.682390213012695
2010-02-08,16.682390213012695
2010-02-09,16.95805549621582
2010-02-10,16.92003059387207
2010-02-11,17.205202102661133
2010-02-12,17.25272560119629
2010-02-16,17.604434967041016
2010-02-17,17.76603889465332
2010-02-18,17.946636199951172
2010-02-19,17.994171142578125
2010-02-22,17.97515869140625
2010-02-23,17.69948959350586
2010-02-24,17.87059783935547
2010-02-25,17.965648651123047
2010-02-26,18.07971954345703
2010-03-01,18.45994758605957
2010-03-02,18.535991668701172
2010-03-03,18.535991668701172
2010-03-04,18.54549789428711
2010-03-05,18.87819480895996
2010-03-08,18.868682861328125
2010-03-09,18.935224533081055
2010-03-10,19.030282974243164
2010-03-11,19.08732032775879
2010-03-12,19.13484764099121
2010-03-15,19.077804565429688
2010-03-16,19.28693389892578
2010-03-17,19.410507202148438
2010-03-18,19.28693389892578
2010-03-19,19.096820831298828
2010-03-22,19.38199234008789
2010-03-23,19.572101593017578
2010-03-24,19.439023971557617
2010-03-25,19.305950164794922
2010-03-26,19.296436309814453
2010-03-29,19.46753692626953
2010-03-30,19.46753692626953
2010-03-31,19.343965530395508
2010-04-01,19.543588638305664
2010-04-05,19.904802322387695
2010-04-06,19.98084259033203
2010-04-07,19.82876205444336
2010-04-08,19.914306640625
2010-04-09,20.028369903564453
2010-04-12,20.047393798828125
2010-04-13,20.075899124145508
2010-04-14,20.380077362060547
2010-04-15,20.399089813232422
2010-04-16,20.05689239501953
2010-04-19,19.96183967590332
2010-04-20,20.256502151489258
2010-04-21,20.380077362060547
2010-04-22,20.67475700378418
2010-04-23,20.959928512573242
2010-04-26,20.969430923461914
2010-04-27,20.275522232055664
2010-04-28,20.19947624206543
2010-04-29,20.741296768188477
2010-04-30,20.180463790893555
2010-05-03,20.627225875854492
2010-05-04,19.990354537963867
2010-05-05,19.657657623291016
2010-05-06,18.98275375366211
2010-05-07,18.421916961669922
2010-05-10,19.591114044189453
2010-05-11,19.562591552734375
2010-05-12,20.047393798828125
2010-05-13,19.82876205444336
2010-05-14,19.258419036865234
2010-05-17,19.248912811279297
2010-05-18,18.87819480895996
2010-05-19,18.631044387817383
2010-05-20,17.74702262878418
2010-05-21,18.212800979614258
2010-05-24,18.07971954345703
2010-05-25,18.06070327758789
2010-05-26,18.127243041992188
2010-05-27,19.001766204833984
2010-05-28,18.7356014251709
2010-06-01,18.22230339050293
2010-06-02,18.783140182495117
2010-06-03,18.944732666015625
2010-06-04,18.108238220214844
2010-06-07,17.670974731445312
2010-06-08,17.775535583496094
2010-06-09,17.813560485839844
2010-06-10,18.44093132019043
2010-06-11,18.697587966918945
2010-06-14,18.792638778686523
2010-06-15,19.3249568939209
2010-06-16,19.267925262451172
2010-06-17,19.248912811279297
2010-06-18,19.218463897705078
2010-06-21,19.151870727539062
2010-06-22,18.723731994628906
2010-06-23,18.723731994628906
2010-06-24,18.333654403686523
2010-06-25,18.533445358276367
2010-06-28,18.466854095458984
2010-06-29,17.639127731323242
2010-06-30,17.486902236938477
2010-07-01,17.410789489746094
2010-07-02,17.239534378051758
2010-07-06,17.25855827331543
2010-07-07,17.867469787597656
2010-07-08,17.991147994995117
2010-07-09,18.16240119934082
2010-07-12,18.124347686767578
2010-07-13,18.428794860839844
2010-07-14,18.409767150878906
2010-07-15,18.409767150878906
2010-07-16,17.838924407958984
2010-07-19,17.905521392822266
2010-07-20,18.23851776123047
2010-07-21,18.038721084594727
2010-07-22,18.51442527770996
2010-07-23,18.818878173828125
2010-07-26,19.09477996826172
2010-07-27,18.980607986450195
2010-07-28,18.87596321105957
2010-07-29,18.818878173828125
2010-07-30,18.856931686401367
2010-08-02,19.18041229248047
2010-08-03,19.009151458740234
2010-08-04,19.189924240112305
2010-08-05,19.123323440551758
2010-08-06,19.075754165649414
2010-08-09,19.227977752685547
2010-08-10,19.018672943115234
2010-08-11,18.40026092529297
2010-08-12,18.3812255859375
2010-08-13,18.267057418823242
2010-08-16,18.276567459106445
2010-08-17,18.62859344482422
2010-08-18,18.742759704589844
2010-08-19,18.3717098236084
2010-08-20,18.409767150878906
2010-08-23,18.24802589416504
2010-08-24,17.876983642578125
2010-08-25,18.029205322265625
2010-08-26,17.934062957763672
2010-08-27,18.257543563842773
2010-08-30,17.924549102783203
2010-08-31,17.962602615356445
2010-09-01,18.60004997253418
2010-09-02,18.87596321105957
2010-09-03,19.151870727539062
2010-09-07,18.942562103271484
2010-09-08,19.104299545288086
2010-09-09,19.11380958557129
2010-09-10,19.13284683227539
2010-09-13,19.446802139282227
2010-09-14,19.418264389038086
2010-09-15,19.475343704223633
2010-09-16,19.503890991210938
2010-09-17,19.54194450378418
2010-09-20,19.855913162231445
2010-09-21,19.79882049560547
2010-09-22,19.713191986083984
2010-09-23,19.57048797607422
2010-09-24,20.03667640686035
2010-09-27,20.00813865661621
2010-09-28,20.103273391723633
2010-09-29,20.09376335144043
2010-09-30,19.979597091674805
2010-10-01,19.97007942199707
2010-10-04,19.86542320251465
2010-10-05,20.331613540649414
2010-10-06,20.11279296875
2010-10-07,20.103273391723633
2010-10-08,20.284048080444336
2010-10-11,20.274526596069336
2010-10-12,20.40772819519043
2010-10-13,20.569461822509766
2010-10-14,20.521896362304688
2010-10-15,20.588497161865234
2010-10-18,21.644559860229492
2010-10-19,20.236474990844727
2010-10-20,20.540924072265625
2010-10-21,20.626548767089844
2010-10-22,20.731201171875
2010-10-25,20.85489273071289
2010-10-26,20.90245819091797
2010-10-27,20.892942428588867
2010-10-28,20.911970138549805
2010-10-29,21.016630172729492
2010-11-01,21.016630172729492
2010-11-02,21.27351188659668
2010-11-03,21.349628448486328
2010-11-04,21.606494903564453
2010-11-05,21.596986770629883
2010-11-08,21.568452835083008
2010-11-09,21.42574119567871
2010-11-10,21.558931350708008
2010-11-11,21.635046005249023
2010-11-12,21.244966506958008
2010-11-15,21.263992309570312
2010-11-16,20.797805786132812
2010-11-17,20.911970138549805
2010-11-18,21.254486083984375
2010-11-19,21.416221618652344
2010-11-22,21.644559860229492
2010-11-23,21.36865234375
2010-11-24,21.787277221679688
2010-11-26,21.730186462402344
2010-11-29,21.635046005249023
2010-11-30,21.53990936279297
2010-12-01,21.939495086669922
2010-12-02,22.139293670654297
2010-12-03,22.26297950744629
2010-12-06,22.24394416809082
2010-12-07,22.24394416809082
2010-12-08,22.23443603515625
2010-12-09,22.26297950744629
2010-12-10,22.37714385986328
2010-12-13,22.27249526977539
2010-12-14,22.1488037109375
2010-12-15,22.110748291015625
2010-12-16,22.30103302001953
2010-12-17,22.345821380615234
2010-12-20,22.393468856811523
2010-12-21,22.56499481201172
2010-12-22,22.57451820373535
2010-12-23,22.49828338623047
2010-12-27,22.488758087158203
2010-12-28,22.441110610961914
2010-12-29,22.49828338623047
2010-12-30,22.441110610961914
2010-12-31,22.40299415588379
2011-01-03,22.669809341430664
2011-01-04,22.545928955078125
2011-01-05,22.68886947631836
2011-01-06,22.679338455200195
2011-01-07,22.660280227661133
2011-01-10,22.80321502685547
2011-01-11,22.822280883789062
2011-01-12,23.01285743713379
2011-01-13,23.079565048217773
2011-01-14,23.18438148498535
2011-01-18,23.289203643798828
2011-01-19,22.946157455444336
2011-01-20,22.660280227661133
2011-01-21,22.59358024597168
2011-01-24,22.80321502685547
2011-01-25,22.793684005737305
2011-01-26,23.031917572021484
2011-01-27,23.33684539794922
2011-01-28,22.860397338867188
2011-01-31,23.060508728027344
2011-02-01,23.35590362548828
2011-02-02,23.346376419067383
2011-02-03,23.43214225769043
2011-02-04,23.65131378173828
2011-02-07,23.803770065307617
2011-02-08,23.918121337890625
2011-02-09,23.975299835205078
2011-02-10,24.137298583984375
2011-02-11,24.356470108032227
2011-02-14,24.499401092529297
2011-02-15,24.356470108032227
2011-02-16,24.44222640991211
2011-02-17,24.404109954833984
2011-02-18,24.33740997314453
2011-02-22,23.594139099121094
2011-02-23,23.222497940063477
2011-02-24,23.384496688842773
2011-02-25,23.81330680847168
2011-02-28,23.82283592224121
2011-03-01,23.4226131439209
2011-03-02,23.594139099121094
2011-03-03,24.127765655517578
2011-03-04,24.022947311401367
2011-03-07,23.7275390625
2011-03-08,23.899070739746094
2011-03-09,23.81330680847168
2011-03-10,23.394023895263672
2011-03-11,23.556018829345703
2011-03-14,23.43214225769043
2011-03-15,23.2796688079834
2011-03-16,22.965208053588867
2011-03-17,23.136737823486328
2011-03-18,23.15579605102539
2011-03-21,23.556018829345703
2011-03-22,23.479785919189453
2011-03-23,23.556018829345703
2011-03-24,23.82283592224121
2011-03-25,24.03247833251953
2011-03-28,23.93718719482422
2011-03-29,24.165882110595703
2011-03-30,24.356470108032227
2011-03-31,24.432701110839844
2011-04-01,24.58516502380371
2011-04-04,24.64234733581543
2011-04-05,24.651874542236328
2011-04-06,24.55657386779785
2011-04-07,24.480342864990234
2011-04-08,24.327877044677734
2011-04-11,24.184938430786133
2011-04-12,23.994354248046875
2011-04-13,24.146821975708008
2011-04-14,24.146821975708008
2011-04-15,24.346935272216797
2011-04-18,23.98482894897461
2011-04-19,24.165882110595703
2011-04-20,24.62328338623047
2011-04-21,24.842451095581055
2011-04-25,24.785276412963867
2011-04-26,24.9472713470459
2011-04-27,25.052095413208008
2011-04-28,25.137853622436523
2011-04-29,25.280794143676758
2011-05-02,25.16644859313965
2011-05-03,24.890098571777344
2011-05-04,24.73763656616211
2011-05-05,24.661396026611328
2011-05-06,24.83292007446289
2011-05-09,25.052095413208008
2011-05-10,25.347497940063477
2011-05-11,25.023502349853516
2011-05-12,25.099729537963867
2011-05-13,24.804332733154297
2011-05-16,24.604223251342773
2011-05-17,24.461288452148438
2011-05-18,24.88057518005371
2011-05-19,24.956804275512695
2011-05-20,24.75668716430664
2011-05-23,24.404109954833984
2011-05-24,24.3183536529541
2011-05-25,24.461288452148438
2011-05-26,24.680458068847656
2011-05-27,24.851980209350586
2011-05-31,25.109268188476562
2011-06-01,24.499401092529297
2011-06-02,24.51846694946289
2011-06-03,24.22305679321289
2011-06-06,23.8704833984375
2011-06-07,23.908599853515625
2011-06-08,23.65131378173828
2011-06-09,23.860958099365234
2011-06-10,23.441669464111328
2011-06-13,23.308259963989258
2011-06-14,23.76565933227539
2011-06-15,23.384496688842773
2011-06-16,23.31778907775879
2011-06-17,23.45119285583496
2011-06-20,23.565549850463867
2011-06-21,24.127765655517578
2011-06-22,24.042007446289062
2011-06-23,24.09918212890625
2011-06-24,23.832361221313477
2011-06-27,24.03247833251953
2011-06-28,24.451759338378906
2011-06-29,24.62328338623047
2011-06-30,24.851980209350586
2011-07-01,25.299850463867188
2011-07-05,25.442781448364258
2011-07-06,25.56667137145996
2011-07-07,25.833480834960938
2011-07-08,25.700069427490234
2011-07-11,25.23314094543457
2011-07-12,25.090213775634766
2011-07-13,25.252208709716797
2011-07-14,24.97585678100586
2011-07-15,25.11880111694336
2011-07-18,24.90915870666504
2011-07-19,25.385618209838867
2011-07-20,25.271259307861328
2011-07-21,25.46184539794922
2011-07-22,25.538076400756836
2011-07-25,25.35702896118164
2011-07-26,25.147384643554688
2011-07-27,24.54705047607422
2011-07-28,24.51846694946289
2011-07-29,24.499401092529297
2011-08-01,24.404109954833984
2011-08-02,23.641780853271484
2011-08-03,23.84189224243164
2011-08-04,22.37441062927246
2011-08-05,22.13617706298828
2011-08-08,20.449522018432617
2011-08-09,21.66925048828125
2011-08-10,21.04032325744629
2011-08-11,22.03136444091797
2011-08-12,22.345821380615234
2011-08-15,22.74604034423828
2011-08-16,22.37441062927246
2011-08-17,22.240995407104492
2011-08-18,21.078447341918945
2011-08-19,20.621049880981445
2011-08-22,20.64963150024414
2011-08-23,21.564428329467773
2011-08-24,21.917009353637695
2011-08-25,21.47866439819336
2011-08-26,22.088533401489258
2011-08-29,22.831806182861328
2011-08-30,23.089088439941406
2011-08-31,23.15579605102539
2011-09-01,22.84133529663086
2011-09-02,22.22194480895996
2011-09-06,22.145709991455078
2011-09-07,22.793684005737305
2011-09-08,22.56499481201172
2011-09-09,21.917009353637695
2011-09-12,21.98370933532715
2011-09-13,22.383943557739258
2011-09-14,22.822280883789062
2011-09-15,22.955678939819336
2011-09-16,23.048185348510742
2011-09-19,22.95281982421875
2011-09-20,22.76210594177246
2011-09-21,22.132726669311523
2011-09-22,21.37940788269043
2011-09-23,21.570127487182617
2011-09-26,21.98969841003418
2011-09-27,22.25670623779297
2011-09-28,21.71315574645996
2011-09-29,21.52243995666504
2011-09-30,20.940757751464844
2011-10-03,20.092060089111328
2011-10-04,20.52117919921875
2011-10-05,21.036113739013672
2011-10-06,21.52243995666504
2011-10-07,21.322195053100586
2011-10-10,22.094594955444336
2011-10-11,22.170881271362305
2011-10-12,22.275781631469727
2011-10-13,22.30438995361328
2011-10-14,22.657209396362305
2011-10-17,22.323450088500977
2011-10-18,22.571388244628906
2011-10-19,22.170881271362305
2011-10-20,22.228097915649414
2011-10-21,22.619068145751953
2011-10-24,23.019577026367188
2011-10-25,22.523714065551758
2011-10-26,22.59046173095703
2011-10-27,23.286582946777344
2011-10-28,23.37240219116211
2011-10-31,22.981430053710938
2011-11-01,22.504636764526367
2011-11-02,22.73349952697754
2011-11-03,23.181682586669922
2011-11-04,23.124467849731445
2011-11-07,23.114933013916016
2011-11-08,23.353328704833984
2011-11-09,22.55231475830078
2011-11-10,22.466495513916016
2011-11-11,22.92421531677246
2011-11-14,22.809783935546875
2011-11-15,23.029109954833984
2011-11-16,22.638141632080078
2011-11-17,22.352066040039062
2011-11-18,22.209026336669922
2011-11-21,22.161344528198242
2011-11-22,22.132726669311523
2011-11-23,21.741764068603516
2011-11-25,21.646413803100586
2011-11-28,22.352066040039062
2011-11-29,22.294849395751953
2011-11-30,23.086318969726562
2011-12-01,23.029109954833984
2011-12-02,22.990964889526367
2011-12-05,23.17214584350586
2011-12-06,23.048185348510742
2011-12-07,23.029109954833984
2011-12-08,22.609529495239258
2011-12-09,23.010040283203125
2011-12-12,22.704891204833984
2011-12-13,22.342527389526367
2011-12-14,21.98016357421875
2011-12-15,22.06599235534668
2011-12-16,22.258792877197266
2011-12-19,22.058353424072266
2011-12-20,22.65968132019043
2011-12-21,22.68831443786621
2011-12-22,22.707408905029297
2011-12-23,22.917396545410156
2011-12-27,23.022388458251953
2011-12-28,22.72650146484375
2011-12-29,22.888765335083008
2011-12-30,22.745580673217773
2012-01-03,22.812402725219727
2012-01-04,22.860130310058594
2012-01-05,23.051025390625
2012-01-06,23.031940460205078
2012-01-09,23.127384185791016
2012-01-10,23.346925735473633
2012-01-11,23.356460571289062
2012-01-12,23.47100830078125
2012-01-13,23.432823181152344
2012-01-17,23.53782081604004
2012-01-18,23.824161529541016
2012-01-19,23.967342376708984
2012-01-20,23.805076599121094
2012-01-23,23.81462287902832
2012-01-24,23.824161529541016
2012-01-25,24.03414535522461
2012-01-26,23.88143539428711
2012-01-27,23.900522232055664
2012-01-30,23.824161529541016
2012-01-31,23.8909854888916
2012-02-01,24.12005615234375
2012-02-02,24.091421127319336
2012-02-03,24.444583892822266
2012-02-06,24.415952682495117
2012-02-07,24.53049087524414
2012-02-08,24.61639404296875
2012-02-09,24.740480422973633
2012-02-10,24.578214645385742
2012-02-13,24.778656005859375
2012-02-14,24.80729866027832
2012-02-15,24.692758560180664
2012-02-16,24.87410545349121
2012-02-17,24.89319610595703
2012-02-21,24.921833038330078
2012-02-22,24.902742385864258
2012-02-23,25.12228012084961
2012-02-24,25.189085006713867
2012-02-27,25.21772575378418
2012-02-28,25.284543991088867
2012-02-29,25.20818519592285
2012-03-01,25.437255859375
2012-03-02,25.322723388671875
2012-03-05,25.284543991088867
2012-03-06,24.87410545349121
2012-03-07,25.055465698242188
2012-03-08,25.341815948486328
2012-03-09,25.5327091217041
2012-03-12,25.494524002075195
2012-03-13,25.876323699951172
2012-03-14,25.79996109008789
2012-03-15,25.90496253967285
2012-03-16,25.885875701904297
2012-03-19,26.009958267211914
2012-03-20,25.90496253967285
2012-03-21,25.914508819580078
2012-03-22,25.771333694458008
2012-03-23,25.84769630432129
2012-03-26,26.239028930664062
2012-03-27,26.20085906982422
2012-03-28,26.038593292236328
2012-03-29,26.009958267211914
2012-03-30,26.057682037353516
2012-04-02,26.2772159576416
2012-04-03,26.3822021484375
2012-04-04,26.114953994750977
2012-04-05,26.239028930664062
2012-04-09,26.009958267211914
2012-04-10,25.389535903930664
2012-04-11,25.704517364501953
2012-04-12,26.057682037353516
2012-04-13,25.952688217163086
2012-04-16,25.85723876953125
2012-04-17,26.210397720336914
2012-04-18,26.296302795410156
2012-04-19,26.15312957763672
2012-04-20,26.219947814941406
2012-04-23,25.933597564697266
2012-04-24,25.780879974365234
2012-04-25,26.3822021484375
2012-04-26,26.611286163330078
2012-04-27,26.821273803710938
2012-04-30,26.601741790771484
2012-05-01,26.659013748168945
2012-05-02,26.869001388549805
2012-05-03,26.582653045654297
2012-05-04,26.162673950195312
2012-05-07,26.1340389251709
2012-05-08,25.943145751953125
2012-05-09,25.79996109008789
2012-05-10,25.885875701904297
2012-05-11,25.952688217163086
2012-05-14,25.523164749145508
2012-05-15,25.465896606445312
2012-05-16,25.389535903930664
2012-05-17,24.568666458129883
2012-05-18,24.368223190307617
2012-05-21,25.01727867126465
2012-05-22,25.12228012084961
2012-05-23,25.341815948486328
2012-05-24,25.389535903930664
2012-05-25,25.303625106811523
2012-05-29,25.59952735900879
2012-05-30,25.189085006713867
2012-05-31,25.103185653686523
2012-06-01,24.291872024536133
2012-06-04,24.234596252441406
2012-06-05,24.492311477661133
2012-06-06,25.093637466430664
2012-06-07,24.998199462890625
2012-06-08,25.20818519592285
2012-06-11,24.797752380371094
2012-06-12,25.13182258605957
2012-06-13,24.797752380371094
2012-06-14,24.96001625061035
2012-06-15,25.213394165039062
2012-06-18,25.46198272705078
2012-06-19,25.73927116394043
2012-06-20,25.64365005493164
2012-06-21,25.060405731201172
2012-06-22,25.136899948120117
2012-06-25,24.697078704833984
2012-06-26,24.869176864624023
2012-06-27,24.764007568359375
2012-06-28,24.630142211914062
2012-06-29,25.242076873779297
2012-07-02,25.385501861572266
2012-07-03,25.54804039001465
2012-07-05,25.624526977539062
2012-07-06,25.40461540222168
2012-07-09,25.43330192565918
2012-07-10,25.251636505126953
2012-07-11,25.07952880859375
2012-07-12,25.03172492980957
2012-07-13,25.414180755615234
2012-07-16,25.309003829956055
2012-07-17,25.423742294311523
2012-07-18,25.557598114013672
2012-07-19,25.73927116394043
2012-07-20,25.2994441986084
2012-07-23,25.05084991455078
2012-07-24,24.764007568359375
2012-07-25,24.754446029663086
2012-07-26,25.10822105407715
2012-07-27,25.567157745361328
2012-07-30,25.528921127319336
2012-07-31,25.328126907348633
2012-08-01,25.069971084594727
2012-08-02,25.060405731201172
2012-08-03,25.528921127319336
2012-08-06,25.567157745361328
2012-08-07,25.701019287109375
2012-08-08,25.59584617614746
2012-08-09,25.586288452148438
2012-08-10,25.54804039001465
2012-08-13,25.586288452148438
2012-08-14,25.614967346191406
2012-08-15,25.72014617919922
2012-08-16,25.92092514038086
2012-08-17,26.054792404174805
2012-08-20,26.026113510131836
2012-08-21,26.035669326782227
2012-08-22,26.083477020263672
2012-08-23,25.98786735534668
2012-08-24,26.121723175048828
2012-08-27,26.093036651611328
2012-08-28,26.14084243774414
2012-08-29,26.18865203857422
2012-08-30,26.054792404174805
2012-08-31,26.18865203857422
2012-09-04,26.226898193359375
2012-09-05,26.14084243774414
2012-09-06,26.551984786987305
2012-09-07,26.695404052734375
2012-09-10,26.56154441833496
2012-09-11,26.494613647460938
2012-09-12,26.542423248291016
2012-09-13,26.810138702392578
2012-09-14,26.8770694732666
2012-09-17,26.752771377563477
2012-09-18,26.61890983581543
2012-09-19,26.752771377563477
2012-09-20,26.66672134399414
2012-09-21,26.655242919921875
2012-09-24,26.54999542236328
2012-09-25,26.282102584838867
2012-09-26,26.157724380493164
2012-09-27,26.416046142578125
2012-09-28,26.35865020751953
2012-10-01,26.377777099609375
2012-10-02,26.425621032714844
2012-10-03,26.63610076904297
2012-10-04,26.817888259887695
2012-10-05,26.88486099243164
2012-10-08,26.703075408935547
2012-10-09,26.349082946777344
2012-10-10,26.329944610595703
2012-10-11,26.35865020751953
2012-10-12,26.329944610595703
2012-10-15,26.5595645904541
2012-10-16,26.846586227416992
2012-10-17,26.98053741455078
2012-10-18,26.98053741455078
2012-10-19,26.540430068969727
2012-10-22,26.492595672607422
2012-10-23,26.253402709960938
2012-10-24,26.215133666992188
2012-10-25,26.167301177978516
2012-10-26,26.109888076782227
2012-10-31,26.224700927734375
2012-11-01,26.597835540771484
2012-11-02,26.33951187133789
2012-11-05,26.416046142578125
2012-11-06,26.50216293334961
2012-11-07,26.071619033813477
2012-11-08,25.78459358215332
2012-11-09,25.8515682220459
2012-11-12,25.937665939331055
2012-11-13,25.947240829467773
2012-11-14,25.488000869750977
2012-11-15,25.37318229675293
2012-11-16,25.70804786682129
2012-11-19,26.195995330810547
2012-11-20,26.329944610595703
2012-11-21,26.38735008239746
2012-11-23,26.664812088012695
2012-11-26,26.63610076904297
2012-11-27,26.463884353637695
2012-11-28,26.62653923034668
2012-11-29,26.779619216918945
2012-11-30,26.80832290649414
2012-12-03,26.693511962890625
2012-12-04,26.62653923034668
2012-12-05,26.597835540771484
2012-12-06,26.731781005859375
2012-12-07,26.760482788085938
2012-12-10,26.80832290649414
2012-12-11,26.90399932861328
2012-12-12,26.856155395507812
2012-12-13,26.693511962890625
2012-12-14,26.56913185119629
2012-12-17,26.8657283782959
2012-12-18,27.085783004760742
2012-12-19,26.961406707763672
2012-12-20,27.066640853881836
2012-12-21,26.869287490844727
2012-12-24,26.850034713745117
2012-12-26,26.63823699951172
2012-12-27,26.618988037109375
2012-12-28,26.407188415527344
2012-12-31,26.878921508789062
2013-01-02,27.50467872619629
2013-01-03,27.44692039489746
2013-01-04,27.591327667236328
2013-01-07,27.53356170654297
2013-01-08,27.485424041748047
2013-01-09,27.620208740234375
2013-01-10,27.658710479736328
2013-01-11,27.677968978881836
2013-01-14,27.68759536743164
2013-01-15,27.793495178222656
2013-01-16,27.72610092163086
2013-01-17,27.96677589416504
2013-01-18,27.957157135009766
2013-01-22,28.13044548034668
2013-01-23,28.101564407348633
2013-01-24,28.2459716796875
2013-01-25,28.419252395629883
2013-01-28,28.284475326538086
2013-01-29,28.332612991333008
2013-01-30,28.149700164794922
2013-01-31,28.149700164794922
2013-02-01,28.457763671875
2013-02-04,28.20745849609375
2013-02-05,28.438514709472656
2013-02-06,28.544410705566406
2013-02-07,28.457763671875
2013-02-08,28.64068031311035
2013-02-11,28.61179542541504
2013-02-12,28.621427536010742
2013-02-13,28.563663482666016
2013-02-14,28.50590705871582
2013-02-15,28.573293685913086
2013-02-19,28.66956329345703
2013-02-20,28.361495971679688
2013-02-21,28.120820999145508
2013-02-22,28.409622192382812
2013-02-25,27.870513916015625
2013-02-26,28.053430557250977
2013-02-27,28.50590705871582
2013-02-28,28.525150299072266
2013-03-01,28.621427536010742
2013-03-04,28.81397247314453
2013-03-05,29.064273834228516
2013-03-06,29.09315299987793
2013-03-07,29.122037887573242
2013-03-08,29.247194290161133
2013-03-11,29.3145809173584
2013-03-12,29.247194290161133
2013-03-13,29.410844802856445
2013-03-14,29.52637481689453
2013-03-15,29.381969451904297
2013-03-18,29.285696029663086
2013-03-19,29.218305587768555
2013-03-20,29.516752243041992
2013-03-21,29.25681495666504
2013-03-22,29.333829879760742
2013-03-25,29.304950714111328
2013-03-26,29.47823715209961
2013-03-27,29.54563331604004
2013-03-28,29.767053604125977
2013-04-01,29.54563331604004
2013-04-02,29.564884185791016
2013-04-03,29.19905662536621
2013-04-04,29.304950714111328
2013-04-05,29.266447067260742
2013-04-08,29.52637481689453
2013-04-09,29.555253982543945
2013-04-10,29.940340042114258
2013-04-11,30.113628387451172
2013-04-12,30.09438133239746
2013-04-15,29.295320510864258
2013-04-16,29.834444046020508
2013-04-17,29.468610763549805
2013-04-18,29.304950714111328
2013-04-19,29.728544235229492
2013-04-22,29.844066619873047
2013-04-23,30.09438133239746
2013-04-24,30.10400390625
2013-04-25,30.383188247680664
2013-04-26,30.296546936035156
2013-04-29,30.431324005126953
2013-04-30,30.566102981567383
2013-05-01,30.238784790039062
2013-05-02,30.460205078125
2013-05-03,30.797151565551758
2013-05-06,30.91267967224121
2013-05-07,31.05708885192871
2013-05-08,31.182239532470703
2013-05-09,30.980070114135742
2013-05-10,31.153356552124023
2013-05-13,31.124475479125977
2013-05-14,31.567323684692383
2013-05-15,31.721357345581055
2013-05-16,31.43254280090332
2013-05-17,31.759870529174805
2013-05-20,31.682849884033203
2013-05-21,31.74062156677246
2013-05-22,31.2496280670166
2013-05-23,31.085968017578125
2013-05-24,31.03783416748047
2013-05-28,31.268890380859375
2013-05-29,30.941566467285156
2013-05-30,31.066713333129883
2013-05-31,30.66237449645996
2013-06-03,30.585359573364258
2013-06-04,30.373563766479492
2013-06-05,29.872957229614258
2013-06-06,30.296546936035156
2013-06-07,30.729761123657227
2013-06-10,30.614242553710938
2013-06-11,30.383188247680664
2013-06-12,30.05586814880371
2013-06-13,30.614242553710938
2013-06-14,30.517976760864258
2013-06-17,30.681629180908203
2013-06-18,30.97044563293457
2013-06-19,30.498716354370117
2013-06-20,29.62264060974121
2013-06-21,29.540693283081055
2013-06-24,29.2225341796875
2013-06-25,29.550334930419922
2013-06-26,29.90706443786621
2013-06-27,30.225223541259766
2013-06-28,30.109527587890625
2013-07-01,30.369842529296875
2013-07-02,30.292709350585938
2013-07-03,30.292709350585938
2013-07-05,30.697643280029297
2013-07-08,30.851900100708008
2013-07-09,31.15077781677246
2013-07-10,31.208629608154297
2013-07-11,31.661762237548828
2013-07-12,31.738895416259766
2013-07-15,31.806385040283203
2013-07-16,31.53642463684082
2013-07-17,31.64247703552246
2013-07-18,31.787105560302734
2013-07-19,31.854598999023438
2013-07-22,31.873882293701172
2013-07-23,31.767822265625
2013-07-24,31.59427833557129
2013-07-25,31.738895416259766
2013-07-26,31.7099666595459
2013-07-29,31.565357208251953
2013-07-30,31.652124404907227
2013-07-31,31.68104362487793
2013-08-01,32.35593032836914
2013-08-02,32.34629440307617
2013-08-05,32.2980842590332
2013-08-06,32.02812957763672
2013-08-07,31.806385040283203
2013-08-08,31.951004028320312
2013-08-09,31.989574432373047
2013-08-12,31.951004028320312
2013-08-13,31.951004028320312
2013-08-14,31.738895416259766
2013-08-15,31.2664794921875
2013-08-16,31.15077781677246
2013-08-19,30.97724151611328
2013-08-20,31.29539680480957
2013-08-21,31.121858596801758
2013-08-22,31.478580474853516
2013-08-23,31.57498550415039
2013-08-26,31.51714324951172
2013-08-27,30.98687744140625
2013-08-28,31.064008712768555
2013-08-29,31.170055389404297
2013-08-30,30.98687744140625
2013-09-03,31.15077781677246
2013-09-04,31.382164001464844
2013-09-05,31.420732498168945
2013-09-06,31.44965934753418
2013-09-09,31.902795791625977
2013-09-10,32.1630973815918
2013-09-11,32.2787971496582
2013-09-12,32.153472900390625
2013-09-13,32.28843307495117
2013-09-16,32.52947235107422
2013-09-17,32.63551712036133
2013-09-18,33.10795974731445
2013-09-19,33.06938171386719
2013-09-20,32.831966400146484
2013-09-23,32.6003532409668
2013-09-24,32.61965560913086
2013-09-25,32.5906982421875
2013-09-26,32.81266784667969
2013-09-27,32.77406311035156
2013-09-30,32.66789627075195
2013-10-01,33.015342712402344
2013-10-02,32.98637771606445
2013-10-03,32.62930679321289
2013-10-04,32.96708297729492
2013-10-07,32.542457580566406
2013-10-08,31.818645477294922
2013-10-09,31.500160217285156
2013-10-10,32.2529182434082
2013-10-11,32.474891662597656
2013-10-14,32.6003532409668
2013-10-15,32.37838363647461
2013-10-16,33.005680084228516
2013-10-17,33.27590560913086
2013-10-18,33.46892547607422
2013-10-21,33.439971923828125
2013-10-22,33.62333297729492
2013-10-23,33.526832580566406
2013-10-24,33.74879455566406
2013-10-25,33.76810073852539
2013-10-28,33.65229415893555
2013-10-29,33.74879455566406
2013-10-30,33.58473587036133
2013-10-31,33.48823928833008
2013-11-01,33.526832580566406
2013-11-04,33.66194534301758
2013-11-05,33.66194534301758
2013-11-06,33.44961929321289
2013-11-07,32.696861267089844
2013-11-08,33.29521179199219
2013-11-11,33.391719818115234
2013-11-12,33.41101837158203
2013-11-13,33.82600021362305
2013-11-14,34.009368896484375
2013-11-15,34.19274139404297
2013-11-18,33.8839111328125
2013-11-19,33.70054244995117
2013-11-20,33.62333297729492
2013-11-21,33.99971389770508
2013-11-22,34.28923797607422
2013-11-25,34.26028823852539
2013-11-26,34.36643981933594
2013-11-27,34.47261428833008
2013-11-29,34.58842468261719
2013-12-02,34.53050994873047
2013-12-03,34.32783889770508
2013-12-04,34.27959060668945
2013-12-05,34.25063705444336
2013-12-06,34.47261428833008
2013-12-09,34.44365310668945
2013-12-10,34.39539337158203
2013-12-11,33.82600021362305
2013-12-12,33.81633758544922
2013-12-13,33.83565902709961
2013-12-16,34.01900863647461
2013-12-17,33.941802978515625
2013-12-18,34.44365310668945
2013-12-19,34.44365310668945
2013-12-20,34.892723083496094
2013-12-23,35.07622146606445
2013-12-24,35.18245315551758
2013-12-26,35.336978912353516
2013-12-27,35.192115783691406
2013-12-30,35.25971984863281
2013-12-31,35.394935607910156
2014-01-02,35.056907653808594
2014-01-03,34.96998977661133
2014-01-06,34.79616165161133
2014-01-07,35.14381408691406
2014-01-08,35.27903366088867
2014-01-09,35.308006286621094
2014-01-10,35.4625244140625
2014-01-13,34.94102096557617
2014-01-14,35.40457534790039
2014-01-15,35.607391357421875
2014-01-16,35.63636016845703
2014-01-17,35.501155853271484
2014-01-21,35.67498016357422
2014-01-22,35.85848617553711
2014-01-23,35.53977966308594
2014-01-24,34.54505920410156
2014-01-27,34.2070426940918
2014-01-28,34.554718017578125
2014-01-29,34.28430938720703
2014-01-30,34.92170715332031
2014-01-31,34.71889877319336
2014-02-03,33.66620635986328
2014-02-04,34.0428581237793
2014-02-05,33.90766525268555
2014-02-06,34.3712158203125
2014-02-07,34.9506721496582
2014-02-10,35.085880279541016
2014-02-11,35.4625244140625
2014-02-12,35.64601516723633
2014-02-13,35.98404312133789
2014-02-14,36.09025955200195
2014-02-18,36.36067199707031
2014-02-19,36.128910064697266
2014-02-20,36.36067199707031
2014-02-21,36.50554656982422
2014-02-24,36.78561782836914
2014-02-25,36.824241638183594
2014-02-26,36.77596664428711
2014-02-27,36.98842239379883
2014-02-28,36.8145866394043
2014-03-03,36.563480377197266
2014-03-04,37.19122314453125
2014-03-05,37.11397171020508
2014-03-06,37.06568145751953
2014-03-07,37.104305267333984
2014-03-10,37.104305267333984
2014-03-11,36.84355545043945
2014-03-12,36.91115951538086
2014-03-13,36.41862487792969
2014-03-14,36.3123664855957
2014-03-17,36.640743255615234
2014-03-18,36.98842239379883
2014-03-19,36.66973114013672
2014-03-20,36.7276725769043
2014-03-21,36.35102462768555
2014-03-24,35.868141174316406
2014-03-25,35.81019592285156
2014-03-26,35.43355178833008
2014-03-27,35.37560272216797
2014-03-28,35.48184585571289
2014-03-31,35.974369049072266
2014-04-01,36.43793869018555
2014-04-02,36.563480377197266
2014-04-03,36.283416748046875
2014-04-04,35.43355178833008
2014-04-07,34.83478546142578
2014-04-08,35.07622146606445
2014-04-09,35.771575927734375
2014-04-10,34.6995849609375
2014-04-11,34.27465057373047
2014-04-14,34.477447509765625
2014-04-15,34.66094970703125
2014-04-16,35.308006286621094
2014-04-17,35.41422653198242
2014-04-21,35.607391357421875
2014-04-22,35.974369049072266
2014-04-23,35.771575927734375
2014-04-24,35.78121566772461
2014-04-25,35.24040222167969
2014-04-28,35.085880279541016
2014-04-29,35.4625244140625
2014-04-30,35.67498016357422
2014-05-01,35.7136344909668
2014-05-02,35.790889739990234
2014-05-05,36.02265930175781
2014-05-06,35.607391357421875
2014-05-07,35.578407287597656
2014-05-08,35.394935607910156
2014-05-09,35.4625244140625
2014-05-12,36.051631927490234
2014-05-13,35.964717864990234
2014-05-14,35.81019592285156
2014-05-15,35.42388916015625
2014-05-16,35.617042541503906
2014-05-19,35.906776428222656
2014-05-20,35.56875228881836
2014-05-21,35.906776428222656
2014-05-22,36.19649887084961
2014-05-23,36.447593688964844
2014-05-27,36.853206634521484
2014-05-28,36.79526138305664
2014-05-29,37.0560188293457
2014-05-30,37.04637145996094
2014-06-02,37.200889587402344
2014-06-03,37.17192077636719
2014-06-04,37.32643127441406
2014-06-05,37.54854965209961
2014-06-06,37.7417106628418
2014-06-09,37.635467529296875
2014-06-10,37.54854965209961
2014-06-11,37.480953216552734
2014-06-12,37.17192077636719
2014-06-13,37.18157196044922
2014-06-16,37.24917984008789
2014-06-17,37.35540771484375
2014-06-18,37.54854965209961
2014-06-19,37.529239654541016
2014-06-20,37.65478515625
2014-06-23,37.5678825378418
2014-06-24,37.210533142089844
2014-06-25,37.53888702392578
2014-06-26,37.480953216552734
2014-06-27,37.5678825378418
2014-06-30,37.674095153808594
2014-07-01,38.04109573364258
2014-07-02,37.85758590698242
2014-07-03,38.060401916503906
2014-07-07,37.79964065551758
2014-07-08,37.5678825378418
2014-07-09,37.818965911865234
2014-07-10,37.61616516113281
2014-07-11,37.674095153808594
2014-07-14,37.8962287902832
2014-07-15,37.780330657958984
2014-07-16,37.790000915527344
2014-07-17,37.3843879699707
2014-07-18,37.83829116821289
2014-07-21,37.76102066040039
2014-07-22,37.925201416015625
2014-07-23,37.96383285522461
2014-07-24,38.002464294433594
2014-07-25,37.84794998168945
2014-07-28,37.79964065551758
2014-07-29,37.59685516357422
2014-07-30,37.5678825378418
2014-07-31,36.75663757324219
2014-08-01,36.83390426635742
2014-08-04,37.14292907714844
2014-08-05,36.824241638183594
2014-08-06,36.8049201965332
2014-08-07,36.65040969848633
2014-08-08,37.19122314453125
2014-08-11,37.345741271972656
2014-08-12,37.25883102416992
2014-08-13,37.480953216552734
2014-08-14,37.65478515625
2014-08-15,37.68376159667969
2014-08-18,38.08938217163086
2014-08-19,38.224586486816406
2014-08-20,38.38876724243164
2014-08-21,38.42738723754883
2014-08-22,38.398414611816406
2014-08-25,38.63018798828125
2014-08-26,38.63018798828125
2014-08-27,38.63018798828125
2014-08-28,38.71711730957031
2014-08-29,38.813690185546875
2014-09-02,38.94889450073242
2014-09-03,38.91992950439453
2014-09-04,38.852325439453125
2014-09-05,39.03581237792969
2014-09-08,38.96820831298828
2014-09-09,38.69779586791992
2014-09-10,38.8233528137207
2014-09-11,38.89095687866211
2014-09-12,38.659175872802734
2014-09-15,38.49498748779297
2014-09-16,38.804046630859375
2014-09-17,38.86198425292969
2014-09-18,39.02616500854492
2014-09-19,38.883968353271484
2014-09-22,38.55510711669922
2014-09-23,38.284278869628906
2014-09-24,38.58412170410156
2014-09-25,37.955406188964844
2014-09-26,38.3809928894043
2014-09-29,38.36164093017578
2014-09-30,38.023109436035156
2014-10-01,37.33634948730469
2014-10-02,37.413734436035156
2014-10-03,37.945716857910156
2014-10-06,37.71358871459961
2014-10-07,37.094539642333984
2014-10-08,37.636199951171875
2014-10-09,36.79469299316406
2014-10-10,36.14662170410156
2014-10-13,35.227725982666016
2014-10-14,35.51789474487305
2014-10-15,35.50822448730469
2014-10-16,35.8177375793457
2014-10-17,36.30137634277344
2014-10-20,36.75599670410156
2014-10-21,37.68456268310547
2014-10-22,37.27830505371094
2014-10-23,37.84900665283203
2014-10-24,38.15852355957031
2014-10-27,38.061805725097656
2014-10-28,38.57444763183594
2014-10-29,38.42935562133789
2014-10-30,38.59379196166992
2014-10-31,39.0290641784668
2014-11-03,39.058082580566406
2014-11-04,38.7872428894043
2014-11-05,38.903324127197266
2014-11-06,39.33858871459961
2014-11-07,39.406307220458984
2014-11-10,39.55138397216797
2014-11-11,39.54171371459961
2014-11-12,39.6287727355957
2014-11-13,39.59975814819336
2014-11-14,39.61909103393555
2014-11-17,39.454654693603516
2014-11-18,39.82221221923828
2014-11-19,39.72549057006836
2014-11-20,39.918949127197266
2014-11-21,39.94796371459961
2014-11-24,40.199462890625
2014-11-25,40.23814010620117
2014-11-26,40.3638916015625
2014-11-28,40.18010711669922
2014-12-01,39.55138397216797
2014-12-02,39.78352737426758
2014-12-03,40.15108108520508
2014-12-04,40.15108108520508
2014-12-05,40.15108108520508
2014-12-08,39.78352737426758
2014-12-09,39.68679428100586
2014-12-10,39.0290641784668
2014-12-11,39.21284484863281
2014-12-12,38.651824951171875
2014-12-15,38.36164093017578
2014-12-16,38.013431549072266
2014-12-17,38.893638610839844
2014-12-18,39.75449752807617
2014-12-19,39.7932014465332
2014-12-22,39.75449752807617
2014-12-23,39.89960861206055
2014-12-24,40.02534866333008
2014-12-26,40.189781188964844
2014-12-29,40.35421371459961
2014-12-30,40.04468536376953
2014-12-31,39.715816497802734
2015-01-02,39.55138397216797
2015-01-05,39.04840087890625
2015-01-06,38.59379196166992
2015-01-07,39.357933044433594
2015-01-08,40.01565933227539
2015-01-09,39.69647216796875
2015-01-12,39.46433639526367
2015-01-13,39.32892608642578
2015-01-14,39.07742691040039
2015-01-15,38.671173095703125
2015-01-16,39.2321891784668
2015-01-20,39.493350982666016
2015-01-21,39.667449951171875
2015-01-22,40.334869384765625
2015-01-23,40.2865104675293
2015-01-26,40.547672271728516
2015-01-27,40.21880340576172
2015-01-28,39.841552734375
2015-01-29,40.37354278564453
2015-01-30,39.60942459106445
2015-02-02,39.657779693603516
2015-02-03,40.01565933227539
2015-02-04,39.97697830200195
2015-02-05,40.47027587890625
2015-02-06,40.27684020996094
2015-02-09,39.89960861206055
2015-02-10,40.508975982666016
2015-02-11,40.60569763183594
2015-02-12,40.85718536376953
2015-02-13,41.128028869628906
2015-02-17,41.089332580566406
2015-02-18,41.35049819946289
2015-02-19,41.39885330200195
2015-02-20,41.81477737426758
2015-02-23,41.93084716796875
2015-02-24,41.89216613769531
2015-02-25,41.96954345703125
2015-02-26,42.008235931396484
2015-02-27,41.776092529296875
2015-03-02,42.25004959106445
2015-03-03,42.008235931396484
2015-03-04,41.79543685913086
2015-03-05,41.96954345703125
2015-03-06,41.40854263305664
2015-03-09,41.66001892089844
2015-03-10,41.13770294189453
2015-03-11,41.0990104675293
2015-03-12,41.727725982666016
2015-03-13,41.5826301574707
2015-03-16,42.221038818359375
2015-03-17,42.36612319946289
2015-03-18,42.6853141784668
2015-03-19,42.8884391784668
2015-03-20,43.13728713989258
2015-03-23,42.856475830078125
2015-03-24,42.604736328125
2015-03-25,41.723594665527344
2015-03-26,41.61708068847656
2015-03-27,42.06248092651367
2015-03-30,42.469173431396484
2015-03-31,42.05280685424805
2015-04-01,41.704227447509766
2015-04-02,41.868839263916016
2015-04-06,42.02376174926758
2015-04-07,41.87852478027344
2015-04-08,42.3336067199707
2015-04-09,42.3626594543457
2015-04-10,42.56600570678711
2015-04-13,42.42076110839844
2015-04-14,42.265838623046875
2015-04-15,42.265838623046875
2015-04-16,42.3045539855957
2015-04-17,41.830101013183594
2015-04-20,42.236778259277344
2015-04-21,42.352989196777344
2015-04-22,42.39170837402344
2015-04-23,42.711238861083984
2015-04-24,42.682193756103516
2015-04-27,42.2464714050293
2015-04-28,42.081851959228516
2015-04-29,41.704227447509766
2015-04-30,41.08451843261719
2015-05-01,41.762332916259766
2015-05-04,41.830101013183594
2015-05-05,41.171669006347656
2015-05-06,41.0457878112793
2015-05-07,41.40406036376953
2015-05-08,41.7913703918457
2015-05-11,41.742950439453125
2015-05-12,41.58802795410156
2015-05-13,41.4621467590332
2015-05-14,41.93661117553711
2015-05-15,41.96567153930664
2015-05-18,42.28519058227539
2015-05-19,42.294883728027344
2015-05-20,42.22710418701172
2015-05-21,42.3336067199707
2015-05-22,42.3045539855957
2015-05-26,41.82041549682617
2015-05-27,42.19805145263672
2015-05-28,42.18837356567383
2015-05-29,41.91725158691406
2015-06-01,42.081851959228516
2015-06-02,41.96567153930664
2015-06-03,42.11090850830078
2015-06-04,41.704227447509766
2015-06-05,41.7913703918457
2015-06-08,41.39437484741211
2015-06-09,41.29754638671875
2015-06-10,41.92692565917969
2015-06-11,42.05280685424805
2015-06-12,41.90755844116211
2015-06-15,41.723594665527344
2015-06-16,41.95598602294922
2015-06-17,42.15932846069336
2015-06-18,42.67251968383789
2015-06-19,42.59883117675781
2015-06-22,42.841209411621094
2015-06-23,42.88968276977539
2015-06-24,42.453426361083984
2015-06-25,42.42433547973633
2015-06-26,42.47279739379883
2015-06-29,41.54209899902344
2015-06-30,41.745697021484375
2015-07-01,42.0268440246582
2015-07-02,41.93959045410156
2015-07-06,41.87173080444336
2015-07-07,42.0559196472168
2015-07-08,41.26095962524414
2015-07-09,41.4257698059082
2015-07-10,42.046234130859375
2015-07-13,42.55036544799805
2015-07-14,42.80242156982422
2015-07-15,42.734561920166016
2015-07-16,42.947845458984375
2015-07-17,42.831504821777344
2015-07-20,42.96723556518555
2015-07-21,42.734561920166016
2015-07-22,42.831504821777344
2015-07-23,42.70547866821289
2015-07-24,42.259521484375
2015-07-27,41.83294677734375
2015-07-28,42.40494918823242
2015-07-29,42.58914566040039
2015-07-30,42.69579315185547
2015-07-31,42.753944396972656
2015-08-03,42.56975555419922
2015-08-04,42.66669464111328
2015-08-05,42.947845458984375
2015-08-06,42.22074890136719
2015-08-07,42.22074890136719
2015-08-10,42.6085319519043
2015-08-11,42.152870178222656
2015-08-12,42.104400634765625
2015-08-13,42.327392578125
2015-08-14,42.52128601074219
2015-08-17,42.860599517822266
2015-08-18,42.69579315185547
2015-08-19,42.540672302246094
2015-08-20,41.48394012451172
2015-08-21,40.09758377075195
2015-08-24,38.6821403503418
2015-08-25,38.59489059448242
2015-08-26,39.77766799926758
2015-08-27,40.71804428100586
2015-08-28,40.78590774536133
2015-08-31,40.272098541259766
2015-09-01,39.21535873413086
2015-09-02,40.000640869140625
2015-09-03,40.06850814819336
2015-09-04,39.58376693725586
2015-09-08,40.60171127319336
2015-09-09,40.19453048706055
2015-09-10,40.369041442871094
2015-09-11,40.64048385620117
2015-09-14,40.465980529785156
2015-09-15,40.9216423034668
2015-09-16,41.319122314453125
2015-09-17,41.30943298339844
2015-09-18,40.74959945678711
2015-09-21,40.77871322631836
2015-09-22,40.24508285522461
2015-09-23,40.17717361450195
2015-09-24,39.81818771362305
2015-09-25,39.759971618652344
2015-09-28,38.41136169433594
2015-09-29,38.168792724609375
2015-09-30,38.983787536621094
2015-10-01,39.090518951416016
2015-10-02,39.61444091796875
2015-10-05,40.012237548828125
2015-10-06,39.449501037597656
2015-10-07,39.68236541748047
2015-10-08,40.02193069458008
2015-10-09,40.20627975463867
2015-10-12,40.50704574584961
2015-10-13,40.09956359863281
2015-10-14,39.70176315307617
2015-10-15,40.254791259765625
2015-10-16,40.47795104980469
2015-10-19,40.6525764465332
2015-10-20,40.45853042602539
2015-10-21,40.17717361450195
2015-10-22,40.594383239746094
2015-10-23,40.79812240600586
2015-10-26,41.001869201660156
2015-10-27,40.93394470214844
2015-10-28,41.4578742980957
2015-10-29,41.54518508911133
2015-10-30,41.516090393066406
2015-11-02,41.90418243408203
2015-11-03,41.778053283691406
2015-11-04,41.63251876831055
2015-11-05,41.661617279052734
2015-11-06,41.65192413330078
2015-11-09,41.12799072265625
2015-11-10,41.29293441772461
2015-11-11,41.11830139160156
2015-11-12,40.390621185302734
2015-11-13,39.92491912841797
2015-11-16,40.30330276489258
2015-11-17,40.28389358520508
2015-11-18,40.97276306152344
2015-11-19,40.99217224121094
2015-11-20,41.23472595214844
2015-11-23,41.331748962402344
2015-11-24,41.331748962402344
2015-11-25,41.486976623535156
2015-11-27,41.56460189819336
2015-11-30,41.24441909790039
2015-12-01,41.506378173828125
2015-12-02,41.24441909790039
2015-12-03,40.58467483520508
2015-12-04,41.36085510253906
2015-12-07,41.15709686279297
2015-12-08,41.13770294189453
2015-12-09,40.66228485107422
2015-12-10,40.739906311035156
2015-12-11,39.98312759399414
2015-12-14,40.128665924072266
2015-12-15,40.313011169433594
2015-12-16,40.83692932128906
2015-12-17,40.33241653442383
2015-12-18,39.7557373046875
2015-12-21,39.97902297973633
2015-12-22,40.20232009887695
2015-12-23,40.54210662841797
2015-12-24,40.435325622558594
2015-12-28,40.493560791015625
2015-12-29,40.872188568115234
2015-12-30,40.61978530883789
2015-12-31,40.16347885131836
2016-01-04,39.28971862792969
2016-01-05,39.406227111816406
2016-01-06,38.95965576171875
2016-01-07,38.02764129638672
2016-01-08,37.59076690673828
2016-01-11,37.48397445678711
2016-01-12,37.9111442565918
2016-01-13,36.784976959228516
2016-01-14,37.22184371948242
2016-01-15,36.639339447021484
2016-01-19,36.6490592956543
2016-01-20,36.581092834472656
2016-01-21,36.484031677246094
2016-01-22,37.348052978515625
2016-01-25,36.72671890258789
2016-01-26,37.10536193847656
2016-01-27,36.52284240722656
2016-01-28,36.46460723876953
2016-01-29,37.250972747802734
2016-02-01,37.44514083862305
2016-02-02,36.7364387512207
2016-02-03,36.82380676269531
2016-02-04,36.72671890258789
2016-02-05,35.70734405517578
2016-02-08,34.882144927978516
2016-02-09,35.01804733276367
2016-02-10,35.3287239074707
2016-02-11,35.066593170166016
2016-02-12,35.755889892578125
2016-02-16,36.50343322753906
2016-02-17,37.085933685302734
2016-02-18,36.85293197631836
2016-02-19,37.047096252441406
2016-02-22,37.44514083862305
2016-02-23,37.183013916015625
2016-02-24,37.5034065246582
2016-02-25,37.979095458984375
2016-02-26,37.949981689453125
2016-02-29,37.61018753051758
2016-03-01,38.54219055175781
2016-03-02,38.5518913269043
2016-03-03,38.62955856323242
2016-03-04,38.69751739501953
2016-03-07,38.561607360839844
2016-03-08,38.25093460083008
2016-03-09,38.25093460083008
2016-03-10,38.27035903930664
2016-03-11,38.87227249145508
2016-03-14,38.83344268798828
2016-03-15,38.70722579956055
2016-03-16,38.930519104003906
2016-03-17,39.12467956542969
2016-03-18,39.25090789794922
2016-03-21,39.20235824584961
2016-03-22,39.309146881103516
2016-03-23,38.9693489074707
2016-03-24,38.88197708129883
2016-03-28,38.94023132324219
2016-03-29,39.49360275268555
2016-03-30,39.63923263549805
2016-03-31,39.59068298339844
2016-04-01,39.98873519897461
2016-04-04,39.551856994628906
2016-04-05,39.26060485839844
2016-04-06,39.60040283203125
2016-04-07,39.21207046508789
2016-04-08,39.31886291503906
2016-04-11,39.04703140258789
2016-04-12,39.299434661865234
2016-04-13,39.67806625366211
2016-04-14,39.58098220825195
2016-04-15,39.746028900146484
2016-04-18,39.998435974121094
2016-04-19,39.95960235595703
2016-04-20,39.94990921020508
2016-04-21,39.53243637084961
2016-04-22,39.62952423095703
2016-04-25,39.59068298339844
2016-04-26,39.76543426513672
2016-04-27,39.82369613647461
2016-04-28,39.406227111816406
2016-04-29,39.309146881103516
2016-05-02,39.65863800048828
2016-05-03,39.406227111816406
2016-05-04,39.299434661865234
2016-05-05,39.357688903808594
2016-05-06,39.57127380371094
2016-05-09,39.843109130859375
2016-05-10,40.250850677490234
2016-05-11,39.89165115356445
2016-05-12,40.06639862060547
2016-05-13,39.77515411376953
2016-05-16,40.144065856933594
2016-05-17,39.610103607177734
2016-05-18,39.57127380371094
2016-05-19,39.48390197753906
2016-05-20,39.687782287597656
2016-05-23,39.513023376464844
2016-05-24,40.09552001953125
2016-05-25,40.11494445800781
2016-05-26,40.241146087646484
2016-05-27,40.45473098754883
2016-05-31,40.38677215576172
2016-06-01,40.571231842041016
2016-06-02,40.716854095458984
2016-06-03,40.63918685913086
2016-06-06,40.69743728637695
2016-06-07,40.784812927246094
2016-06-08,40.959564208984375
2016-06-09,40.98870086669922
2016-06-10,40.61978530883789
2016-06-13,40.231441497802734
2016-06-14,40.19260787963867
2016-06-15,40.13434600830078
2016-06-16,40.260562896728516
2016-06-17,40.02893829345703
2016-06-20,40.35982894897461
2016-06-21,40.36956024169922
2016-06-22,40.350093841552734
2016-06-23,40.807518005371094
2016-06-24,39.65909957885742
2016-06-27,39.055702209472656
2016-06-28,39.7077751159668
2016-06-29,40.35982894897461
2016-06-30,40.97296905517578
2016-07-01,40.95351028442383
2016-07-05,40.865909576416016
2016-07-06,41.050819396972656
2016-07-07,41.02162170410156
2016-07-08,41.5568962097168
2016-07-11,41.693153381347656
2016-07-12,41.70288848876953
2016-07-13,41.68342590332031
2016-07-14,41.7418212890625
2016-07-15,41.60557556152344
2016-07-18,41.57637023925781
2016-07-19,41.625038146972656
2016-07-20,41.819679260253906
2016-07-21,41.57637023925781
2016-07-22,41.868343353271484
2016-07-25,41.73208999633789
2016-07-26,41.7418212890625
2016-07-27,41.517982482910156
2016-07-28,41.79048156738281
2016-07-29,41.90726852416992
2016-08-01,41.965667724609375
2016-08-02,41.673683166503906
2016-08-03,41.615291595458984
2016-08-04,41.673683166503906
2016-08-05,41.94620132446289
2016-08-08,41.80022048950195
2016-08-09,41.89753723144531
2016-08-10,41.97540283203125
2016-08-11,42.05325698852539
2016-08-12,41.98512649536133
2016-08-15,42.05325698852539
2016-08-16,41.673683166503906
2016-08-17,41.68342590332031
2016-08-18,41.87806701660156
2016-08-19,41.868343353271484
2016-08-22,41.926734924316406
2016-08-23,41.8878059387207
2016-08-24,41.70288848876953
2016-08-25,41.70288848876953
2016-08-26,41.5568962097168
2016-08-29,41.80995178222656
2016-08-30,41.70288848876953
2016-08-31,41.634765625
2016-09-01,41.72236251831055
2016-09-02,42.043521881103516
2016-09-06,42.072723388671875
2016-09-07,42.09218978881836
2016-09-08,41.80022048950195
2016-09-09,40.749122619628906
2016-09-12,41.23574447631836
2016-09-13,40.65180206298828
2016-09-14,40.642066955566406
2016-09-15,41.0605583190918
2016-09-16,40.89786148071289
2016-09-19,41.04399871826172
2016-09-20,41.03425216674805
2016-09-21,41.346004486083984
2016-09-22,41.73569107055664
2016-09-23,41.50188064575195
2016-09-26,41.26807403564453
2016-09-27,41.44343185424805
2016-09-28,41.5798225402832
2016-09-29,41.18039321899414
2016-09-30,41.31678009033203
2016-10-03,41.063480377197266
2016-10-04,40.76146697998047
2016-10-05,40.74198913574219
2016-10-06,40.83940124511719
2016-10-07,40.615325927734375
2016-10-10,40.8686408996582
2016-10-11,40.3035774230957
2016-10-12,40.517921447753906
2016-10-13,40.43996810913086
2016-10-14,40.44971466064453
2016-10-17,40.43022918701172
2016-10-18,40.6543083190918
2016-10-19,40.70302200317383
2016-10-20,40.50817108154297
2016-10-21,40.46921157836914
2016-10-24,40.69327926635742
2016-10-25,40.391258239746094
2016-10-26,40.235389709472656
2016-10-27,39.84571075439453
2016-10-28,39.8944206237793
2016-10-31,40.137969970703125
2016-11-01,39.76776123046875
2016-11-02,39.46575164794922
2016-11-03,39.30013656616211
2016-11-04,39.27091598510742
2016-11-07,40.0015754699707
2016-11-08,40.26462173461914
2016-11-09,40.32305908203125
2016-11-10,39.962615966796875
2016-11-11,40.15745162963867
2016-11-14,40.137969970703125
2016-11-15,40.47895431518555
2016-11-16,40.6543083190918
2016-11-17,40.85889434814453
2016-11-18,40.76146697998047
2016-11-21,40.99528503417969
2016-11-22,41.20960998535156
2016-11-23,41.29728698730469
2016-11-25,41.482391357421875
2016-11-28,41.29728698730469
2016-11-29,41.40446472167969
2016-11-30,40.8686408996582
2016-12-01,40.44971466064453
2016-12-02,40.566627502441406
2016-12-05,40.85889434814453
2016-12-06,41.073219299316406
2016-12-07,41.47265625
2016-12-08,41.59929656982422
2016-12-09,41.60903549194336
2016-12-12,41.540855407714844
2016-12-13,41.716209411621094
2016-12-14,41.365482330322266
2016-12-15,41.44343185424805
2016-12-16,41.38862991333008
2016-12-19,41.53541946411133
2016-12-20,41.61371994018555
2016-12-21,41.53541946411133
2016-12-22,41.32990646362305
2016-12-23,41.42776870727539
2016-12-27,41.5745735168457
2016-12-28,41.173309326171875
2016-12-29,41.29074478149414
2016-12-30,41.10480880737305
2017-01-03,41.21245574951172
2017-01-04,41.594154357910156
2017-01-05,41.45713424682617
2017-01-06,41.594154357910156
2017-01-09,41.45713424682617
2017-01-10,41.61371994018555
2017-01-11,41.74095153808594
2017-01-12,41.61371994018555
2017-01-13,41.760528564453125
2017-01-17,41.515846252441406
2017-01-18,41.701805114746094
2017-01-19,41.49627685546875
2017-01-20,41.594154357910156
2017-01-23,41.466922760009766
2017-01-24,41.86817932128906
2017-01-25,42.200931549072266
2017-01-26,42.22050857543945
2017-01-27,42.12263488769531
2017-01-30,41.907318115234375
2017-01-31,41.9758415222168
2017-02-01,42.044342041015625
2017-02-02,42.1422119140625
2017-02-03,42.61197280883789
2017-02-06,42.651126861572266
2017-02-07,42.7000617980957
2017-02-08,42.915367126464844
2017-02-09,43.238338470458984
2017-02-10,43.42428207397461
2017-02-13,43.51237106323242
2017-02-14,43.57109832763672
2017-02-15,43.79618453979492
2017-02-16,43.805965423583984
2017-02-17,43.93320083618164
2017-02-21,44.20724105834961
2017-02-22,44.06044006347656
2017-02-23,43.97235870361328
2017-02-24,44.099586486816406
2017-02-27,44.256168365478516
2017-02-28,44.15829849243164
2017-03-01,44.69656753540039
2017-03-02,44.27574920654297
2017-03-03,44.27574920654297
2017-03-06,44.138736724853516
2017-03-07,44.011505126953125
2017-03-08,43.93320083618164
2017-03-09,43.93320083618164
2017-03-10,44.138736724853516
2017-03-13,44.32468032836914
2017-03-14,44.11915969848633
2017-03-15,44.451908111572266
2017-03-16,44.37361145019531
2017-03-17,44.47147750854492
2017-03-20,44.38340377807617
2017-03-21,43.747249603271484
2017-03-22,43.90384292602539
2017-03-23,43.87449264526367
2017-03-24,43.854915618896484
2017-03-27,43.86470413208008
2017-03-28,44.197452545166016
2017-03-29,44.21702575683594
2017-03-30,44.37361145019531
2017-03-31,44.32468032836914
2017-04-03,44.12894058227539
2017-04-04,44.070220947265625
2017-04-05,43.84512710571289
2017-04-06,43.87449264526367
2017-04-07,43.76682662963867
2017-04-10,43.805965423583984
2017-04-11,43.93320083618164
2017-04-12,43.492794036865234
2017-04-13,43.17961883544922
2017-04-17,43.610233306884766
2017-04-18,43.64938735961914
2017-04-19,43.76682662963867
2017-04-20,44.16808319091797
2017-04-21,44.16808319091797
2017-04-24,44.68679428100586
2017-04-25,44.89231872558594
2017-04-26,44.843379974365234
2017-04-27,45.136985778808594
2017-04-28,44.85316467285156
2017-05-01,44.97061538696289
2017-05-02,44.80423355102539
2017-05-03,44.65743637084961
2017-05-04,44.82380294799805
2017-05-05,45.08805465698242
2017-05-08,44.911888122558594
2017-05-09,44.95103454589844
2017-05-10,45.04890441894531
2017-05-11,44.999977111816406
2017-05-12,44.9608268737793
2017-05-15,45.244651794433594
2017-05-16,45.26422119140625
2017-05-17,44.29532241821289
2017-05-18,44.53998565673828
2017-05-19,44.833595275878906
2017-05-22,45.107627868652344
2017-05-23,45.21528244018555
2017-05-24,45.47952651977539
2017-05-25,45.812286376953125
2017-05-26,45.77313995361328
2017-05-30,45.66547393798828
2017-05-31,45.78292465209961
2017-06-01,46.2037467956543
2017-06-02,46.50715255737305
2017-06-05,46.321197509765625
2017-06-06,46.04716873168945
2017-06-07,46.262474060058594
2017-06-08,46.37992858886719
2017-06-09,45.998233795166016
2017-06-12,45.851417541503906
2017-06-13,46.2037467956543
2017-06-14,46.096092224121094
2017-06-15,45.949302673339844
2017-06-16,45.96498107910156
2017-06-19,46.49409103393555
2017-06-20,46.15114212036133
2017-06-21,46.15114212036133
2017-06-22,46.033565521240234
2017-06-23,46.08255386352539
2017-06-26,46.170738220214844
2017-06-27,45.68081283569336
2017-06-28,46.11195755004883
2017-06-29,45.68081283569336
2017-06-30,45.87678909301758
2017-07-03,45.817989349365234
2017-07-05,46.02377700805664
2017-07-06,45.6318244934082
2017-07-07,46.141353607177734
2017-07-10,46.170738220214844
2017-07-11,46.23933029174805
2017-07-12,46.73904800415039
2017-07-13,46.6116828918457
2017-07-14,46.86643600463867
2017-07-17,46.84684371948242
2017-07-18,46.87623977661133
2017-07-19,47.21917724609375
2017-07-20,47.199588775634766
2017-07-21,47.277976989746094
2017-07-24,47.4543571472168
2017-07-25,47.395565032958984
2017-07-26,47.43475341796875
2017-07-27,47.01342010498047
2017-07-28,47.082008361816406
2017-07-31,46.96442794799805
2017-08-01,47.160400390625
2017-08-02,47.07221603393555
2017-08-03,47.03302001953125
2017-08-04,47.042808532714844
2017-08-07,47.22898864746094
2017-08-08,47.14080810546875
2017-08-09,47.052616119384766
2017-08-10,46.32752227783203
2017-08-11,46.44511413574219
2017-08-14,47.03302001953125
2017-08-15,47.01342010498047
2017-08-16,47.052616119384766
2017-08-17,46.405906677246094
2017-08-18,46.288330078125
2017-08-21,46.3667106628418
2017-08-22,46.88603591918945
2017-08-23,46.72926330566406
2017-08-24,46.621482849121094
2017-08-25,46.582279205322266
2017-08-28,46.592079162597656
2017-08-29,46.621482849121094
2017-08-30,46.98402786254883
2017-08-31,47.50334930419922
2017-09-01,47.38575744628906
2017-09-05,46.96442794799805
2017-09-06,46.83704376220703
2017-09-07,46.70966339111328
2017-09-08,46.925228118896484
2017-09-11,47.47394943237305
2017-09-12,47.61113357543945
2017-09-13,47.42495346069336
2017-09-14,47.37596893310547
2017-09-15,47.513153076171875
2017-09-18,47.69670867919922
2017-09-19,47.64762878417969
2017-09-20,47.765419006347656
2017-09-21,47.63779830932617
2017-09-22,47.59853744506836
2017-09-25,47.12737274169922
2017-09-26,47.15681838989258
2017-09-27,47.421852111816406
2017-09-28,47.47093200683594
2017-09-29,47.71633529663086
2017-10-02,47.991188049316406
2017-10-03,48.1580696105957
2017-10-04,48.35438919067383
2017-10-05,48.609619140625
2017-10-06,48.786293029785156
2017-10-09,48.70777130126953
2017-10-10,48.805938720703125
2017-10-11,48.943355560302734
2017-10-12,48.97281265258789
2017-10-13,48.93354415893555
2017-10-16,49.22802734375
2017-10-17,49.02188491821289
2017-10-18,48.95317459106445
2017-10-19,48.962989807128906
2017-10-20,49.27710723876953
2017-10-23,49.20840072631836
2017-10-24,49.316375732421875
2017-10-25,48.894283294677734
2017-10-26,49.27710723876953
2017-10-27,49.72865295410156
2017-10-30,49.52251052856445
2017-10-31,49.807186126708984
2017-11-01,49.434165954589844
2017-11-02,49.67957305908203
2017-11-03,49.86606979370117
2017-11-06,50.19001770019531
2017-11-07,49.9642333984375
2017-11-08,50.170387268066406
2017-11-09,49.807186126708984
2017-11-10,49.718841552734375
2017-11-13,49.83662414550781
2017-11-14,49.77772521972656
2017-11-15,49.483253479003906
2017-11-16,49.98387145996094
2017-11-17,49.95442581176758
2017-11-20,50.19001770019531
2017-11-21,50.651371002197266
2017-11-22,50.49430847167969
2017-11-24,50.670997619628906
2017-11-27,50.61211395263672
2017-11-28,50.906593322753906
2017-11-29,50.513938903808594
2017-11-30,51.00475311279297
2017-12-01,50.7004508972168
2017-12-04,50.042762756347656
2017-12-05,49.89551544189453
2017-12-06,49.885704040527344
2017-12-07,50.27835464477539
2017-12-08,50.37651824951172
2017-12-11,50.33724594116211
2017-12-12,50.258731842041016
2017-12-13,50.258731842041016
2017-12-14,50.1311149597168
2017-12-15,50.58264923095703
2017-12-18,51.00475311279297
2017-12-19,50.857513427734375
2017-12-20,50.788795471191406
2017-12-21,50.7200813293457
2017-12-22,50.7004508972168
2017-12-26,50.651371002197266
2017-12-27,50.79861068725586
2017-12-28,50.965492248535156
2017-12-29,50.68082046508789
2018-01-02,50.91640090942383
2018-01-03,51.32868194580078
2018-01-04,51.58390426635742
2018-01-05,51.96672439575195
2018-01-08,52.123783111572266
2018-01-09,52.37901306152344
2018-01-10,52.055076599121094
2018-01-11,52.48698425292969
2018-01-12,52.73240280151367
2018-01-16,52.55570602416992
2018-01-17,52.879638671875
2018-01-18,52.938533782958984
2018-01-19,53.53731918334961
2018-01-22,53.8023567199707
2018-01-23,53.99867630004883
2018-01-24,54.096839904785156
2018-01-25,54.1164665222168
2018-01-26,54.67599105834961
2018-01-29,54.40113830566406
2018-01-30,53.929969787597656
2018-01-31,53.91033935546875
2018-02-01,53.94960021972656
2018-02-02,53.007240295410156
2018-02-05,50.95566177368164
2018-02-06,51.593719482421875
2018-02-07,51.43666076660156
2018-02-08,49.46360397338867
2018-02-09,50.08203887939453
2018-02-12,50.91640090942383
2018-02-13,51.09309768676758
2018-02-14,52.15324401855469
2018-02-15,52.712764739990234
2018-02-16,52.74220657348633
2018-02-20,52.57533645629883
2018-02-21,52.32011032104492
2018-02-22,52.29066848754883
2018-02-23,52.88945770263672
2018-02-26,53.27227783203125
2018-02-27,52.53607177734375
2018-02-28,51.937286376953125
2018-03-01,51.24033737182617
2018-03-02,51.65261459350586
2018-03-05,52.133609771728516
2018-03-06,52.46735382080078
2018-03-07,52.77165985107422
2018-03-08,52.96798324584961
2018-03-09,53.929969787597656
2018-03-12,53.9005241394043
2018-03-13,53.6354866027832
2018-03-14,53.34098815917969
2018-03-15,53.35081481933594
2018-03-16,53.498046875
2018-03-19,53.02688217163086
2018-03-20,53.360626220703125
2018-03-21,53.252655029296875
2018-03-22,51.9078369140625
2018-03-23,50.994930267333984
2018-03-26,52.25141143798828
2018-03-27,51.14217758178711
2018-03-28,50.936038970947266
2018-03-29,51.701698303222656
2018-04-02,50.30780029296875
2018-04-03,50.936038970947266
2018-04-04,51.446475982666016
2018-04-05,51.75077438354492
2018-04-06,50.37651824951172
2018-04-09,50.94585418701172
2018-04-10,51.75077438354492
2018-04-11,51.603538513183594
2018-04-12,52.11397171020508
2018-04-13,51.78022766113281
2018-04-16,52.26122283935547
2018-04-17,53.12504577636719
2018-04-18,53.360626220703125
2018-04-19,53.017059326171875
2018-04-20,52.55570602416992
2018-04-23,52.447723388671875
2018-04-24,51.49555969238281
2018-04-25,51.32868194580078
2018-04-26,52.133609771728516
2018-04-27,52.133609771728516
2018-04-30,51.701698303222656
2018-05-01,51.88820266723633
2018-05-02,51.66242599487305
2018-05-03,51.88820266723633
2018-05-04,52.585147857666016
2018-05-07,53.03668975830078
2018-05-08,53.242835998535156
2018-05-09,53.8023567199707
2018-05-10,54.185184478759766
2018-05-11,54.29316711425781
2018-05-14,54.1360969543457
2018-05-15,53.9201545715332
2018-05-16,54.185184478759766
2018-05-17,54.14591979980469
2018-05-18,54.28335189819336
2018-05-21,54.6367301940918
2018-05-22,54.17536163330078
2018-05-23,54.450233459472656
2018-05-24,54.57783126831055
2018-05-25,54.499305725097656
2018-05-29,54.22445297241211
2018-05-30,55.00973892211914
2018-05-31,54.391319274902344
2018-06-01,55.0588264465332
2018-06-04,55.304229736328125
2018-06-05,55.53000259399414
2018-06-06,56.040435791015625
2018-06-07,55.696876525878906
2018-06-08,56.03062438964844
2018-06-11,56.06989669799805
2018-06-12,56.44290542602539
2018-06-13,56.168052673339844
2018-06-14,56.44290542602539
2018-06-15,56.54106140136719
2018-06-18,56.624549865722656
2018-06-19,56.20220184326172
2018-06-20,56.46739959716797
2018-06-21,55.97629165649414
2018-06-22,55.71110153198242
2018-06-25,54.4734992980957
2018-06-26,54.719058990478516
2018-06-27,53.82524871826172
2018-06-28,54.22795486450195
2018-06-29,54.35564041137695
2018-07-02,54.56190872192383
2018-07-03,54.31635284423828
2018-07-05,54.66994857788086
2018-07-06,55.170875549316406
2018-07-09,55.65216827392578
2018-07-10,55.612876892089844
2018-07-11,55.30839157104492
2018-07-12,55.93699645996094
2018-07-13,56.01557159423828
2018-07-16,55.85842514038086
2018-07-17,56.2807731628418
2018-07-18,56.54597091674805
2018-07-19,56.54597091674805
2018-07-20,56.496864318847656
2018-07-23,56.44775390625
2018-07-24,56.045040130615234
2018-07-25,56.74241638183594
2018-07-26,56.624549865722656
2018-07-27,55.77985382080078
2018-07-30,54.80744934082031
2018-07-31,55.190521240234375
2018-08-01,55.48518371582031
2018-08-02,56.23167419433594
2018-08-03,56.13344955444336
2018-08-06,56.526329040527344
2018-08-07,56.487037658691406
2018-08-08,56.516502380371094
2018-08-09,56.5361442565918
2018-08-10,56.34953308105469
2018-08-13,56.05485916137695
2018-08-14,56.5361442565918
2018-08-15,56.045040130615234
2018-08-16,56.35935592651367
2018-08-17,56.46739959716797
2018-08-20,56.81117248535156
2018-08-21,57.1254768371582
2018-08-22,57.223697662353516
2018-08-23,57.174583435058594
2018-08-24,57.646053314208984
2018-08-27,58.097869873046875
2018-08-28,58.27467727661133
2018-08-29,58.7854118347168
2018-08-30,58.549686431884766
2018-08-31,58.755958557128906
2018-09-04,58.942562103271484
2018-09-05,58.27467727661133
2018-09-06,58.29430389404297
2018-09-07,58.255027770996094
2018-09-10,58.52022933959961
2018-09-11,58.74613952636719
2018-09-12,58.5889778137207
2018-09-13,58.84434509277344
2018-09-14,59.01132583618164
2018-09-17,58.068397521972656
2018-09-18,58.55950927734375
2018-09-19,58.00946807861328
2018-09-20,58.343421936035156
2018-09-21,58.097869873046875
2018-09-24,58.09491729736328
2018-09-25,58.36014938354492
2018-09-26,58.21280288696289
2018-09-27,58.33068084716797
2018-09-28,58.53696823120117
2018-10-01,58.35032653808594
2018-10-02,57.760921478271484
2018-10-03,57.88862991333008
2018-10-04,56.87683868408203
2018-10-05,56.493717193603516
2018-10-08,55.91414260864258
2018-10-09,55.75697326660156
2018-10-10,53.47797393798828
2018-10-11,52.525115966796875
2018-10-12,53.77267837524414
2018-10-15,53.35027313232422
2018-10-16,54.735355377197266
2018-10-17,54.51924514770508
2018-10-18,53.605682373046875
2018-10-19,53.075218200683594
2018-10-22,53.143985748291016
2018-10-23,52.67247009277344
2018-10-24,50.904273986816406
2018-10-25,51.62137222290039
2018-10-26,50.82569122314453
2018-10-29,50.18717956542969
2018-10-30,51.23826599121094
2018-10-31,52.06342697143555
2018-11-01,52.54476547241211
2018-11-02,52.250057220458984
2018-11-05,52.14201354980469
2018-11-06,52.27953338623047
2018-11-07,53.62532424926758
2018-11-08,53.55656433105469
2018-11-09,52.89839553833008
2018-11-12,51.61155319213867
2018-11-13,51.552616119384766
2018-11-14,51.159671783447266
2018-11-15,51.93572235107422
2018-11-16,51.94554138183594
2018-11-19,50.27558517456055
2018-11-20,49.48971939086914
2018-11-21,50.01035690307617
2018-11-23,49.92194366455078
2018-11-26,50.78639221191406
2018-11-27,50.560455322265625
2018-11-28,52.2991828918457
2018-11-29,52.20094680786133
2018-11-30,52.47598648071289
2018-12-03,53.17345428466797
2018-12-04,51.18915557861328
2018-12-06,51.100738525390625
2018-12-07,49.61741638183594
2018-12-10,49.92194366455078
2018-12-11,49.833534240722656
2018-12-12,50.2657585144043
2018-12-13,49.90229797363281
2018-12-14,48.94944763183594
2018-12-17,47.77064514160156
2018-12-18,48.04569625854492
2018-12-19,47.25984191894531
2018-12-20,46.44450378417969
2018-12-21,45.61934280395508
2018-12-24,44.53089904785156
2018-12-26,46.83168411254883
2018-12-27,47.3331298828125
2018-12-28,47.19548416137695
2018-12-31,47.65760040283203
2019-01-02,47.08731460571289
2019-01-03,46.09424591064453
2019-01-04,47.42161560058594
2019-01-07,47.78541946411133
2019-01-08,48.444190979003906
2019-01-09,48.77848815917969
2019-01-10,49.19145584106445
2019-01-11,49.19145584106445
2019-01-14,48.92597198486328
2019-01-15,49.437259674072266
2019-01-16,49.47659683227539
2019-01-17,49.93871307373047
2019-01-18,50.76464080810547
2019-01-22,50.16486358642578
2019-01-23,50.312339782714844
2019-01-24,50.42049789428711
2019-01-25,50.73513412475586
2019-01-28,50.4991569519043
2019-01-29,50.4991569519043
2019-01-30,51.0890998840332
2019-01-31,51.620052337646484
2019-02-01,51.698707580566406
2019-02-04,52.11167907714844
2019-02-05,52.32798767089844
2019-02-06,52.21982955932617
2019-02-07,52.19033432006836
2019-02-08,52.33781814575195
2019-02-11,52.740936279296875
2019-02-12,53.31123352050781
2019-02-13,53.43904495239258
2019-02-14,53.399715423583984
2019-02-15,53.920833587646484
2019-02-19,53.85199737548828
2019-02-20,53.773345947265625
2019-02-21,53.566871643066406
2019-02-22,54.068321228027344
2019-02-25,53.969993591308594
2019-02-26,53.891334533691406
2019-02-27,54.07815170288086
2019-02-28,54.09782409667969
2019-03-01,54.53042984008789
2019-03-04,54.15681076049805
2019-03-05,54.18630599975586
2019-03-06,53.67502212524414
2019-03-07,53.38005065917969
2019-03-08,53.370216369628906
2019-03-11,54.00932312011719
2019-03-12,54.127323150634766
2019-03-13,54.50094985961914
2019-03-14,54.57960510253906
2019-03-15,54.707420349121094
2019-03-18,54.93356704711914
2019-03-19,54.94340896606445
2019-03-20,54.65826416015625
2019-03-21,55.53334045410156
2019-03-22,54.50094985961914
2019-03-25,54.63859176635742
2019-03-26,54.99256134033203
2019-03-27,54.83525085449219
2019-03-28,55.30719757080078
2019-03-29,55.7299919128418
2019-04-01,56.231449127197266
2019-04-02,56.21178436279297
2019-04-03,56.50674819946289
2019-04-04,56.142948150634766
2019-04-05,56.43791961669922
2019-04-08,56.378936767578125
2019-04-09,56.07412338256836
2019-04-10,56.51658248901367
2019-04-11,56.693572998046875
2019-04-12,57.037696838378906
2019-04-15,57.13602066040039
2019-04-16,56.890220642089844
2019-04-17,56.47724914550781
2019-04-18,56.7328987121582
2019-04-22,56.83122253417969
2019-04-23,57.47032928466797
2019-04-24,57.42116928100586
2019-04-25,57.30316925048828
2019-04-26,57.745628356933594
2019-04-29,57.64731216430664
2019-04-30,57.804622650146484
2019-05-01,57.037696838378906
2019-05-02,57.25400924682617
2019-05-03,57.89311981201172
2019-05-06,57.804622650146484
2019-05-07,56.7525634765625
2019-05-08,56.8803825378418
2019-05-09,56.78205490112305
2019-05-10,57.018028259277344
2019-05-13,55.592342376708984
2019-05-14,56.06428909301758
2019-05-15,56.43791961669922
2019-05-16,57.1851806640625
2019-05-17,56.82138442993164
2019-05-20,56.378936767578125
2019-05-21,56.998374938964844
2019-05-22,56.959041595458984
2019-05-23,56.221614837646484
2019-05-24,56.54607391357422
2019-05-28,56.15278625488281
2019-05-29,55.847984313964844
2019-05-30,56.26094436645508
2019-05-31,56.005306243896484
2019-06-03,55.602169036865234
2019-06-04,56.9492073059082
2019-06-05,57.922611236572266
2019-06-06,58.41423416137695
2019-06-07,59.004173278808594
2019-06-10,59.220489501953125
2019-06-11,58.82719421386719
2019-06-12,59.03367233276367
2019-06-13,59.19099807739258
2019-06-14,58.93534851074219
2019-06-17,58.96485900878906
2019-06-18,59.367977142333984
2019-06-19,59.72194290161133
2019-06-20,60.11524200439453
2019-06-21,59.653114318847656
2019-06-24,59.26639938354492
2019-06-25,58.59728240966797
2019-06-26,58.18400192260742
2019-06-27,58.80392074584961
2019-06-28,59.3549690246582
2019-07-01,59.78791809082031
2019-07-02,60.17168426513672
2019-07-03,60.78177261352539
2019-07-05,60.6636848449707
2019-07-08,60.46688461303711
2019-07-09,60.712894439697266
2019-07-10,60.86048889160156
2019-07-11,61.12615966796875
2019-07-12,61.45088577270508
2019-07-15,61.41152572631836
2019-07-16,61.02777099609375
2019-07-17,60.85064697265625
2019-07-18,61.20488739013672
2019-07-19,60.673526763916016
2019-07-22,60.84081268310547
2019-07-23,61.1163330078125
2019-07-24,61.38200378417969
2019-07-25,61.06711959838867
2019-07-26,61.68704605102539
2019-07-29,61.342647552490234
2019-07-30,61.24424743652344
2019-07-31,60.712894439697266
2019-08-01,60.506256103515625
2019-08-02,59.886329650878906
2019-08-05,57.997039794921875
2019-08-06,59.14832305908203
2019-08-07,59.81745147705078
2019-08-08,61.24424743652344
2019-08-09,60.89984130859375
2019-08-12,60.15200424194336
2019-08-13,60.988399505615234
2019-08-14,59.39433288574219
2019-08-15,59.837127685546875
2019-08-16,60.74240493774414
2019-08-19,61.185203552246094
2019-08-20,61.01792907714844
2019-08-21,61.66736602783203
2019-08-22,61.57880783081055
2019-08-23,60.201210021972656
2019-08-26,60.83096694946289
2019-08-27,60.7620849609375
2019-08-28,60.88016891479492
2019-08-29,61.50008773803711
2019-08-30,61.22456741333008
2019-09-03,60.73256301879883
2019-09-04,61.57880783081055
2019-09-05,62.20857620239258
2019-09-06,61.9232063293457
2019-09-09,60.565284729003906
2019-09-10,59.64031982421875
2019-09-11,59.91584014892578
2019-09-12,60.36848449707031
2019-09-13,60.09295654296875
2019-09-16,60.07328414916992
2019-09-17,60.801448822021484
2019-09-18,60.712894439697266
2019-09-19,60.88016891479492
2019-09-20,60.63416290283203
2019-09-23,60.67160415649414
2019-09-24,60.09040069580078
2019-09-25,60.28741455078125
2019-09-26,60.23816680908203
2019-09-27,59.44023895263672
2019-09-30,59.99188995361328
2019-10-01,59.302330017089844
2019-10-02,58.425594329833984
2019-10-03,59.00679397583008
2019-10-04,59.99188995361328
2019-10-07,59.89338302612305
2019-10-08,58.97724533081055
2019-10-09,59.627403259277344
2019-10-10,59.903228759765625
2019-10-11,60.277557373046875
2019-10-14,60.2677116394043
2019-10-15,60.56324005126953
2019-10-16,60.23816680908203
2019-10-17,60.4351692199707
2019-10-18,60.19875717163086
2019-10-21,60.179054260253906
2019-10-22,59.34172821044922
2019-10-23,59.49934768676758
2019-10-24,60.149497985839844
2019-10-25,60.01158905029297
2019-10-28,60.129798889160156
2019-10-29,60.24801254272461
2019-10-30,60.59279251098633
2019-10-31,60.10024642944336
2019-11-01,60.445030212402344
2019-11-04,59.8736686706543
2019-11-05,59.725914001464844
2019-11-06,59.98204040527344
2019-11-07,60.050994873046875
2019-11-08,60.20860290527344
2019-11-11,60.4056282043457
2019-11-12,60.56324005126953
2019-11-13,60.86861801147461
2019-11-14,61.203556060791016
2019-11-15,61.55817794799805
2019-11-18,61.7354850769043
2019-11-19,62.060569763183594
2019-11-20,61.95221710205078
2019-11-21,61.568023681640625
2019-11-22,61.48922348022461
2019-11-25,61.93251419067383
2019-11-26,62.5531120300293
2019-11-27,62.79939270019531
2019-11-29,62.484169006347656
2019-12-02,61.78475570678711
2019-12-03,61.49907684326172
2019-12-04,61.715797424316406
2019-12-05,61.86355209350586
2019-12-06,62.13938522338867
2019-12-09,61.81430435180664
2019-12-10,61.745338439941406
2019-12-11,61.89310836791992
2019-12-12,61.902957916259766
2019-12-13,62.34624481201172
2019-12-16,62.720577239990234
2019-12-17,62.61221694946289
2019-12-18,62.5531120300293
2019-12-19,62.907752990722656
2019-12-20,63.44954299926758
2019-12-23,63.34801483154297
2019-12-24,63.38744354248047
2019-12-26,63.564884185791016
2019-12-27,63.6338996887207
2019-12-30,63.38744354248047
2019-12-31,63.44658660888672
2020-01-02,63.82119369506836
2020-01-03,63.69303894042969
2020-01-06,63.850765228271484
2020-01-07,63.67332458496094
2020-01-08,64.04793548583984
2020-01-09,64.58026885986328
2020-01-10,64.60983276367188
2020-01-13,65.33934020996094
2020-01-14,65.10275268554688
2020-01-15,65.43793487548828
2020-01-16,66.10826873779297
2020-01-17,66.30542755126953
2020-01-21,66.4237289428711
2020-01-22,66.45329284667969
2020-01-23,66.59132385253906
2020-01-24,66.1871337890625
2020-01-27,65.40835571289062
2020-01-28,66.12799072265625
2020-01-29,66.08855438232422
2020-01-30,66.37444305419922
2020-01-31,65.0041732788086
2020-02-03,65.68437194824219
2020-02-04,66.9166259765625
2020-02-05,66.81803894042969
2020-02-06,66.83776092529297
2020-02-07,66.60115051269531
2020-02-10,67.1236343383789
2020-02-11,67.53768920898438
2020-02-12,68.14888000488281
2020-02-13,68.56294250488281
2020-02-14,68.9473876953125
2020-02-18,68.9473876953125
2020-02-19,69.38114166259766
2020-02-20,68.6319351196289
2020-02-21,67.66584777832031
2020-02-24,65.66466522216797
2020-02-25,63.74232864379883
2020-02-26,63.525447845458984
2020-02-27,61.07079315185547
2020-02-28,60.60746383666992
2020-03-02,63.04240417480469
2020-03-03,61.4749755859375
2020-03-04,64.16622161865234
2020-03-05,61.98759841918945
2020-03-06,60.775054931640625
2020-03-09,56.555789947509766
2020-03-10,59.26675796508789
2020-03-11,56.2699089050293
2020-03-12,51.13383865356445
2020-03-13,55.155948638916016
2020-03-16,47.64409255981445
2020-03-17,51.114131927490234
2020-03-18,47.66380310058594
2020-03-19,48.886207580566406
2020-03-20,46.539981842041016
2020-03-23,45.30685043334961
2020-03-24,49.93726348876953
2020-03-25,51.102264404296875
2020-03-26,54.31096649169922
2020-03-27,52.86952209472656
2020-03-30,54.794742584228516
2020-03-31,53.27430725097656
2020-04-01,50.97392654418945
2020-04-02,52.0698127746582
2020-04-03,51.27010726928711
2020-04-06,54.676265716552734
2020-04-07,54.04439926147461
2020-04-08,55.92025375366211
2020-04-09,56.43364715576172
2020-04-13,56.07822036743164
2020-04-14,58.01331329345703
2020-04-15,57.302467346191406
2020-04-16,58.07255554199219
2020-04-17,59.28691482543945
2020-04-20,58.59581756591797
2020-04-21,56.5620002746582
2020-04-22,58.15153503417969
2020-04-23,58.2601318359375
2020-04-24,58.970985412597656
2020-04-27,59.92866516113281
2020-04-28,59.27704620361328
2020-04-29,60.412437438964844
2020-04-30,59.879295349121094
2020-05-01,58.59581756591797
2020-05-04,59.24742889404297
2020-05-05,60.264347076416016
2020-05-06,60.51115798950195
2020-05-07,61.26150894165039
2020-05-08,61.962486267089844
2020-05-11,62.77206802368164
2020-05-12,61.646549224853516
2020-05-13,60.67900085449219
2020-05-14,61.0344352722168
2020-05-15,61.76502990722656
2020-05-18,62.93990707397461
2020-05-19,62.48574447631836
2020-05-20,63.33482360839844
2020-05-21,62.84117889404297
2020-05-22,63.403926849365234
2020-05-26,63.157108306884766
2020-05-27,63.76922607421875
2020-05-28,64.57881164550781
2020-05-29,65.73394775390625
2020-06-01,66.06962585449219
2020-06-02,66.30657958984375
2020-06-03,66.45465850830078
2020-06-04,65.31928253173828
2020-06-05,66.14860534667969
2020-06-08,66.4448013305664
2020-06-09,66.1979751586914
2020-06-10,66.82984924316406
2020-06-11,63.443424224853516
2020-06-12,63.887699127197266
2020-06-15,64.84538269042969
2020-06-16,65.64507293701172
2020-06-17,65.94127655029297
2020-06-18,66.04988861083984
2020-06-19,65.89190673828125
2020-06-22,66.7452392578125
2020-06-23,66.53782653808594
2020-06-24,65.0365982055664
2020-06-25,65.85636138916016
2020-06-26,65.0069808959961
2020-06-29,65.23414611816406
2020-06-30,66.51806640625
2020-07-01,67.2884292602539
2020-07-02,67.55510711669922
2020-07-06,68.47362518310547
2020-07-07,68.04894256591797
2020-07-08,68.94768524169922
2020-07-09,69.20448303222656
2020-07-10,69.06620025634766
2020-07-13,67.21930694580078
2020-07-14,68.42423248291016
2020-07-15,69.03659057617188
2020-07-16,68.61190032958984
2020-07-17,69.50077819824219
2020-07-20,70.92298889160156
2020-07-21,70.51805877685547
2020-07-22,71.16989135742188
2020-07-23,70.3600082397461
2020-07-24,69.76744079589844
2020-07-27,70.76495361328125
2020-07-28,70.24150848388672
2020-07-29,71.83163452148438
2020-07-30,72.02915954589844
2020-07-31,72.49335479736328
2020-08-03,73.38223266601562
2020-08-04,73.62914276123047
2020-08-05,74.15259552001953
2020-08-06,74.36988830566406
2020-08-07,73.61927032470703
2020-08-10,72.93778228759766
2020-08-11,72.04889678955078
2020-08-12,73.20446014404297
2020-08-13,73.82667541503906
2020-08-14,73.5106201171875
2020-08-17,74.43900299072266
2020-08-18,74.66616821289062
2020-08-19,74.3797607421875
2020-08-20,74.95259094238281
2020-08-21,75.07110595703125
2020-08-24,75.15999603271484
2020-08-25,75.46617889404297
2020-08-26,76.50320434570312
2020-08-27,76.31553649902344
2020-08-28,76.66122436523438
2020-08-31,76.7105941772461
2020-09-01,78.20195770263672
2020-09-02,79.02168273925781
2020-09-03,75.34765625
2020-09-04,73.9254379272461
2020-09-08,71.97976684570312
2020-09-09,73.8167953491211
2020-09-10,72.83902740478516
2020-09-11,72.4242172241211
2020-09-14,73.89580535888672
2020-09-15,74.84394073486328
2020-09-16,74.15259552001953
2020-09-17,73.45136260986328
2020-09-18,73.01678466796875
2020-09-21,72.89827728271484
2020-09-22,74.06370544433594
2020-09-23,72.40445709228516
2020-09-24,72.3056869506836
2020-09-25,73.98471069335938
2020-09-28,75.19950866699219
2020-09-29,75.2093734741211
2020-09-30,75.50568389892578
2020-10-01,76.53282928466797
2020-10-02,75.59455871582031
2020-10-05,77.16490936279297
2020-10-06,76.47356414794922
2020-10-07,78.07354736328125
2020-10-08,78.20195770263672
2020-10-09,79.23897552490234
2020-10-12,80.10811614990234
2020-10-13,80.45378112792969
2020-10-14,80.02909851074219
2020-10-15,80.26612854003906
2020-10-16,80.1871337890625
2020-10-19,79.110595703125
2020-10-20,79.08096313476562
2020-10-21,78.1328125
2020-10-22,77.98466491699219
2020-10-23,78.53775024414062
2020-10-26,77.54022979736328
2020-10-27,77.58961486816406
2020-10-28,75.40689086914062
2020-10-29,76.24641418457031
2020-10-30,74.4884033203125
2020-11-02,75.53529357910156
2020-11-03,77.02665710449219
2020-11-04,79.95008087158203
2020-11-05,81.85624694824219
2020-11-06,82.16242218017578
2020-11-09,79.44640350341797
2020-11-10,78.4686050415039
2020-11-11,80.1969985961914
2020-11-12,79.51553344726562
2020-11-13,79.97972869873047
2020-11-16,80.25625610351562
2020-11-17,80.69082641601562
2020-11-18,80.06861877441406
2020-11-19,80.95748901367188
2020-11-20,80.8488540649414
2020-11-23,80.90809631347656
2020-11-24,80.8290786743164
2020-11-25,81.32292175292969
2020-11-27,82.24142456054688
2020-11-30,82.61674499511719
2020-12-01,82.60686492919922
2020-12-02,81.71797943115234
2020-12-03,81.83650207519531
2020-12-04,82.40933227539062
2020-12-07,82.76488494873047
2020-12-08,83.28833770751953
2020-12-09,81.73773193359375
2020-12-10,82.35993194580078
2020-12-11,82.50809478759766
2020-12-14,83.15994262695312
2020-12-15,84.40436553955078
2020-12-16,84.8191909790039
2020-12-17,86.03399658203125
2020-12-18,86.3895492553711
2020-12-21,86.3006591796875
2020-12-22,87.37718963623047
2020-12-23,86.87348937988281
2020-12-24,87.0710220336914
2020-12-28,86.5376968383789
2020-12-29,85.8858413696289
2020-12-30,86.36979675292969
2020-12-31,86.66609191894531
2021-01-04,85.33277130126953
2021-01-05,85.92534637451172
2021-01-06,85.7771987915039
2021-01-07,88.26608276367188
2021-01-08,89.12535095214844
2021-01-11,88.56236267089844
2021-01-12,88.89817810058594
2021-01-13,88.57225036621094
2021-01-14,88.1475601196289
2021-01-15,87.15991973876953
2021-01-19,87.9302749633789
2021-01-20,89.30310821533203
2021-01-21,89.54015350341797
2021-01-22,89.54015350341797
2021-01-25,88.86854553222656
2021-01-26,87.27843475341797
2021-01-27,84.19696807861328
2021-01-28,86.01422882080078
2021-01-29,84.56241607666016
2021-02-01,86.31053161621094
2021-02-02,88.32535552978516
2021-02-03,87.67349243164062
2021-02-04,88.97718048095703
2021-02-05,89.77718353271484
2021-02-08,90.39939880371094
2021-02-09,90.70558166503906
2021-02-10,90.66609191894531
2021-02-11,91.29817199707031
2021-02-12,92.06852722167969
2021-02-16,91.11051940917969
2021-02-17,90.39939880371094
2021-02-18,90.24136352539062
2021-02-19,90.74507904052734
2021-02-22,87.62413024902344
2021-02-23,87.37718963623047
2021-02-24,88.38459777832031
2021-02-25,85.02659606933594
2021-02-26,85.8858413696289
2021-03-01,88.52285766601562
2021-03-02,86.89324188232422
2021-03-03,83.42662811279297
2021-03-04,80.52291870117188
2021-03-05,81.22415161132812
2021-03-08,79.67353820800781
2021-03-09,82.80438232421875
2021-03-10,82.91301727294922
2021-03-11,85.38214874267578
2021-03-12,84.98709869384766
2021-03-15,86.1031494140625
2021-03-16,85.34264373779297
2021-03-17,85.33277130126953
2021-03-18,82.61674499511719
2021-03-19,83.27845764160156
2021-03-22,84.34512329101562
2021-03-23,83.57475280761719
2021-03-24,81.9056396484375
2021-03-25,81.9056396484375
2021-03-26,83.18958282470703
2021-03-29,82.18216705322266
2021-03-30,82.38957977294922
2021-03-31,84.07846069335938
2021-04-01,85.29325866699219
2021-04-05,85.5796890258789
2021-04-06,86.01422882080078
2021-04-07,84.63153076171875
2021-04-08,86.07349395751953
2021-04-09,86.36979675292969
2021-04-12,86.22164916992188
2021-04-13,86.33028411865234
2021-04-14,86.1031494140625
2021-04-15,86.5179443359375
2021-04-16,86.81423950195312
2021-04-19,85.29325866699219
2021-04-20,84.03894805908203
2021-04-21,85.7969741821289
2021-04-22,85.49079895019531
2021-04-23,87.2685546875
2021-04-26,88.06855773925781
2021-04-27,88.32535552978516
2021-04-28,87.53520965576172
2021-04-29,87.15991973876953
2021-04-30,86.43892669677734
2021-05-03,86.01422882080078
2021-05-04,84.83895111083984
2021-05-05,84.9278335571289
2021-05-06,84.21671295166016
2021-05-07,85.70806884765625
2021-05-10,83.86117553710938
2021-05-11,83.55500030517578
2021-05-12,80.46366119384766
2021-05-13,81.19451141357422
2021-05-14,83.68340301513672
2021-05-17,83.29821014404297
2021-05-18,82.70562744140625
2021-05-19,82.113037109375
2021-05-20,83.2093276977539
2021-05-21,83.14018249511719
2021-05-24,84.09821319580078
2021-05-25,83.95994567871094
2021-05-26,85.0463638305664
2021-05-27,85.63895416259766
2021-05-28,85.4611587524414
2021-06-01,85.54016876220703
2021-06-02,85.07597351074219
2021-06-03,84.3550033569336
2021-06-04,85.06610870361328
2021-06-07,85.67845153808594
2021-06-08,86.35003662109375
2021-06-09,85.7376937866211
2021-06-10,85.8957290649414
2021-06-11,86.6265869140625
2021-06-14,86.35003662109375
2021-06-15,85.71795654296875
2021-06-16,85.53028869628906
2021-06-17,85.38214874267578
2021-06-18,84.22660827636719
2021-06-21,85.7574462890625
2021-06-22,86.55743408203125
2021-06-23,86.9722671508789
2021-06-24,87.76239776611328
2021-06-25,88.3648452758789
2021-06-28,88.63150024414062
2021-06-29,88.63150024414062
2021-06-30,88.51298522949219
2021-07-01,88.83892059326172
2021-07-02,89.14509582519531
2021-07-06,88.88829040527344
2021-07-07,88.88829040527344
2021-07-08,88.02903747558594
2021-07-09,89.57965087890625
2021-07-12,89.87594604492188
2021-07-13,89.35249328613281
2021-07-14,88.09817504882812
2021-07-15,87.42658233642578
2021-07-16,86.58709716796875
2021-07-19,85.8858413696289
2021-07-20,87.83150482177734
2021-07-21,89.24385070800781
2021-07-22,89.88583374023438
2021-07-23,90.71544647216797
2021-07-26,90.39939880371094
2021-07-27,89.47100067138672
2021-07-28,90.35989379882812
2021-07-29,90.87345886230469
2021-07-30,90.42902374267578
2021-08-02,90.11298370361328
2021-08-03,90.88336181640625
2021-08-04,90.91297149658203
2021-08-05,92.08826446533203
2021-08-06,91.8907470703125
2021-08-09,92.2166748046875
2021-08-10,91.82161712646484
2021-08-11,91.43643188476562
2021-08-12,91.51544952392578
2021-08-13,91.46604919433594
2021-08-16,91.19939422607422
2021-08-17,90.07347869873047
2021-08-18,89.3919906616211
2021-08-19,89.21421813964844
2021-08-20,89.78705596923828
2021-08-23,91.21915435791016
2021-08-24,91.73271942138672
2021-08-25,92.41419219970703
2021-08-26,91.772216796875
2021-08-27,93.41172790527344
2021-08-30,93.63888549804688
2021-08-31,93.0956802368164
2021-09-01,93.25370788574219
2021-09-02,93.78703308105469
2021-09-03,94.0141830444336
2021-09-07,93.2635726928711
2021-09-08,92.67100524902344
2021-09-09,92.73023223876953
2021-09-10,92.10802459716797
2021-09-13,91.4759521484375
2021-09-14,91.35740661621094
2021-09-15,92.27593994140625
2021-09-16,92.71049499511719
2021-09-17,92.17716217041016
2021-09-20,90.31051635742188
2021-09-21,90.75494384765625
2021-09-22,92.2364273071289
2021-09-23,93.57962799072266
2021-09-24,92.98703002929688
2021-09-27,92.1969223022461
2021-09-28,89.59940338134766
2021-09-29,89.3228759765625
2021-09-30,88.35498046875
2021-10-01,88.82902526855469
2021-10-04,86.7055892944336
2021-10-05,87.71298217773438
2021-10-06,88.01917266845703
2021-10-07,89.24385070800781
2021-10-08,88.05867767333984
2021-10-11,87.594482421875
2021-10-12,88.4537353515625
2021-10-13,89.07595825195312
2021-10-14,90.72532653808594
2021-10-15,90.98213195800781
2021-10-18,92.18704223632812
2021-10-19,92.6314926147461
2021-10-20,92.7401351928711
2021-10-21,94.19197845458984
2021-10-22,94.39936828613281
2021-10-25,95.15986633300781
2021-10-26,94.95245361328125
2021-10-27,94.22159576416016
2021-10-28,95.57467651367188
2021-10-29,96.47344207763672
2021-11-01,96.66109466552734
2021-11-02,98.70552062988281
2021-11-03,98.35984802246094
2021-11-04,99.08082580566406
2021-11-05,99.14009094238281
2021-11-08,99.69316864013672
2021-11-09,99.42647552490234
2021-11-10,96.84872436523438
2021-11-11,97.7771224975586
2021-11-12,98.38946533203125
2021-11-15,97.86601257324219
2021-11-16,99.22896575927734
2021-11-17,98.40921783447266
2021-11-18,98.68575286865234
2021-11-19,98.92280578613281
2021-11-22,96.92774200439453
2021-11-23,95.94998168945312
2021-11-24,97.06603240966797
2021-11-26,95.17961120605469
2021-11-29,96.64134216308594
2021-11-30,94.21171569824219
2021-12-01,91.58457946777344
2021-12-02,93.2734603881836
2021-12-03,90.67594146728516
2021-12-06,90.5080337524414
2021-12-07,93.94506072998047
2021-12-08,94.62652587890625
2021-12-09,92.56233978271484
2021-12-10,92.38458251953125
2021-12-13,91.26852416992188
2021-12-14,89.71792602539062
2021-12-15,91.5944595336914
2021-12-16,89.16484832763672
2021-12-17,89.73767852783203
2021-12-20,88.3648452758789
2021-12-21,91.15001678466797
2021-12-22,92.1969223022461
2021-12-23,92.8685302734375
2021-12-27,94.34011840820312
2021-12-28,93.33271789550781
2021-12-29,93.46111297607422
2021-12-30,93.46111297607422
2021-12-31,93.35247039794922
2022-01-03,91.98950958251953
2022-01-04,91.39691925048828
2022-01-05,87.95992279052734
2022-01-06,88.10806274414062
2022-01-07,86.00437927246094
2022-01-10,85.55992126464844
2022-01-11,86.49819946289062
2022-01-12,86.83399200439453
2022-01-13,84.72042083740234
2022-01-14,84.17721557617188
2022-01-18,82.14265441894531
2022-01-19,81.25377655029297
2022-01-20,79.93033599853516
2022-01-21,78.32047271728516
2022-01-24,79.58465576171875
2022-01-25,77.41183471679688
2022-01-26,76.85874938964844
2022-01-27,75.8612289428711
2022-01-28,77.97478485107422
2022-01-31,80.53280639648438
2022-02-01,81.29327392578125
2022-02-02,82.37970733642578
2022-02-03,80.41426849365234
2022-02-04,80.4932861328125
2022-02-07,80.07848358154297
2022-02-08,80.90809631347656
2022-02-09,83.071044921875
2022-02-10,81.35255432128906
2022-02-11,79.09085083007812
2022-02-14,78.60688781738281
2022-02-15,80.4834213256836
2022-02-16,80.39452362060547
2022-02-17,78.2217025756836
2022-02-18,77.66861724853516
2022-02-22,76.45382690429688
2022-02-23,74.84394073486328
2022-02-24,77.27356719970703
2022-02-25,78.99207305908203
2022-02-28,78.39947509765625
2022-03-01,77.2538070678711
2022-03-02,79.09085083007812
2022-03-03,78.1130599975586
2022-03-04,77.14515686035156
2022-03-07,73.9649429321289
2022-03-08,73.56987762451172
2022-03-09,76.26615905761719
2022-03-10,75.47603607177734
2022-03-11,74.25135803222656
2022-03-14,73.16494750976562
2022-03-15,75.27851867675781
2022-03-16,77.87602996826172
2022-03-17,79.12045288085938
2022-03-18,80.62168884277344
2022-03-21,79.88095092773438
2022-03-22,80.57230377197266
2022-03-23,78.91305541992188
2022-03-24,80.22663879394531
2022-03-25,80.07848358154297
2022-03-28,80.75995635986328
2022-03-29,82.65624237060547
2022-03-30,81.30316925048828
2022-03-31,80.01922607421875
2022-04-01,80.41426849365234
2022-04-04,80.4834213256836
2022-04-05,79.09085083007812
2022-04-06,78.59700775146484
2022-04-07,79.35749816894531
2022-04-08,79.6241683959961
2022-04-11,78.28096771240234
2022-04-12,78.59700775146484
2022-04-13,79.86119842529297
2022-04-14,79.04144287109375
2022-04-18,79.39701843261719
2022-04-19,80.41426849365234
2022-04-20,81.20441436767578
2022-04-21,78.6957778930664
2022-04-22,75.87110900878906
2022-04-25,76.02913665771484
2022-04-26,74.1822280883789
2022-04-27,74.52790069580078
2022-04-28,76.18714904785156
2022-04-29,73.60939025878906
2022-05-02,73.8069076538086
2022-05-03,75.06122589111328
2022-05-04,77.39207458496094
2022-05-05,74.53777313232422
2022-05-06,73.89580535888672
2022-05-09,69.55015563964844
2022-05-10,70.00447082519531
2022-05-11,69.13534545898438
2022-05-12,69.28349304199219
2022-05-13,71.78224182128906
2022-05-16,71.71311950683594
2022-05-17,73.42172241210938
2022-05-18,70.23162841796875
2022-05-19,70.42915344238281
2022-05-20,70.55755615234375
2022-05-23,72.05879211425781
2022-05-24,71.38717651367188
2022-05-25,72.58222198486328
2022-05-26,74.31061553955078
2022-05-27,76.59209442138672
2022-05-31,75.72294616699219
2022-06-01,75.52542114257812
2022-06-02,77.33280944824219
2022-06-03,76.6414794921875
2022-06-06,77.17479705810547
2022-06-07,78.43899536132812
2022-06-08,77.066162109375
2022-06-09,75.4365234375
2022-06-10,73.3328628540039
2022-06-13,69.85633087158203
2022-06-14,69.75755310058594
2022-06-15,70.35015869140625
2022-06-16,66.90325927734375
2022-06-17,66.18228149414062
2022-06-21,67.73290252685547
2022-06-22,66.9328842163086
2022-06-23,66.92301177978516
2022-06-24,68.96744537353516
2022-06-27,69.66868591308594
2022-06-28,68.888427734375
2022-06-29,68.22671508789062
2022-06-30,67.25879669189453
2022-07-01,67.86128997802734
2022-07-05,67.12053680419922
2022-07-06,67.06128692626953
2022-07-07,68.76992797851562
2022-07-08,68.76004028320312
2022-07-11,68.15756225585938
2022-07-12,67.30819702148438
2022-07-13,67.20943450927734
2022-07-14,66.80450439453125
2022-07-15,68.05880737304688
2022-07-18,68.0094223022461
2022-07-19,70.24150848388672
2022-07-20,70.81433868408203
2022-07-21,71.06124114990234
2022-07-22,70.28101348876953
2022-07-25,71.24891662597656
2022-07-26,70.80447387695312
2022-07-27,72.45384979248047
2022-07-28,73.6390151977539
2022-07-29,74.63654327392578
2022-08-01,74.11309051513672
2022-08-02,73.90568542480469
2022-08-03,73.9254379272461
2022-08-04,72.94766998291016
2022-08-05,73.5303726196289
2022-08-08,73.78717041015625
2022-08-09,73.7081527709961
2022-08-10,74.91309356689453
2022-08-11,75.65381622314453
2022-08-12,76.67108917236328
2022-08-15,76.66122436523438
2022-08-16,76.7500991821289
2022-08-17,76.48343658447266
2022-08-18,77.2538070678711
2022-08-19,76.4340591430664
2022-08-22,75.12049102783203
2022-08-23,75.6735610961914
2022-08-24,76.13777160644531
2022-08-25,77.12542724609375
2022-08-26,75.03160095214844
2022-08-29,74.93285369873047
2022-08-30,73.54025268554688
2022-08-31,73.13531494140625
2022-09-01,72.4242172241211
2022-09-02,72.4242172241211
2022-09-06,72.26617431640625
2022-09-07,73.07606506347656
2022-09-08,73.66864776611328
2022-09-09,74.89334106445312
2022-09-12,75.59455871582031
2022-09-13,72.93778228759766
2022-09-14,73.59951782226562
2022-09-15,72.50321960449219
2022-09-16,71.58470916748047
2022-09-19,72.02273559570312
2022-09-20,71.24161529541016
2022-09-21,70.2033920288086
2022-09-22,69.12561798095703
2022-09-23,66.97994995117188
2022-09-26,65.88240814208984
2022-09-27,66.1197280883789
2022-09-28,68.04784393310547
2022-09-29,67.20738220214844
2022-09-30,66.82176208496094
2022-10-03,69.016845703125
2022-10-04,71.44924926757812
2022-10-05,71.68655395507812
2022-10-06,71.2317123413086
2022-10-07,69.3035888671875
2022-10-10,68.76966094970703
2022-10-11,67.9588623046875
2022-10-12,67.68199157714844
2022-10-13,69.36292266845703
2022-10-14,67.01949310302734
2022-10-17,68.71031951904297
2022-10-18,69.6496810913086
2022-10-19,69.27392578125
2022-10-20,68.4334716796875
2022-10-21,69.82765197753906
2022-10-24,70.4209213256836
2022-10-25,71.81509399414062
2022-10-26,72.36881256103516
2022-10-27,72.30949401855469
2022-10-28,73.85198211669922
2022-10-31,73.91131591796875
2022-11-01,74.21782684326172
2022-11-02,71.93374633789062
2022-11-03,71.41958618164062
2022-11-04,72.35891723632812
2022-11-07,73.24883270263672
2022-11-08,73.43669128417969
2022-11-09,71.2712631225586
2022-11-10,75.18683624267578
2022-11-11,75.36481475830078
2022-11-14,74.75177001953125
2022-11-15,75.55268859863281
2022-11-16,74.69244384765625
2022-11-17,74.07939147949219
2022-11-18,74.46502685546875
2022-11-21,73.98051452636719
2022-11-22,75.23627471923828
2022-11-23,75.26593017578125
2022-11-25,75.36481475830078
2022-11-28,73.85198211669922
2022-11-29,74.02996063232422
2022-11-30,76.14594268798828
2022-12-01,75.85921478271484
2022-12-02,75.63179016113281
2022-12-05,73.75310516357422
2022-12-06,72.61601257324219
2022-12-07,72.43801879882812
2022-12-08,72.84342193603516
2022-12-09,72.0622787475586
2022-12-12,73.22904968261719
2022-12-13,73.83220672607422
2022-12-14,73.31803894042969
2022-12-15,71.68655395507812
2022-12-16,70.91531372070312
2022-12-19,69.99166107177734
2022-12-20,70.36866760253906
2022-12-21,71.57901000976562
2022-12-22,70.18016052246094
2022-12-23,70.96391296386719
2022-12-27,70.9043960571289
2022-12-28,69.40634155273438
2022-12-29,70.68614196777344
2022-12-30,70.48772430419922
2023-01-03,69.94206237792969
2023-01-04,70.56707763671875
2023-01-05,69.71388244628906
2023-01-06,71.48971557617188
2023-01-09,71.6087646484375
2023-01-10,72.29331970214844
2023-01-11,73.21595764160156
2023-01-12,73.57310485839844
2023-01-13,73.78144073486328
2023-01-17,73.65247344970703
2023-01-18,72.73973846435547
2023-01-19,71.81710815429688
2023-01-20,73.04728698730469
2023-01-23,73.97986602783203
2023-01-24,73.93025207519531
2023-01-25,73.9500961303711
2023-01-26,74.69416046142578
2023-01-27,74.54534912109375
2023-01-30,73.75167083740234
2023-01-31,74.97193908691406
2023-02-01,75.9937973022461
2023-02-02,76.43031311035156
2023-02-03,75.89458465576172
2023-02-06,75.43822479248047
2023-02-07,76.22196960449219
2023-02-08,75.56719207763672
2023-02-09,75.20012664794922
2023-02-10,75.2993392944336
2023-02-13,76.30133819580078
2023-02-14,76.50968170166016
2023-02-15,76.86682891845703
2023-02-16,76.063232421875
2023-02-17,75.89458465576172
2023-02-21,74.15843200683594
2023-02-22,73.8707275390625
2023-02-23,74.28739929199219
2023-02-24,73.6227035522461
2023-02-27,73.96993255615234
2023-02-28,73.6425552368164
2023-03-01,73.78144073486328
2023-03-02,74.51557922363281
2023-03-03,75.656494140625
2023-03-06,75.48783111572266
2023-03-07,74.61479949951172
2023-03-08,74.91242218017578
2023-03-09,73.69215393066406
2023-03-10,72.21395874023438
2023-03-13,71.61869049072266
2023-03-14,72.8885726928711
2023-03-15,71.56909942626953
2023-03-16,72.70999145507812
2023-03-17,71.57901000976562
2023-03-20,72.61853790283203
2023-03-21,73.5726089477539
2023-03-22,72.27069854736328
2023-03-23,72.31046295166016
2023-03-24,72.5489730834961
2023-03-27,73.15521240234375
2023-03-28,73.10551452636719
2023-03-29,74.05958557128906
2023-03-30,74.48692321777344
2023-03-31,75.5006332397461
2023-04-03,75.6397705078125
2023-04-04,74.25834655761719
2023-04-05,73.65213012695312
2023-04-06,73.35397338867188
2023-04-10,74.0794677734375
2023-04-11,74.58631134033203
2023-04-12,74.30803680419922
2023-04-13,75.04347229003906
2023-04-14,74.99376678466797
2023-04-17,75.86833953857422
2023-04-18,76.17642974853516
2023-04-19,75.759033203125
2023-04-20,75.6695785522461
2023-04-21,75.69938659667969
2023-04-24,75.84845733642578
2023-04-25,73.88069152832031
2023-04-26,73.08563232421875
2023-04-27,74.02976989746094
2023-04-28,74.79501342773438
2023-05-01,75.01366424560547
2023-05-02,74.31797790527344
2023-05-03,73.9303970336914
2023-05-04,73.00613403320312
2023-05-05,74.14903259277344
2023-05-08,74.23846435546875
2023-05-09,74.20866394042969
2023-05-10,74.28816223144531
2023-05-11,73.9800796508789
2023-05-12,74.20866394042969
2023-05-15,74.6061782836914
2023-05-16,73.65213012695312
2023-05-17,74.48692321777344
2023-05-18,75.55030822753906
2023-05-19,75.2124252319336
2023-05-22,75.24223327636719
2023-05-23,73.8210678100586
2023-05-24,73.01608276367188
2023-05-25,73.791259765625
2023-05-26,74.76520538330078
2023-05-30,74.6757583618164
2023-05-31,73.62230682373047
2023-06-01,74.2484130859375
2023-06-02,75.48075866699219
2023-06-05,75.27203369140625
2023-06-06,75.76895904541016
2023-06-07,76.02735900878906
2023-06-08,76.32550048828125
2023-06-09,76.10685729980469
2023-06-12,77.05099487304688
2023-06-13,77.77647399902344
2023-06-14,77.57770538330078
2023-06-15,78.48208618164062
2023-06-16,78.04480743408203
2023-06-20,77.44471740722656
2023-06-21,77.71342468261719
2023-06-22,77.62385559082031
2023-06-23,77.17603302001953
2023-06-26,77.41486358642578
2023-06-27,78.75835418701172
2023-06-28,78.9971923828125
2023-06-29,79.80329895019531
2023-06-30,80.63924407958984
2023-07-03,80.28096771240234
2023-07-05,79.8530502319336
2023-07-06,79.2459945678711
2023-07-07,79.17632293701172
2023-07-10,80.5098648071289
2023-07-11,80.64920043945312
2023-07-12,81.01741027832031
2023-07-13,81.55480194091797
2023-07-14,81.40553283691406
2023-07-17,81.99268341064453
2023-07-18,82.23152923583984
2023-07-19,81.9329605102539
2023-07-20,80.81836700439453
2023-07-21,80.74871063232422
2023-07-24,80.68900299072266
2023-07-25,81.04725646972656
2023-07-26,80.81836700439453
2023-07-27,79.9227066040039
2023-07-28,80.61934661865234
2023-07-31,81.01741027832031
2023-08-01,80.99750518798828
2023-08-02,79.88289642333984
2023-08-03,79.58435821533203
2023-08-04,78.69865417480469
2023-08-07,79.44503021240234
2023-08-08,78.93749237060547
2023-08-09,78.5991439819336
2023-08-10,78.61902618408203
2023-08-11,78.42994689941406
2023-08-14,79.23604583740234
2023-08-15,78.52946472167969
2023-08-16,77.83283233642578
2023-08-17,76.6883773803711
2023-08-18,77.11631774902344
2023-08-21,77.6537094116211
2023-08-22,77.70346069335938
2023-08-23,78.91758728027344
2023-08-24,77.60395050048828
2023-08-25,78.31053161621094
2023-08-28,78.977294921875
2023-08-29,80.41034698486328
2023-08-30,80.84822082519531
2023-08-31,80.85818481445312
2023-09-01,81.37567901611328
2023-09-05,80.3804931640625
2023-09-06,80.2511215209961
2023-09-07,79.99237823486328
2023-09-08,79.8530502319336
2023-09-11,79.91277313232422
2023-09-12,79.27584838867188
2023-09-13,79.0668716430664
2023-09-14,79.70377349853516
2023-09-15,78.63893127441406
2023-09-18,78.83605194091797
2023-09-19,78.766357421875
2023-09-20,77.99980163574219
2023-09-21,76.37709045410156
2023-09-22,76.52642059326172
2023-09-25,76.7852554321289
2023-09-26,75.75985717773438
2023-09-27,76.29744720458984
2023-09-28,77.0739517211914
2023-09-29,76.6458740234375
2023-10-02,76.177978515625
2023-10-03,74.94352722167969
2023-10-04,75.29195404052734
2023-10-05,75.39151000976562
2023-10-06,76.62596893310547
2023-10-09,77.33279418945312
2023-10-10,77.90025329589844
2023-10-11,78.41792297363281
2023-10-12,77.5816879272461
2023-10-13,76.77530670166016
2023-10-16,77.66133117675781
2023-10-17,78.11927032470703
2023-10-18,76.48660278320312
2023-10-19,75.25213623046875
2023-10-20,74.13715362548828
2023-10-23,73.88825988769531
2023-10-24,74.47561645507812
2023-10-25,73.27103424072266
2023-10-26,72.9425048828125
2023-10-27,72.62393951416016
2023-10-30,72.91264343261719
2023-10-31,73.24117279052734
2023-11-01,74.31634521484375
2023-11-02,75.85940551757812
2023-11-03,76.8748550415039
2023-11-06,76.7852554321289
2023-11-07,77.06401062011719
2023-11-08,77.15360260009766
2023-11-09,76.8648910522461
2023-11-10,78.45774841308594
2023-11-13,78.51748657226562
2023-11-14,80.47867584228516
2023-11-15,79.99085998535156
2023-11-16,79.66234588623047
2023-11-17,80.05060577392578
2023-11-20,80.5782241821289
2023-11-21,80.31938171386719
2023-11-22,80.69769287109375
2023-11-24,80.90675354003906
2023-11-27,80.88684844970703
2023-11-28,80.0008316040039
2023-11-29,80.09041595458984
2023-11-30,80.44879913330078
2023-12-01,81.41447448730469
2023-12-04,81.13572692871094
2023-12-05,80.53840637207031
2023-12-06,79.9311294555664
2023-12-07,80.33929443359375
2023-12-08,80.88684844970703
2023-12-11,81.87242889404297
2023-12-12,82.28059387207031
2023-12-13,83.61459350585938
2023-12-14,84.01280975341797
2023-12-15,83.84357452392578
2023-12-18,84.2083511352539
2023-12-19,84.97577667236328
2023-12-20,83.57048034667969
2023-12-21,84.72661590576172
2023-12-22,85.2747802734375
2023-12-26,85.7830810546875
2023-12-27,85.90267944335938
2023-12-28,85.6136474609375
2023-12-29,85.20501708984375
2024-01-02,83.61034393310547
2024-01-03,82.24491882324219
2024-01-04,82.14524841308594
2024-01-05,82.09542846679688
2024-01-08,83.76982116699219
2024-01-09,83.64024353027344
2024-01-10,84.06880950927734
2024-01-11,84.2581787109375
2024-01-12,84.33792114257812
2024-01-16,84.3777847290039
2024-01-17,83.93924713134766
2024-01-18,85.02560424804688
2024-01-19,86.15184783935547
2024-01-22,87.0289077758789
2024-01-23,86.66014099121094
2024-01-24,86.36115264892578
2024-01-25,86.86944580078125
2024-01-26,86.65018463134766
2024-01-29,87.76644134521484
2024-01-30,87.99568939208984
2024-01-31,86.52062225341797
2024-02-01,87.8362045288086
2024-02-02,89.14185333251953
2024-02-05,88.98237609863281
2024-02-06,89.01228332519531
2024-02-07,90.20828247070312
2024-02-08,90.7564468383789
2024-02-09,91.67337799072266
2024-02-12,91.3943099975586
2024-02-13,89.76974487304688
2024-02-14,91.32454681396484
2024-02-15,92.38101196289062
2024-02-16,91.9125747680664
2024-02-20,90.97571563720703
2024-02-21,90.84614562988281
2024-02-22,93.01888275146484
2024-02-23,93.33781433105469
2024-02-26,93.826171875
2024-02-27,94.16504669189453
2024-02-28,94.25475311279297
2024-02-29,94.84278106689453
2024-03-01,96.20822143554688
2024-03-04,96.29790496826172
2024-03-05,95.00224304199219
2024-03-06,95.90921783447266
2024-03-07,96.7862777709961
2024-03-08,95.60025024414062
2024-03-11,94.80291748046875
2024-03-12,96.12847137451172
2024-03-13,95.93911743164062
2024-03-14,95.6102066040039
2024-03-15,95.20157623291016
2024-03-18,95.5285873413086
2024-03-19,96.27629852294922
2024-03-20,97.72189331054688
2024-03-21,98.98802947998047
2024-03-22,98.55934143066406
2024-03-25,97.9511947631836
2024-03-26,98.0110092163086
2024-03-27,98.4696044921875
2024-03-28,98.47957611083984
2024-04-01,97.9013442993164
2024-04-02,96.77477264404297
2024-04-03,97.28323364257812
2024-04-04,95.7080307006836
2024-04-05,97.1436538696289
2024-04-08,97.46267700195312
2024-04-09,96.63520812988281
2024-04-10,95.6282730102539
2024-04-11,96.21648406982422
2024-04-12,94.84068298339844
2024-04-15,93.38511657714844
2024-04-16,93.48481750488281
2024-04-17,92.4978256225586
2024-04-18,91.76008605957031
2024-04-19,90.68336486816406
2024-04-22,91.62049865722656
2024-04-23,93.48481750488281
2024-04-24,93.45490264892578
2024-04-25,93.51473236083984
2024-04-26,93.97332763671875
2024-04-29,94.18269348144531
2024-04-30,92.2984390258789
2024-05-01,91.72019958496094
2024-05-02,92.81684875488281
2024-05-03,93.89356994628906
2024-05-06,95.58839416503906
2024-05-07,95.4687728881836
2024-05-08,95.23945617675781
2024-05-09,96.27629852294922
2024-05-10,96.26632690429688
2024-05-13,95.49867248535156
2024-05-14,95.98719024658203
2024-05-15,97.9013442993164
2024-05-16,96.72492980957031
2024-05-17,96.94425964355469
2024-05-20,97.5623779296875
2024-05-21,97.69197845458984
2024-05-22,97.30316925048828
2024-05-23,97.01404571533203
2024-05-24,98.15057373046875
2024-05-28,97.37295532226562
2024-05-29,96.19654083251953
2024-05-30,96.07691192626953
2024-05-31,96.29623413085938
2024-06-03,95.49867248535156
2024-06-04,94.96031188964844
2024-06-05,96.79471588134766
2024-06-06,95.87751770019531
2024-06-07,95.51861572265625
2024-06-10,96.30620574951172
2024-06-11,96.15666198730469
2024-06-12,97.64213562011719
2024-06-13,97.52250671386719
2024-06-14,96.87447357177734
2024-06-17,98.320068359375
2024-06-18,99.46656036376953
2024-06-20,98.52943420410156
2024-06-21,98.19046020507812
2024-06-24,98.00103759765625
2024-06-25,98.2901611328125
2024-06-26,97.44273376464844
2024-06-27,98.0807876586914
2024-06-28,97.5623779296875
2024-07-01,97.16358947753906
2024-07-02,97.76176452636719
2024-07-03,98.44966888427734
2024-07-05,98.41976165771484
2024-07-08,98.6590347290039
2024-07-09,98.34001159667969
2024-07-10,98.96808624267578
2024-07-11,99.17745971679688
2024-07-12,100.03482818603516
2024-07-15,100.19435119628906
2024-07-16,101.34085083007812
2024-07-17,98.16055297851562
2024-07-18,97.69197845458984
2024-07-19,97.0838394165039
2024-07-22,98.7088851928711
2024-07-23,98.64905548095703
2024-07-24,95.45878601074219
2024-07-25,95.05004119873047
2024-07-26,96.4756851196289
2024-07-29,96.42584228515625
2024-07-30,96.00712585449219
2024-07-31,98.24031066894531
2024-08-01,96.11679077148438
2024-08-02,93.35520935058594
2024-08-05,91.62049865722656
2024-08-06,92.98633575439453
2024-08-07,92.23861694335938
2024-08-08,95.1995849609375
2024-08-09,95.66815948486328
2024-08-12,95.20955657958984
2024-08-13,96.45575714111328
2024-08-14,96.85453796386719
2024-08-15,98.96808624267578
2024-08-16,98.85842895507812
2024-08-19,99.6858901977539
2024-08-20,99.24723815917969
2024-08-21,100.52334594726562
2024-08-22,99.6460189819336
2024-08-23,100.96200561523438
2024-08-26,100.00492095947266
2024-08-27,100.48346710205078
2024-08-28,99.71580505371094
2024-08-29,99.74571228027344
2024-08-30,100.7725830078125
2024-09-03,97.45272064208984
2024-09-04,97.41283416748047
2024-09-05,96.55545043945312
2024-09-06,94.7110824584961
2024-09-09,95.60833740234375
2024-09-10,95.76785278320312
2024-09-11,97.25333404541016
2024-09-12,98.7088851928711
2024-09-13,99.86534881591797
2024-09-16,100.52334594726562
2024-09-17,100.76261138916016
2024-09-18,100.42365264892578
2024-09-19,102.53720092773438
2024-09-20,102.24808502197266
2024-09-23,102.94596099853516
2024-09-24,102.85623168945312
2024-09-25,102.54717254638672
2024-09-26,102.99579620361328
2024-09-27,102.47738647460938
2024-09-30,102.94596099853516
2024-10-01,102.5671157836914
2024-10-02,102.84626007080078
2024-10-03,102.79641723632812
2024-10-04,103.78340148925781
2024-10-07,102.7665023803711
2024-10-08,104.08248901367188
2024-10-09,105.13926696777344
2024-10-10,104.40151977539062
2024-10-11,105.89695739746094
2024-10-14,106.97367858886719
2024-10-15,105.82716369628906
2024-10-16,106.7044906616211
2024-10-17,106.5051040649414
2024-10-18,106.78424835205078
2024-10-21,106.5051040649414
2024-10-22,105.54801940917969
2024-10-23,105.13926696777344
2024-10-24,105.06947326660156
2024-10-25,104.54108428955078
2024-10-28,105.29877471923828
2024-10-29,105.76734924316406
2024-10-30,104.8700942993164
2024-10-31,103.28491973876953
2024-11-01,102.89610290527344
2024-11-04,103.0157470703125
2024-11-05,105.4383544921875
2024-11-06,108.91773223876953
2024-11-07,110.84186553955078
2024-11-08,113.1049575805664
2024-11-11,113.99224853515625
2024-11-12,113.20466613769531
2024-11-13,112.85572052001953
2024-11-14,111.24065399169922
2024-11-15,110.40320587158203
2024-11-18,110.74217224121094
2024-11-19,111.99833679199219
2024-11-20,112.29742431640625
2024-11-21,113.95237731933594
2024-11-22,115.39796447753906
2024-11-25,115.78678894042969
2024-11-26,116.53450012207031
2024-11-27,115.51760864257812
2024-11-29,116.38494873046875
2024-12-02,115.69705200195312
2024-12-03,116.46471405029297
2024-12-04,117.19249725341797
2024-12-05,116.52452850341797
2024-12-06,117.19249725341797
2024-12-09,113.95237731933594
2024-12-10,112.76599884033203
2024-12-11,113.9124984741211
2024-12-12,113.24453735351562
2024-12-13,113.02519989013672
2024-12-16,113.59347534179688
2024-12-17,112.1379165649414
2024-12-18,107.69147491455078
2024-12-19,107.92078399658203
2024-12-20,109.64552307128906
2024-12-23,109.5596694946289
2024-12-24,110.69759368896484
2024-12-26,110.74749755859375
2024-12-27,109.12047576904297
2024-12-30,108.1522445678711
2024-12-31,107.4135971069336
2025-01-02,107.76295471191406
2025-01-03,109.43988800048828
2025-01-06,110.08870697021484
2025-01-07,108.20215606689453
2025-01-08,108.90087127685547
2025-01-10,106.79471588134766
2025-01-13,106.75479888916016
2025-01-14,108.54153442382812
2025-01-15,110.82735443115234
2025-01-16,111.595947265625
2025-01-17,112.55419921875
2025-01-21,114.6503677368164
2025-01-22,115.52874755859375
2025-01-23,115.66850280761719
2025-01-24,115.37902069091797
2025-01-27,110.20848846435547
2025-01-28,111.77561950683594
2025-01-29,111.75566101074219
2025-01-30,113.44257354736328
2025-01-31,112.15492248535156
2025-02-03,111.57598114013672
2025-02-04,112.4144515991211
2025-02-05,113.9815902709961
2025-02-06,114.70027923583984
2025-02-07,114.20118713378906
2025-02-10,115.04963684082031
2025-02-11,113.84184265136719
2025-02-12,112.97342681884766
2025-02-13,115.23928833007812
2025-02-14,115.63855743408203
2025-02-18,115.91803741455078
2025-02-19,115.16941833496094
2025-02-20,112.69393920898438
2025-02-21,108.60142517089844
2025-02-24,107.48346710205078
2025-02-25,106.69490814208984
2025-02-26,107.52339172363281
2025-02-27,105.45716857910156
2025-02-28,107.26387023925781
2025-03-03,104.87823486328125
2025-03-04,102.90184020996094
2025-03-05,104.06970977783203
2025-03-06,100.08699035644531
2025-03-07,100.48625183105469
2025-03-10,96.9327621459961
2025-03-11,97.65144348144531
2025-03-12,98.86922454833984
2025-03-13,96.77304077148438
2025-03-14,99.75759887695312
2025-03-17,101.19496154785156
2025-03-18,99.32838439941406
2025-03-19,101.73397827148438
2025-03-20,101.4544906616211
2025-03-21,101.44450378417969
2025-03-24,104.84583282470703
2025-03-25,105.38509368896484
2025-03-26,102.96841430664062
2025-03-27,101.48046875
2025-03-28,99.4632339477539
2025-03-31,99.84272003173828
2025-04-01,100.35201263427734
2025-04-02,101.54037475585938
2025-04-03,96.72699737548828
2025-04-04,90.56547546386719
2025-04-07,90.375732421875
2025-04-08,89.31718444824219
2025-04-09,96.5372543334961
2025-04-10,94.27037811279297
2025-04-11,95.45873260498047
2025-04-14,96.41742706298828
2025-04-15,96.63712310791016
2025-04-16,95.17912292480469
2025-04-17,95.74834442138672
2025-04-21,93.3416519165039
2025-04-22,95.99799346923828
2025-04-23,97.45599365234375
2025-04-24,98.62439727783203
2025-04-25,98.38471984863281
2025-04-28,98.97390747070312
2025-04-29,99.94258117675781
2025-04-30,99.96255493164062
2025-05-01,100.232177734375
2025-05-02,102.22943115234375
2025-05-05,101.93983459472656
2025-05-06,101.05105590820312
2025-05-07,101.43052673339844
2025-05-08,102.0396957397461
2025-05-09,101.8499526977539
2025-05-12,104.29659271240234
2025-05-13,104.81587219238281
2025-05-14,104.86580657958984
2025-05-15,105.5149154663086
2025-05-16,106.54350280761719
2025-05-19,106.78317260742188
2025-05-20,106.07415008544922
2025-05-21,104.26663970947266
2025-05-22,103.60753631591797
2025-05-23,103.37784576416016
2025-05-27,105.34514617919922
2025-05-28,104.7459716796875
2025-05-29,104.71601104736328
2025-05-30,105.33516693115234
2025-06-02,105.8444595336914
2025-06-03,106.01422882080078
2025-06-04,106.0941162109375
2025-06-05,105.89439392089844
2025-06-06,106.86306762695312
2025-06-09,105.68468475341797
2025-06-10,105.70465087890625
2025-06-11,105.74459838867188
2025-06-12,105.95431518554688
2025-06-13,104.63612365722656
2025-06-16,105.39508056640625
2025-06-17,104.79590606689453
2025-06-18,104.45636749267578
2025-06-20,104.45636749267578
2025-06-23,106.06781768798828
2025-06-24,106.93698120117188
2025-06-25,106.09778594970703
2025-06-26,106.9969253540039
2025-06-27,107.61632537841797
2025-06-30,108.48548889160156
2025-07-01,107.046875
2025-07-02,107.44649505615234
2025-07-03,109.01498413085938
2025-07-07,109.20479583740234
2025-07-08,108.38558197021484
2025-07-09,109.30470275878906
2025-07-10,108.80518341064453
2025-07-11,108.27568817138672
2025-07-14,110.03399658203125
2025-07-15,109.25474548339844
2025-07-16,110.12391662597656
2025-07-17,111.53255462646484
2025-07-18,111.7523422241211
2025-07-21,110.94312286376953
2025-07-22,110.15388488769531
2025-07-23,111.54254913330078
2025-07-24,111.6524429321289
2025-07-25,113.16098022460938
2025-07-28,113.17097473144531
2025-07-29,113.13101196289062
2025-07-30,113.91026306152344
2025-07-31,113.17097473144531
2025-08-01,111.14292907714844
2025-08-04,112.81131744384766
2025-08-05,111.6524429321289
2025-08-06,112.06204223632812
2025-08-07,111.9021987915039
2025-08-08,111.7123794555664
2025-08-11,111.36271667480469
2025-08-12,112.6314926147461
2025-08-13,112.10200500488281
2025-08-14,111.22285461425781
2025-08-15,110.65340423583984
2025-08-18,111.34273529052734
2025-08-19,109.45455169677734
2025-08-20,109.60440826416016
2025-08-21,109.4845199584961
2025-08-22,110.76329803466797
2025-08-25,110.42362213134766
2025-08-26,111.66242218017578
2025-08-27,111.53255462646484
2025-08-28,112.46165466308594
2025-08-29,111.2728042602539
2025-09-02,110.86319732666016
2025-09-03,110.63341522216797
2025-09-04,111.9021987915039
2025-09-05,111.9521484375
2025-09-08,113.67049407958984
2025-09-09,113.82035064697266
2025-09-10,114.79940795898438
2025-09-11,115.99825286865234
2025-09-12,115.65857696533203
2025-09-15,115.95829010009766
2025-09-16,115.00920867919922
2025-09-17,114.83936309814453
2025-09-18,116.62763977050781
2025-09-19,117.29700469970703
2025-09-22,117.76000213623047
2025-09-23,117.51000213623047
2025-09-24,116.18000030517578
2025-09-25,115.22000122070312
2025-09-26,116.55000305175781
2025-09-29,117.31999969482422
2025-09-30,118.05000305175781
2025-10-01,118.62999725341797
2025-10-02,119.52999877929688
2025-10-03,119.23999786376953
2025-10-06,119.7300033569336
2025-10-07,119.33999633789062
2025-10-08,120.7699966430664
2025-10-09,119.9800033569336
2025-10-10,116.22000122070312
2025-10-13,120.05000305175781
2025-10-14,120.04000091552734
2025-10-15,120.63999938964844
2025-10-16,119.30000305175781
2025-10-17,118.41000366210938
2025-10-20,119.76000213623047
2025-10-21,119.04000091552734
2025-10-22,116.20999908447266
2025-10-23,119.12000274658203
2025-10-24,121.5199966430664
2025-10-27,122.62999725341797
2025-10-28,121.81999969482422
2025-10-29,123.05999755859375
2025-10-30,120.68000030517578
2025-10-31,121.61000061035156
2025-11-03,121.33999633789062
2025-11-04,118.13999938964844
2025-11-05,119.44999694824219
2025-11-06,116.36000061035156
2025-11-07,117.18000030517578
2025-11-10,119.33000183105469
2025-11-11,117.69000244140625
2025-11-12,117.72000122070312
2025-11-13,112.93000030517578
2025-11-14,113.08000183105469
2025-11-17,111.62999725341797
2025-11-18,111.20999908447266
2025-11-19,112.4800033569336
2025-11-20,108.44999694824219
2025-11-21,109.31999969482422
2025-11-24,113.11000061035156
2025-11-25,114.4800033569336
2025-11-26,116.20999908447266
2025-11-28,117.43000030517578
2025-12-01,115.68000030517578
2025-12-02,116.3499984741211
2025-12-03,117.12999725341797
2025-12-04,118.80999755859375
2025-12-05,118.69999694824219
2025-12-08,119.01000213623047
2025-12-09,119.01000213623047
2025-12-10,120.08999633789062
2025-12-11,121.41000366210938
2025-12-12,117.45999908447266
2025-12-15,116.31999969482422
2025-12-16,116.43000030517578
2025-12-17,113.3499984741211
2025-12-18,115.26000213623047
2025-12-19,118.18000030517578
2025-12-22,119.83000183105469
2025-12-23,119.80999755859375
2025-12-24,120.0999984741211
2025-12-26,119.30999755859375
2025-12-29,118.43000030517578
2025-12-30,117.70999908447266
2025-12-31,116.4000015258789
2026-01-02,118.6500015258789
2026-01-05,120.0999984741211
2026-01-06,122.37999725341797
2026-01-07,121.52999877929688
2026-01-08,119.44999694824219
2026-01-09,121.62999725341797
2026-01-12,122.91999816894531
2026-01-13,123.91000366210938
2026-01-14,122.93000030517578
2026-01-15,124.72000122070312
2026-01-16,124.94000244140625
2026-01-20,123.11000061035156
2026-01-21,124.8499984741211
2026-01-22,124.55000305175781
2026-01-23,123.4000015258789
2026-01-26,124.2300033569336
2026-01-27,125.7699966430664
2026-01-28,125.45999908447266
2026-01-29,125.30000305175781
2026-01-30,122.18000030517578
2026-02-02,124.16000366210938
2026-02-03,124.5199966430664
2026-02-04,120.54000091552734
2026-02-05,120.26000213623047
2026-02-06,125.63999938964844
2026-02-09,127.43000030517578
2026-02-10,126.12999725341797
2026-02-11,127.0199966430664
2026-02-12,124.87999725341797
2026-02-13,126.69999694824219
2026-02-17,126.83999633789062
2026-02-18,128.0800018310547
2026-02-19,128.10000610351562
2026-02-20,129.6300048828125
2026-02-23,127.37000274658203
2026-02-24,129.30999755859375
2026-02-25,130.52000427246094
2026-02-26,130.36000061035156
2026-02-27,128.97000122070312
2026-03-02,129.07000732421875
2026-03-03,125.58000183105469
2026-03-04,126.97000122070312
2026-03-05,124.5199966430664
2026-03-06,121.2300033569336
2026-03-09,124.55000305175781
2026-03-10,124.75
2026-03-11,124.62000274658203
2026-03-12,121.25
2026-03-13,120.54000091552734
2026-03-16,122.75
2026-03-17,123.80000305175781
2026-03-18,122.54000091552734
2026-03-19,123.06999969482422
2026-03-20,119.76000213623047
2026-03-23,122.41000366210938
2026-03-24,123.54000091552734
2026-03-25,124.33000183105469
2026-03-26,119.63999938964844
2026-03-27,118.19999694824219
2026-03-30,115.33999633789062
2026-03-31,120.73999786376953
2026-04-01,123.29000091552734
2026-04-02,123.11000061035156
2026-04-06,123.70999908447266
2026-04-07,123.97000122070312
2026-04-08,129.35000610351562
2026-04-09,130.49000549316406
2026-04-10,130.60000610351562
2026-04-13,131.74000549316406
2026-04-14,132.66000366210938
2026-04-15,131.6300048828125
2026-04-16,131.41000366210938
2026-04-17,133.77000427246094
2026-04-20,133.8699951171875
2026-04-21,133.3000030517578
2026-04-22,133.9199981689453
2026-04-23,135.25
2026-04-24,134.86000061035156
2026-04-27,135.02999877929688
2026-04-28,132.80999755859375
2026-04-29,132.52999877929688
2026-04-30,136.55999755859375
2026-05-01,136.83999633789062
2026-05-04,136.92999267578125
2026-05-05,139.94000244140625
2026-05-06,142.8699951171875
2026-05-07,139.27999877929688
2026-05-08,139.52999877929688
2026-05-11,141.8000030517578
2026-05-12,140.99000549316406
2026-05-13,142.17999267578125
2026-05-14,142.88999938964844
2026-05-15,139.77999877929688
2026-05-18,136.9600067138672
2026-05-19,135.94000244140625
2026-05-20,138.1300048828125
2026-05-21,139.27000427246094
2026-05-22,140.02999877929688
2026-05-26,143.41000366210938
2026-05-27,143.11000061035156
2026-05-28,143.2899932861328
2026-05-29,142.83999633789062
2026-06-01,142.08999633789062
2026-06-02,144.6300048828125
2026-06-03,145.4499969482422
2026-06-04,145.5800018310547
2026-06-05,140.39999389648438
2026-06-08,141.3800048828125
2026-06-09,141.97000122070312
2026-06-10,138.58999633789062
2026-06-11,144.25
2026-06-12,145.75
2026-06-15,148.97000122070312
2026-06-16,148.2899932861328
2026-06-17,148.99000549316406
2026-06-18,150.8800048828125
2026-06-22,153.17999267578125
2026-06-23,148.85000610351562
2026-06-24,148.8800048828125
2026-06-25,151.74000549316406
2026-06-26,147.3000030517578
2026-06-29,149.85000610351562
2026-06-30,151.72999572753906
2026-07-01,146.97000122070312
2026-07-02,141.3800048828125
2026-07-06,143.72999572753906
2026-07-07,139.38999938964844
2026-07-08,140.25
2026-07-09,143.47999572753906
2026-07-10,142.5399932861328
2026-07-13,139.27000427246094
2026-07-14,141.97000122070312
2026-07-15,139.89999389648438
2026-07-16,135.50999450683594
2026-07-17,135.0399932861328
2026-07-20,134.6199951171875
2026-07-21,139.6699981689453
2026-07-22,140.16000366210938
2026-07-23,140.55999755859375
2026-07-24,137.36000061035156
2026-07-27,135.27000427246094
2026-07-28,130.55999755859375
2026-07-29,126.25
2026-07-30,133.13999938964844
2026-07-31,133.57000732421875
2026-08-03,135.35000610351562
2026-08-04,139.83999633789062
2026-08-05,138.63999938964844
2026-08-06,137.47999572753906
2026-08-07,138.60000610351562
2026-08-10,137.64999389648438
2026-08-11,138.27999877929688
2026-08-12,140.89999389648438
2026-08-13,141.39999389648438
2026-08-14,142.5800018310547
2026-08-17,145.1199951171875
2026-08-18,139.9600067138672
2026-08-19,138.1699981689453
2026-08-20,136.22000122070312
2026-08-21,136.8800048828125
2026-08-24,134.25
2026-08-25,135.22000122070312
2026-08-26,136.75
2026-08-27,137.1699981689453
2026-08-28,133.8000030517578
2026-08-31,133.75
2026-09-01,132.4499969482422
2026-09-02,132.25999450683594
2026-09-03,133.82000732421875
2026-09-04,136.14999389648438
2026-09-08,136.77999877929688
2026-09-09,136.3800048828125
2026-09-10,134.0399932861328
2026-09-11,136.00999450683594
2026-09-14,131.6999969482422
2026-09-15,130.74000549316406
2026-09-16,130.8800048828125
2026-09-17,133.10000610351562
2026-09-18,135.3800048828125
2026-09-21,137.52999877929688
2026-09-22,138.7100067138672
2026-09-23,137.88999938964844
2026-09-24,137.97999572753906
2026-09-25,139.1300048828125
2026-09-28,137.8300018310547
2026-09-29,138.44000244140625
2026-09-30,137.8300018310547
2026-10-01,137.82000732421875
