Date,close
1993-01-29,24.113250732421875
1993-02-01,24.284767150878906
1993-02-02,24.33622169494629
1993-02-03,24.593467712402344
1993-02-04,24.696372985839844
1993-02-05,24.679227828979492
1993-02-08,24.679227828979492
1993-02-09,24.50771141052246
1993-02-10,24.542015075683594
1993-02-11,24.662071228027344
1993-02-12,24.473424911499023
1993-02-16,23.85601234436035
1993-02-17,23.838851928710938
1993-02-18,23.821691513061523
1993-02-19,23.90745735168457
1993-02-22,23.993206024169922
1993-02-23,23.976070404052734
1993-02-24,24.284767150878906
1993-02-25,24.33622169494629
1993-02-26,24.370521545410156
1993-03-01,24.301910400390625
1993-03-02,24.662071228027344
1993-03-03,24.76495933532715
1993-03-04,24.627765655517578
1993-03-05,24.55916404724121
1993-03-08,25.107980728149414
1993-03-09,25.022220611572266
1993-03-10,25.07366180419922
1993-03-11,25.005064010620117
1993-03-12,24.747812271118164
1993-03-15,24.86785316467285
1993-03-16,24.86785316467285
1993-03-17,24.713516235351562
1993-03-18,24.86785316467285
1993-03-19,24.830238342285156
1993-03-22,24.692398071289062
1993-03-23,24.744077682495117
1993-03-24,24.744077682495117
1993-03-25,24.899158477783203
1993-03-26,24.761316299438477
1993-03-29,24.86469268798828
1993-03-30,24.93362045288086
1993-03-31,24.91638946533203
1993-04-01,24.830238342285156
1993-04-02,24.31330680847168
1993-04-05,24.433921813964844
1993-04-06,24.3649959564209
1993-04-07,24.451156616210938
1993-04-08,24.416685104370117
1993-04-12,24.761316299438477
1993-04-13,24.81300926208496
1993-04-14,24.778549194335938
1993-04-15,24.778549194335938
1993-04-16,24.778549194335938
1993-04-19,24.675155639648438
1993-04-20,24.554550170898438
1993-04-21,24.53731346130371
1993-04-22,24.227134704589844
1993-04-23,24.12375259399414
1993-04-26,23.934202194213867
1993-04-27,24.192689895629883
1993-04-28,24.141008377075195
1993-04-29,24.244369506835938
1993-04-30,24.278839111328125
1993-05-03,24.433921813964844
1993-05-04,24.520078659057617
1993-05-05,24.58900260925293
1993-05-06,24.502849578857422
1993-05-07,24.451156616210938
1993-05-10,24.502849578857422
1993-05-11,24.606233596801758
1993-05-12,24.571767807006836
1993-05-13,24.278839111328125
1993-05-14,24.2615966796875
1993-05-17,24.34775733947754
1993-05-18,24.330528259277344
1993-05-19,24.830238342285156
1993-05-20,24.899158477783203
1993-05-21,24.675155639648438
1993-05-24,24.778549194335938
1993-05-25,24.830238342285156
1993-05-26,25.14040184020996
1993-05-27,25.054248809814453
1993-05-28,24.93362045288086
1993-06-01,25.174861907958984
1993-06-02,25.14040184020996
1993-06-03,25.054248809814453
1993-06-04,24.968090057373047
1993-06-07,24.881927490234375
1993-06-08,24.657926559448242
1993-06-09,24.744077682495117
1993-06-10,24.761316299438477
1993-06-11,24.86469268798828
1993-06-14,24.830238342285156
1993-06-15,24.778549194335938
1993-06-16,24.830238342285156
1993-06-17,24.91638946533203
1993-06-18,24.711204528808594
1993-06-21,24.763273239135742
1993-06-22,24.780620574951172
1993-06-23,24.555017471313477
1993-06-24,24.884740829467773
1993-06-25,24.86739158630371
1993-06-28,25.145042419433594
1993-06-29,25.023576736450195
1993-06-30,25.023576736450195
1993-07-01,24.95415496826172
1993-07-02,24.815322875976562
1993-07-06,24.555017471313477
1993-07-07,24.624448776245117
1993-07-08,24.9020938873291
1993-07-09,24.971511840820312
1993-07-12,24.95415496826172
1993-07-13,24.936798095703125
1993-07-14,25.023576736450195
1993-07-15,24.91944122314453
1993-07-16,24.850025177001953
1993-07-19,24.832683563232422
1993-07-20,24.9020938873291
1993-07-21,24.884740829467773
1993-07-22,24.711204528808594
1993-07-23,24.832683563232422
1993-07-26,24.971511840820312
1993-07-27,24.95415496826172
1993-07-28,24.9020938873291
1993-07-29,25.04091453552246
1993-07-30,24.9020938873291
1993-08-02,24.971511840820312
1993-08-03,24.988872528076172
1993-08-04,24.988872528076172
1993-08-05,24.936798095703125
1993-08-06,24.971511840820312
1993-08-09,25.110336303710938
1993-08-10,25.092971801757812
1993-08-11,25.092971801757812
1993-08-12,25.023576736450195
1993-08-13,25.058277130126953
1993-08-16,25.19710922241211
1993-08-17,25.28386878967285
1993-08-18,25.422704696655273
1993-08-19,25.422704696655273
1993-08-20,25.440053939819336
1993-08-23,25.387981414794922
1993-08-24,25.6656494140625
1993-08-25,25.6829891204834
1993-08-26,25.700349807739258
1993-08-27,25.6829891204834
1993-08-30,25.78712272644043
1993-08-31,25.856525421142578
1993-09-01,25.821821212768555
1993-09-02,25.73504638671875
1993-09-03,25.75241470336914
1993-09-07,25.578874588012695
1993-09-08,25.49209976196289
1993-09-09,25.544153213500977
1993-09-10,25.76976203918457
1993-09-13,25.78712272644043
1993-09-14,25.6829891204834
1993-09-15,25.75241470336914
1993-09-16,25.648298263549805
1993-09-17,25.59856605529785
1993-09-20,25.389019012451172
1993-09-21,25.301713943481445
1993-09-22,25.511255264282227
1993-09-23,25.650938034057617
1993-09-24,25.581104278564453
1993-09-27,25.8604793548584
1993-09-28,25.808101654052734
1993-09-29,25.720787048339844
1993-09-30,25.668399810791016
1993-10-01,25.79063606262207
1993-10-04,25.825565338134766
1993-10-05,25.79063606262207
1993-10-06,25.77318000793457
1993-10-07,25.70331382751465
1993-10-08,25.738250732421875
1993-10-11,25.79063606262207
1993-10-12,25.825565338134766
1993-10-13,25.825565338134766
1993-10-14,26.157325744628906
1993-10-15,26.297019958496094
1993-10-18,26.227174758911133
1993-10-19,26.035093307495117
1993-10-20,26.07001495361328
1993-10-21,26.035093307495117
1993-10-22,25.912866592407227
1993-10-25,25.982707977294922
1993-10-26,25.965240478515625
1993-10-27,25.982707977294922
1993-10-28,26.174789428710938
1993-10-29,26.174789428710938
1993-11-01,26.24464988708496
1993-11-02,26.227174758911133
1993-11-03,25.895397186279297
1993-11-04,25.616025924682617
1993-11-05,25.738250732421875
1993-11-08,25.77318000793457
1993-11-09,25.79063606262207
1993-11-10,25.982707977294922
1993-11-11,25.912866592407227
1993-11-12,26.035093307495117
1993-11-15,26.01763153076172
1993-11-16,26.139873504638672
1993-11-17,26.00016212463379
1993-11-18,25.930328369140625
1993-11-19,25.877944946289062
1993-11-22,25.720787048339844
1993-11-23,25.8604793548584
1993-11-24,25.965240478515625
1993-11-26,25.982707977294922
1993-11-29,25.877944946289062
1993-11-30,25.895397186279297
1993-12-01,25.930328369140625
1993-12-02,26.00016212463379
1993-12-03,26.104938507080078
1993-12-06,26.19225311279297
1993-12-07,26.174789428710938
1993-12-08,26.174789428710938
1993-12-09,26.087488174438477
1993-12-10,26.035093307495117
1993-12-13,26.19225311279297
1993-12-14,26.00016212463379
1993-12-15,25.965240478515625
1993-12-16,26.052555084228516
1993-12-17,26.19573974609375
1993-12-20,26.230897903442383
1993-12-21,26.14299774169922
1993-12-22,26.318803787231445
1993-12-23,26.301231384277344
1993-12-27,26.441875457763672
1993-12-28,26.494617462158203
1993-12-29,26.459447860717773
1993-12-30,26.35396957397461
1993-12-31,26.21332550048828
1994-01-03,26.14299774169922
1994-01-04,26.24848747253418
1994-01-05,26.301231384277344
1994-01-06,26.301231384277344
1994-01-07,26.459447860717773
1994-01-10,26.775911331176758
1994-01-11,26.723175048828125
1994-01-12,26.63526153564453
1994-01-13,26.564937591552734
1994-01-14,26.670429229736328
1994-01-17,26.670429229736328
1994-01-18,26.70559310913086
1994-01-19,26.63526153564453
1994-01-20,26.70559310913086
1994-01-21,26.652843475341797
1994-01-24,26.5473575592041
1994-01-25,26.5473575592041
1994-01-26,26.617677688598633
1994-01-27,26.86382293701172
1994-01-28,26.934154510498047
1994-01-31,27.127540588378906
1994-02-01,26.986886978149414
1994-02-02,27.162691116333008
1994-02-03,27.039621353149414
1994-02-04,26.42430877685547
1994-02-07,26.5473575592041
1994-02-08,26.564937591552734
1994-02-09,26.670429229736328
1994-02-10,26.441875457763672
1994-02-11,26.529783248901367
1994-02-14,26.564937591552734
1994-02-15,26.70559310913086
1994-02-16,26.6879825592041
1994-02-17,26.529783248901367
1994-02-18,26.37154769897461
1994-02-22,26.63526153564453
1994-02-23,26.564937591552734
1994-02-24,26.21332550048828
1994-02-25,26.336400985717773
1994-02-28,26.336400985717773
1994-03-01,26.230897903442383
1994-03-02,26.26605796813965
1994-03-03,26.19573974609375
1994-03-04,26.26605796813965
1994-03-07,26.40669822692871
1994-03-08,26.301231384277344
1994-03-09,26.42430877685547
1994-03-10,26.21332550048828
1994-03-11,26.35396957397461
1994-03-14,26.389108657836914
1994-03-15,26.37154769897461
1994-03-16,26.582523345947266
1994-03-17,26.582523345947266
1994-03-18,26.576725006103516
1994-03-21,26.50597381591797
1994-03-22,26.576725006103516
1994-03-23,26.559053421020508
1994-03-24,26.240772247314453
1994-03-25,25.99320411682129
1994-03-28,26.02857208251953
1994-03-29,25.515792846679688
1994-03-30,25.162126541137695
1994-03-31,25.23286247253418
1994-04-04,24.843854904174805
1994-04-05,25.356626510620117
1994-04-06,25.356626510620117
1994-04-07,25.480409622192383
1994-04-08,25.285900115966797
1994-04-11,25.392004013061523
1994-04-12,25.356626510620117
1994-04-13,25.224014282226562
1994-04-14,25.23286247253418
1994-04-15,25.23286247253418
1994-04-18,25.064870834350586
1994-04-19,25.100231170654297
1994-04-20,25.073713302612305
1994-04-21,25.40968894958496
1994-04-22,25.383155822753906
1994-04-25,25.648380279541016
1994-04-26,25.621877670288086
1994-04-28,25.43620491027832
1994-04-29,25.515792846679688
1994-05-02,25.674922943115234
1994-05-03,25.648380279541016
1994-05-04,25.60418701171875
1994-05-05,25.568822860717773
1994-05-06,25.32126808166504
1994-05-09,25.100231170654297
1994-05-10,25.294742584228516
1994-05-11,25.064870834350586
1994-05-12,25.188657760620117
1994-05-13,25.188657760620117
1994-05-16,25.19749641418457
1994-05-17,25.568822860717773
1994-05-18,25.754491806030273
1994-05-19,25.87826156616211
1994-05-20,25.7810001373291
1994-05-23,25.736797332763672
1994-05-24,25.842905044555664
1994-05-25,25.913631439208984
1994-05-26,25.931316375732422
1994-05-27,25.957822799682617
1994-05-31,25.92247200012207
1994-06-01,26.037403106689453
1994-06-02,26.010892868041992
1994-06-03,26.161176681518555
1994-06-06,26.15233039855957
1994-06-07,26.116971969604492
1994-06-08,25.90480613708496
1994-06-09,26.046247482299805
1994-06-10,26.0904541015625
1994-06-13,26.125835418701172
1994-06-14,26.32916259765625
1994-06-15,26.22307014465332
1994-06-16,26.276142120361328
1994-06-17,26.129446029663086
1994-06-20,25.906951904296875
1994-06-21,25.684492111206055
1994-06-22,25.78235626220703
1994-06-23,25.63108253479004
1994-06-24,25.097089767456055
1994-06-27,25.53317642211914
1994-06-28,25.408586502075195
1994-06-29,25.488677978515625
1994-06-30,25.32848358154297
1994-07-01,25.381881713867188
1994-07-05,25.515357971191406
1994-07-06,25.479766845703125
1994-07-07,25.586570739746094
1994-07-08,25.577680587768555
1994-07-11,25.488677978515625
1994-07-12,25.524267196655273
1994-07-13,25.56876564025879
1994-07-14,25.844667434692383
1994-07-15,25.853567123413086
1994-07-18,25.89805793762207
1994-07-19,25.844667434692383
1994-07-20,25.728960037231445
1994-07-21,25.78235626220703
1994-07-22,25.82685661315918
1994-07-25,25.86246681213379
1994-07-26,25.835783004760742
1994-07-27,25.835783004760742
1994-07-28,25.889163970947266
1994-07-29,26.14725112915039
1994-08-01,26.2718448638916
1994-08-02,26.30745506286621
1994-08-03,26.316362380981445
1994-08-04,26.165058135986328
1994-08-05,26.07607078552246
1994-08-08,26.138349533081055
1994-08-09,26.182859420776367
1994-08-10,26.280757904052734
1994-08-11,26.182859420776367
1994-08-12,26.387540817260742
1994-08-15,26.378650665283203
1994-08-16,26.565547943115234
1994-08-17,26.54774284362793
1994-08-18,26.458742141723633
1994-08-19,26.440933227539062
1994-08-22,26.414262771606445
1994-08-23,26.565547943115234
1994-08-24,26.85033416748047
1994-08-25,26.779130935668945
1994-08-26,27.161813735961914
1994-08-29,27.144020080566406
1994-08-30,27.21522331237793
1994-08-31,27.144020080566406
1994-09-01,27.05502700805664
1994-09-02,26.939332962036133
1994-09-06,26.94822883605957
1994-09-07,26.921512603759766
1994-09-08,27.05502700805664
1994-09-09,26.770227432250977
1994-09-12,26.69011878967285
1994-09-13,26.770227432250977
1994-09-14,26.79693603515625
1994-09-15,27.1351318359375
1994-09-16,26.942007064819336
1994-09-19,26.968870162963867
1994-09-20,26.4585018157959
1994-09-21,26.4585018157959
1994-09-22,26.395801544189453
1994-09-23,26.30628776550293
1994-09-26,26.440587997436523
1994-09-27,26.42267608642578
1994-09-28,26.62860679626465
1994-09-29,26.49430274963379
1994-09-30,26.4585018157959
1994-10-03,26.395801544189453
1994-10-04,26.00185203552246
1994-10-05,26.010814666748047
1994-10-06,25.930225372314453
1994-10-07,26.046619415283203
1994-10-10,26.32419204711914
1994-10-11,26.718151092529297
1994-10-12,26.75398063659668
1994-10-13,26.8435001373291
1994-10-14,26.959924697875977
1994-10-17,26.906206130981445
1994-10-18,26.8435001373291
1994-10-19,26.968870162963867
1994-10-20,26.789785385131836
1994-10-21,26.68233299255371
1994-10-24,26.4585018157959
1994-10-25,26.485353469848633
1994-10-26,26.58385467529297
1994-10-27,26.74501609802246
1994-10-28,27.309101104736328
1994-10-31,27.21061134338379
1994-11-01,26.906206130981445
1994-11-02,26.75398063659668
1994-11-03,26.89723014831543
1994-11-04,26.54802894592285
1994-11-07,26.62860679626465
1994-11-08,26.83456039428711
1994-11-09,26.879322052001953
1994-11-10,26.69129753112793
1994-11-11,26.592802047729492
1994-11-14,26.8435001373291
1994-11-15,26.75398063659668
1994-11-16,26.8435001373291
1994-11-17,26.6644229888916
1994-11-18,26.62860679626465
1994-11-21,26.360013961791992
1994-11-22,25.78696060180664
1994-11-23,25.930225372314453
1994-11-25,26.055578231811523
1994-11-28,26.171985626220703
1994-11-29,26.163021087646484
1994-11-30,26.1272029876709
1994-12-01,25.867530822753906
1994-12-02,26.10927963256836
1994-12-05,26.136165618896484
1994-12-06,26.154067993164062
1994-12-07,25.966041564941406
1994-12-08,25.715335845947266
1994-12-09,25.81383514404297
1994-12-12,25.983938217163086
1994-12-13,26.082441329956055
1994-12-14,26.216758728027344
1994-12-15,26.297330856323242
1994-12-16,26.42578125
1994-12-19,26.461872100830078
1994-12-20,26.38064193725586
1994-12-21,26.66042709350586
1994-12-22,26.579200744628906
1994-12-23,26.60627555847168
1994-12-27,26.75067901611328
1994-12-28,26.615306854248047
1994-12-29,26.633358001708984
1994-12-30,26.317474365234375
1995-01-03,26.443838119506836
1995-01-04,26.570194244384766
1995-01-05,26.570194244384766
1995-01-06,26.597253799438477
1995-01-09,26.62433624267578
1995-01-10,26.65140151977539
1995-01-11,26.669462203979492
1995-01-12,26.678478240966797
1995-01-13,26.994373321533203
1995-01-16,27.156808853149414
1995-01-17,27.16582679748535
1995-01-18,27.13877296447754
1995-01-19,26.98532485961914
1995-01-20,26.886056900024414
1995-01-23,26.967283248901367
1995-01-24,27.003385543823242
1995-01-25,27.07558822631836
1995-01-26,27.102664947509766
1995-01-27,27.210969924926758
1995-01-30,27.093643188476562
1995-01-31,27.201936721801758
1995-02-01,27.19291114807129
1995-02-02,27.35536003112793
1995-02-03,27.743453979492188
1995-02-06,27.860774993896484
1995-02-07,27.89688491821289
1995-02-08,27.89688491821289
1995-02-09,27.89688491821289
1995-02-10,27.932987213134766
1995-02-13,27.942020416259766
1995-02-14,27.978107452392578
1995-02-15,28.131534576416016
1995-02-16,28.095434188842773
1995-02-17,27.987119674682617
1995-02-21,27.978107452392578
1995-02-22,28.18567657470703
1995-02-23,28.23081398010254
1995-02-24,28.30303192138672
1995-02-27,28.077392578125
1995-02-28,28.312034606933594
1995-03-01,28.131534576416016
1995-03-02,28.167648315429688
1995-03-03,28.176677703857422
1995-03-06,28.194711685180664
1995-03-07,27.978107452392578
1995-03-08,28.0502986907959
1995-03-09,28.041278839111328
1995-03-10,28.456445693969727
1995-03-13,28.429370880126953
1995-03-14,28.6369571685791
1995-03-15,28.582775115966797
1995-03-16,28.754255294799805
1995-03-17,28.78285789489746
1995-03-20,28.78285789489746
1995-03-21,28.71027374267578
1995-03-22,28.73749351501465
1995-03-23,28.755638122558594
1995-03-24,29.163991928100586
1995-03-27,29.281963348388672
1995-03-28,29.281963348388672
1995-03-29,29.272876739501953
1995-03-30,29.21843719482422
1995-03-31,29.100479125976562
1995-04-03,29.173049926757812
1995-04-04,29.363611221313477
1995-04-05,29.363611221313477
1995-04-06,29.472511291503906
1995-04-07,29.445276260375977
1995-04-10,29.499731063842773
1995-04-11,29.399911880493164
1995-04-12,29.499731063842773
1995-04-13,29.66305160522461
1995-04-17,29.490657806396484
1995-04-18,29.390823364257812
1995-04-19,29.363611221313477
1995-04-20,29.40898895263672
1995-04-21,29.554176330566406
1995-04-24,29.898977279663086
1995-04-25,29.81731414794922
1995-04-26,29.84455108642578
1995-04-27,29.917118072509766
1995-04-28,29.962501525878906
1995-05-01,29.880836486816406
1995-05-02,29.944353103637695
1995-05-03,30.361764907836914
1995-05-04,30.34360122680664
1995-05-05,30.30731201171875
1995-05-08,30.525096893310547
1995-05-09,30.497867584228516
1995-05-10,30.53415870666504
1995-05-11,30.61582374572754
1995-05-12,30.63395881652832
1995-05-15,30.779170989990234
1995-05-16,30.797325134277344
1995-05-17,30.679353713989258
1995-05-18,30.23472785949707
1995-05-19,30.252864837646484
1995-05-22,30.588621139526367
1995-05-23,30.869905471801758
1995-05-24,30.85175895690918
1995-05-25,30.878990173339844
1995-05-26,30.525096893310547
1995-05-30,30.516000747680664
1995-05-31,31.151206970214844
1995-06-01,31.069541931152344
1995-06-02,31.09676170349121
1995-06-05,31.287317276000977
1995-06-06,31.23286247253418
1995-06-07,31.069541931152344
1995-06-08,30.99694061279297
1995-06-09,30.81546401977539
1995-06-12,30.987869262695312
1995-06-13,31.323619842529297
1995-06-14,31.296371459960938
1995-06-15,31.43248176574707
1995-06-16,31.525815963745117
1995-06-19,31.88177490234375
1995-06-20,31.799646377563477
1995-06-21,31.781383514404297
1995-06-22,32.201255798339844
1995-06-23,32.137351989746094
1995-06-26,31.754009246826172
1995-06-27,31.69011116027832
1995-06-28,31.854400634765625
1995-06-29,31.799646377563477
1995-06-30,31.781383514404297
1995-07-03,31.900041580200195
1995-07-05,32.01869583129883
1995-07-06,32.42942810058594
1995-07-07,32.57546615600586
1995-07-10,32.593711853027344
1995-07-11,32.43854522705078
1995-07-12,32.84014892578125
1995-07-13,32.767127990722656
1995-07-14,32.739742279052734
1995-07-17,32.92230224609375
1995-07-18,32.63935089111328
1995-07-19,32.283390045166016
1995-07-20,32.40203094482422
1995-07-21,32.36552429199219
1995-07-24,32.60285568237305
1995-07-25,32.84928894042969
1995-07-26,32.8218994140625
1995-07-27,33.09571838378906
1995-07-28,32.88578796386719
1995-07-31,32.80363082885742
1995-08-01,32.748870849609375
1995-08-02,32.67586898803711
1995-08-03,32.66674041748047
1995-08-04,32.703243255615234
1995-08-07,32.776268005371094
1995-08-08,32.776268005371094
1995-08-09,32.767127990722656
1995-08-10,32.69411087036133
1995-08-11,32.511573791503906
1995-08-14,32.80363082885742
1995-08-15,32.739742279052734
1995-08-16,32.831016540527344
1995-08-17,32.776268005371094
1995-08-18,32.812774658203125
1995-08-21,32.72152328491211
1995-08-22,32.78538513183594
1995-08-23,32.66674041748047
1995-08-24,32.703243255615234
1995-08-25,32.88578796386719
1995-08-28,32.767127990722656
1995-08-29,32.84928894042969
1995-08-30,32.92230224609375
1995-08-31,32.94968795776367
1995-09-01,33.09571838378906
1995-09-05,33.40604019165039
1995-09-06,33.46992874145508
1995-09-07,33.48820114135742
1995-09-08,33.61597442626953
1995-09-11,33.70725631713867
1995-09-12,33.86241149902344
1995-09-13,34.01758575439453
1995-09-14,34.32790756225586
1995-09-15,34.31844711303711
1995-09-18,34.18996810913086
1995-09-19,34.35514831542969
1995-09-20,34.52030944824219
1995-09-21,34.235843658447266
1995-09-22,34.24502944946289
1995-09-25,34.18996810913086
1995-09-26,34.18080520629883
1995-09-27,34.15327072143555
1995-09-28,34.410186767578125
1995-09-29,34.34596252441406
1995-10-02,34.17162322998047
1995-10-03,34.20833969116211
1995-10-04,34.17162322998047
1995-10-05,34.272560119628906
1995-10-06,34.300086975097656
1995-10-09,34.015628814697266
1995-10-10,33.99728775024414
1995-10-11,34.107383728027344
1995-10-12,34.31844711303711
1995-10-13,34.42854690551758
1995-10-16,34.26338577270508
1995-10-17,34.492759704589844
1995-10-18,34.59369659423828
1995-10-19,34.75889205932617
1995-10-20,34.547855377197266
1995-10-23,34.47441864013672
1995-10-24,34.51112747192383
1995-10-25,34.226688385009766
1995-10-26,33.914695739746094
1995-10-27,34.17162322998047
1995-10-30,34.39183044433594
1995-10-31,34.24502944946289
1995-11-01,34.52030944824219
1995-11-02,34.74055099487305
1995-11-03,34.78641891479492
1995-11-06,34.667137145996094
1995-11-07,34.53865432739258
1995-11-08,34.85065841674805
1995-11-09,34.9791145324707
1995-11-10,34.96075439453125
1995-11-13,34.924041748046875
1995-11-14,34.69466018676758
1995-11-15,35.04336166381836
1995-11-16,35.23603820800781
1995-11-17,35.34616470336914
1995-11-20,35.162628173828125
1995-11-21,35.44707489013672
1995-11-22,35.336971282958984
1995-11-24,35.42872619628906
1995-11-27,35.43790817260742
1995-11-28,35.81412887573242
1995-11-29,35.850833892822266
1995-11-30,35.76823806762695
1995-12-01,35.81412887573242
1995-12-04,36.254581451416016
1995-12-05,36.493167877197266
1995-12-06,36.57573318481445
1995-12-07,36.383052825927734
1995-12-08,36.5023193359375
1995-12-11,36.65834426879883
1995-12-12,36.548221588134766
1995-12-13,36.77761459350586
1995-12-14,36.51150894165039
1995-12-15,36.52488708496094
1995-12-18,35.82320785522461
1995-12-19,36.201744079589844
1995-12-20,35.850887298583984
1995-12-21,36.03554153442383
1995-12-22,36.16478729248047
1995-12-26,36.34021759033203
1995-12-27,36.32177734375
1995-12-28,36.284828186035156
1995-12-29,36.330997467041016
1996-01-02,36.71877670288086
1996-01-03,36.820335388183594
1996-01-04,36.46949005126953
1996-01-05,36.39563751220703
1996-01-08,36.534122467041016
1996-01-09,35.90628433227539
1996-01-10,35.43541717529297
1996-01-11,35.647762298583984
1996-01-12,35.59238052368164
1996-01-15,35.51852035522461
1996-01-16,35.952449798583984
1996-01-17,35.8416633605957
1996-01-18,35.96168899536133
1996-01-19,36.201744079589844
1996-01-22,36.21097183227539
1996-01-23,36.2940788269043
1996-01-24,36.58950424194336
1996-01-25,36.46025466918945
1996-01-26,36.774173736572266
1996-01-29,36.92189407348633
1996-01-30,37.235801696777344
1996-01-31,37.62359619140625
1996-02-01,37.762088775634766
1996-02-02,37.60511779785156
1996-02-05,37.90979766845703
1996-02-06,38.269866943359375
1996-02-07,38.49147415161133
1996-02-08,38.906951904296875
1996-02-09,38.89769744873047
1996-02-12,39.19316482543945
1996-02-13,39.110050201416016
1996-02-14,38.7684440612793
1996-02-15,38.528404235839844
1996-02-16,38.37145233154297
1996-02-20,37.992916107177734
1996-02-21,38.46376037597656
1996-02-22,39.0731201171875
1996-02-23,38.962345123291016
1996-02-26,38.408363342285156
1996-02-27,38.28834915161133
1996-02-28,38.1129264831543
1996-02-29,37.74362564086914
1996-03-01,38.34373474121094
1996-03-04,38.56532287597656
1996-03-05,38.92539978027344
1996-03-06,38.58380889892578
1996-03-07,38.77768325805664
1996-03-08,37.52202224731445
1996-03-11,37.95595169067383
1996-03-12,37.660526275634766
1996-03-13,37.91904830932617
1996-03-14,38.0852165222168
1996-03-15,38.05964660644531
1996-03-18,38.7922477722168
1996-03-19,38.708797454833984
1996-03-20,38.66242980957031
1996-03-21,38.56969451904297
1996-03-22,38.67169189453125
1996-03-25,38.597503662109375
1996-03-26,38.782989501953125
1996-03-27,38.430580139160156
1996-03-28,38.57896423339844
1996-03-29,38.39349365234375
1996-04-01,38.83863067626953
1996-04-02,38.91281509399414
1996-04-03,38.91281509399414
1996-04-04,38.8849983215332
1996-04-08,38.21729278564453
1996-04-09,38.06888961791992
1996-04-10,37.39190673828125
1996-04-11,37.34554672241211
1996-04-12,37.81850814819336
1996-04-15,38.13383102416992
1996-04-16,38.245094299316406
1996-04-17,38.152374267578125
1996-04-18,38.20802307128906
1996-04-19,38.30073928833008
1996-04-22,38.597503662109375
1996-04-23,38.718055725097656
1996-04-24,38.57896423339844
1996-04-25,38.755157470703125
1996-04-26,38.83863067626953
1996-04-29,38.83863067626953
1996-04-30,38.81079864501953
1996-05-01,38.89427185058594
1996-05-02,38.2265510559082
1996-05-03,38.17091369628906
1996-05-06,38.13383102416992
1996-05-07,37.97616195678711
1996-05-08,38.44911193847656
1996-05-09,38.421295166015625
1996-05-10,38.801544189453125
1996-05-13,39.38576126098633
1996-05-14,39.62687683105469
1996-05-15,39.58052444458008
1996-05-16,39.66400146484375
1996-05-17,39.87730026245117
1996-05-20,40.14624786376953
1996-05-21,40.09059143066406
1996-05-22,40.47081756591797
1996-05-23,40.30388259887695
1996-05-24,40.46154022216797
1996-05-28,40.053489685058594
1996-05-29,39.784549713134766
1996-05-30,39.98857116699219
1996-05-31,39.691795349121094
1996-06-03,39.80310821533203
1996-06-04,40.081298828125
1996-06-05,40.433719635009766
1996-06-06,40.1369514465332
1996-06-07,40.1369514465332
1996-06-10,40.00716018676758
1996-06-11,39.97003936767578
1996-06-12,39.89582443237305
1996-06-13,39.89582443237305
1996-06-14,39.72890090942383
1996-06-17,39.701087951660156
1996-06-18,39.37650680541992
1996-06-19,39.552703857421875
1996-06-20,39.52486801147461
1996-06-21,39.86484146118164
1996-06-24,39.939422607421875
1996-06-25,39.89280319213867
1996-06-26,39.62245178222656
1996-06-27,39.902130126953125
1996-06-28,40.0419807434082
1996-07-01,40.38690948486328
1996-07-02,40.23775100708008
1996-07-03,40.153873443603516
1996-07-05,39.12832260131836
1996-07-08,38.969844818115234
1996-07-09,39.12832260131836
1996-07-10,39.28680419921875
1996-07-11,38.4943733215332
1996-07-12,38.522342681884766
1996-07-15,37.38494110107422
1996-07-16,37.47817611694336
1996-07-17,37.9256706237793
1996-07-18,38.447750091552734
1996-07-19,38.16806411743164
1996-07-22,37.88837814331055
1996-07-23,37.4035758972168
1996-07-24,37.47817611694336
1996-07-25,37.81380844116211
1996-07-26,38.018898010253906
1996-07-29,37.59937286376953
1996-07-30,37.96296691894531
1996-07-31,38.242645263671875
1996-08-01,38.87660217285156
1996-08-02,39.71568298339844
1996-08-05,39.48259735107422
1996-08-06,39.603797912597656
1996-08-07,39.70635223388672
1996-08-08,39.64109802246094
1996-08-09,39.51057815551758
1996-08-12,39.799583435058594
1996-08-13,39.48259735107422
1996-08-14,39.62245178222656
1996-08-15,39.5478630065918
1996-08-16,39.88349151611328
1996-08-19,39.902130126953125
1996-08-20,39.874176025390625
1996-08-21,39.73429870605469
1996-08-22,40.107242584228516
1996-08-23,39.89280319213867
1996-08-26,39.69705581665039
1996-08-27,39.84619140625
1996-08-28,39.78093719482422
1996-08-29,39.38936996459961
1996-08-30,38.979164123535156
1996-09-03,39.23088073730469
1996-09-04,39.2681770324707
1996-09-05,38.79273223876953
1996-09-06,39.34276580810547
1996-09-09,39.80891036987305
1996-09-10,39.790245056152344
1996-09-11,40.01401901245117
1996-09-12,40.29368591308594
1996-09-13,40.90898895263672
1996-09-16,41.05818176269531
1996-09-17,40.96494674682617
1996-09-18,40.86241912841797
1996-09-19,41.0208854675293
1996-09-20,41.166404724121094
1996-09-23,41.15700912475586
1996-09-24,41.14765548706055
1996-09-25,41.17576217651367
1996-09-26,41.15700912475586
1996-09-27,41.19450759887695
1996-09-30,41.15700912475586
1996-10-01,41.38190841674805
1996-10-02,41.663047790527344
1996-10-03,41.62556076049805
1996-10-04,42.18782424926758
1996-10-07,42.234657287597656
1996-10-08,42.066001892089844
1996-10-09,41.73801803588867
1996-10-10,41.65369415283203
1996-10-11,42.16908645629883
1996-10-14,42.225318908691406
1996-10-15,42.16908645629883
1996-10-16,42.37523651123047
1996-10-17,42.48767852783203
1996-10-18,42.71259307861328
1996-10-21,42.65634536743164
1996-10-22,42.356510162353516
1996-10-23,42.497066497802734
1996-10-24,42.131591796875
1996-10-25,42.16908645629883
1996-10-28,41.88796615600586
1996-10-29,42.225318908691406
1996-10-30,42.08474349975586
1996-10-31,42.48767852783203
1996-11-01,42.3377685546875
1996-11-04,42.61890411376953
1996-11-05,42.8625373840332
1996-11-06,43.687191009521484
1996-11-07,43.79024887084961
1996-11-08,44.03390121459961
1996-11-11,43.98703384399414
1996-11-12,43.85584259033203
1996-11-13,44.05263137817383
1996-11-14,44.343109130859375
1996-11-15,44.39937973022461
1996-11-18,44.40874099731445
1996-11-19,44.72733688354492
1996-11-20,44.80229568481445
1996-11-21,44.73672103881836
1996-11-22,45.083404541015625
1996-11-25,45.65503692626953
1996-11-26,45.505104064941406
1996-11-27,45.420780181884766
1996-11-29,45.58945846557617
1996-12-02,45.60820770263672
1996-12-03,44.83042526245117
1996-12-04,44.95225143432617
1996-12-05,44.83042526245117
1996-12-06,44.56804656982422
1996-12-09,45.2239990234375
1996-12-10,45.00846481323242
1996-12-11,44.596187591552734
1996-12-12,43.85584259033203
1996-12-13,43.96829605102539
1996-12-16,43.40605163574219
1996-12-17,43.752784729003906
1996-12-18,44.099483489990234
1996-12-19,45.00846481323242
1996-12-20,45.10725021362305
1996-12-23,44.99424743652344
1996-12-24,45.32380676269531
1996-12-26,45.672279357910156
1996-12-27,45.72875213623047
1996-12-30,45.3332633972168
1996-12-31,44.50453186035156
1997-01-02,44.6175537109375
1997-01-03,45.25791549682617
1997-01-06,44.86238479614258
1997-01-07,45.40857696533203
1997-01-08,45.01305389404297
1997-01-09,45.38972473144531
1997-01-10,45.87942123413086
1997-01-13,45.81349563598633
1997-01-14,46.387943267822266
1997-01-15,46.274940490722656
1997-01-16,46.46328353881836
1997-01-17,46.74580001831055
1997-01-20,46.80228805541992
1997-01-21,47.178958892822266
1997-01-22,47.51795959472656
1997-01-23,46.858760833740234
1997-01-24,46.25608825683594
1997-01-27,46.124267578125
1997-01-28,46.25608825683594
1997-01-29,46.708126068115234
1997-01-30,47.310821533203125
1997-01-31,47.254302978515625
1997-02-03,47.39552307128906
1997-02-04,47.68746566772461
1997-02-05,46.79288101196289
1997-02-06,47.10362243652344
1997-02-07,47.743980407714844
1997-02-10,47.291969299316406
1997-02-11,47.8381462097168
1997-02-12,48.51616287231445
1997-02-13,49.04353332519531
1997-02-14,48.930511474609375
1997-02-18,49.34484100341797
1997-02-19,49.0152587890625
1997-02-20,48.4220085144043
1997-02-21,48.440826416015625
1997-02-24,49.0152587890625
1997-02-25,49.05293655395508
1997-02-26,48.572689056396484
1997-02-27,47.84754180908203
1997-02-28,47.70630645751953
1997-03-03,48.02647018432617
1997-03-04,47.7628059387207
1997-03-05,48.572689056396484
1997-03-06,48.2901496887207
1997-03-07,48.723331451416016
1997-03-10,49.23186492919922
1997-03-11,48.968170166015625
1997-03-12,48.53498077392578
1997-03-13,47.781673431396484
1997-03-14,48.02647018432617
1997-03-17,48.15830612182617
1997-03-18,47.6403694152832
1997-03-19,47.48031234741211
1997-03-20,47.2354621887207
1997-03-21,47.45418167114258
1997-03-24,48.11587142944336
1997-03-25,47.64321517944336
1997-03-26,47.85121536254883
1997-03-27,46.58449172973633
1997-03-31,45.60137176513672
1997-04-01,45.89439392089844
1997-04-02,45.07200241088867
1997-04-03,45.31776809692383
1997-04-04,45.884971618652344
1997-04-07,46.064571380615234
1997-04-08,46.39545440673828
1997-04-09,46.01731872558594
1997-04-10,45.847171783447266
1997-04-11,44.39140319824219
1997-04-14,44.98691177368164
1997-04-15,45.752620697021484
1997-04-16,46.2819938659668
1997-04-17,46.092918395996094
1997-04-18,46.319820404052734
1997-04-21,46.01731872558594
1997-04-22,47.02876281738281
1997-04-23,47.076045989990234
1997-04-24,46.83974075317383
1997-04-25,46.30091094970703
1997-04-28,46.754638671875
1997-04-29,48.229339599609375
1997-04-30,48.4561767578125
1997-05-01,48.39949417114258
1997-05-02,49.269126892089844
1997-05-05,50.441307067871094
1997-05-06,50.40353775024414
1997-05-07,49.306949615478516
1997-05-08,49.647274017333984
1997-05-09,49.98756408691406
1997-05-12,50.8194465637207
1997-05-13,50.611473083496094
1997-05-14,50.70600128173828
1997-05-15,51.046302795410156
1997-05-16,50.34679412841797
1997-05-19,50.49803161621094
1997-05-20,51.10303497314453
1997-05-21,50.98956298828125
1997-05-22,50.8194465637207
1997-05-23,51.29208755493164
1997-05-27,51.500083923339844
1997-05-28,51.49061584472656
1997-05-29,51.18810272216797
1997-05-30,51.518951416015625
1997-06-02,51.29208755493164
1997-06-03,51.12195587158203
1997-06-04,51.06524658203125
1997-06-05,51.254268646240234
1997-06-06,52.256282806396484
1997-06-09,52.52099609375
1997-06-10,52.68168640136719
1997-06-11,52.804588317871094
1997-06-12,53.82549285888672
1997-06-13,54.27922439575195
1997-06-16,54.298133850097656
1997-06-17,54.22251892089844
1997-06-18,54.0334587097168
1997-06-19,54.59115982055664
1997-06-20,54.40518569946289
1997-06-23,53.086063385009766
1997-06-24,54.43364715576172
1997-06-25,54.05409622192383
1997-06-26,53.788352966308594
1997-06-27,53.99711990356445
1997-06-30,53.63652420043945
1997-07-01,54.262855529785156
1997-07-02,55.15489196777344
1997-07-03,55.9140625
1997-07-07,55.34466552734375
1997-07-08,55.923545837402344
1997-07-09,55.30672836303711
1997-07-10,55.553470611572266
1997-07-11,55.743282318115234
1997-07-14,55.9140625
1997-07-15,56.19878005981445
1997-07-16,56.938995361328125
1997-07-17,56.6542854309082
1997-07-18,55.44910430908203
1997-07-21,55.45856857299805
1997-07-22,56.92948532104492
1997-07-23,56.882057189941406
1997-07-24,57.14775848388672
1997-07-25,57.10981369018555
1997-07-28,57.071842193603516
1997-07-29,57.26161575317383
1997-07-30,57.94491195678711
1997-07-31,57.887969970703125
1997-08-01,57.66021728515625
1997-08-04,57.81204605102539
1997-08-05,57.85002899169922
1997-08-06,58.32452392578125
1997-08-07,57.887969970703125
1997-08-08,56.711219787597656
1997-08-11,57.1287727355957
1997-08-12,56.21774673461914
1997-08-13,56.04694747924805
1997-08-14,56.25568771362305
1997-08-15,54.528568267822266
1997-08-18,55.743282318115234
1997-08-19,56.38859939575195
1997-08-20,57.24267578125
1997-08-21,56.236759185791016
1997-08-22,56.21774673461914
1997-08-25,56.00897216796875
1997-08-26,55.18334197998047
1997-08-27,55.51551055908203
1997-08-28,54.670921325683594
1997-08-29,54.889190673828125
1997-09-02,56.67327117919922
1997-09-03,56.369598388671875
1997-09-04,56.7302131652832
1997-09-05,56.56889724731445
1997-09-08,56.81562423706055
1997-09-09,56.84407424926758
1997-09-10,55.667362213134766
1997-09-11,55.38265609741211
1997-09-12,56.27467346191406
1997-09-15,56.1797981262207
1997-09-16,57.58428955078125
1997-09-17,57.58428955078125
1997-09-18,57.831050872802734
1997-09-19,57.92886734008789
1997-09-22,58.25270080566406
1997-09-23,57.98598861694336
1997-09-24,57.5097770690918
1997-09-25,57.1097412109375
1997-09-26,57.58598709106445
1997-09-29,58.138431549072266
1997-09-30,57.52880859375
1997-10-01,58.29080581665039
1997-10-02,58.61463928222656
1997-10-03,58.90989685058594
1997-10-06,59.30038833618164
1997-10-07,59.85284423828125
1997-10-08,59.43375778198242
1997-10-09,59.224212646484375
1997-10-10,59.05276870727539
1997-10-13,59.10993194580078
1997-10-14,59.12897491455078
1997-10-15,58.995662689208984
1997-10-16,58.062225341796875
1997-10-17,57.47165298461914
1997-10-20,58.29080581665039
1997-10-21,59.42424774169922
1997-10-22,59.03371810913086
1997-10-23,57.87169647216797
1997-10-24,57.30024337768555
1997-10-27,53.147483825683594
1997-10-28,56.21443176269531
1997-10-29,56.06203842163086
1997-10-30,54.82380294799805
1997-10-31,56.11919403076172
1997-11-03,57.30024337768555
1997-11-04,57.30024337768555
1997-11-05,57.49071502685547
1997-11-06,57.27164077758789
1997-11-07,56.652523040771484
1997-11-10,56.309669494628906
1997-11-11,56.328704833984375
1997-11-12,55.16671371459961
1997-11-13,55.96678161621094
1997-11-14,56.72875213623047
1997-11-17,57.77648162841797
1997-11-18,57.41453170776367
1997-11-19,57.70026779174805
1997-11-20,58.57654571533203
1997-11-21,58.9765739440918
1997-11-24,57.909820556640625
1997-11-25,58.062225341796875
1997-11-26,58.23365020751953
1997-11-28,58.29080581665039
1997-12-01,59.79570388793945
1997-12-02,59.43375778198242
1997-12-03,59.60520935058594
1997-12-04,59.548072814941406
1997-12-05,60.31001281738281
1997-12-08,60.13859176635742
1997-12-09,59.776649475097656
1997-12-10,59.2623176574707
1997-12-11,58.25270080566406
1997-12-12,58.36699676513672
1997-12-15,58.957515716552734
1997-12-16,59.31945037841797
1997-12-17,59.014644622802734
1997-12-18,58.44316864013672
1997-12-19,58.00638198852539
1997-12-22,58.37931442260742
1997-12-23,57.337005615234375
1997-12-24,57.16489791870117
1997-12-26,57.39439010620117
1997-12-29,58.52276611328125
1997-12-30,59.4407844543457
1997-12-31,59.402488708496094
1998-01-02,59.70849609375
1998-01-05,59.84241485595703
1998-01-06,58.8861083984375
1998-01-07,59.03914260864258
1998-01-08,58.52276611328125
1998-01-09,56.4954833984375
1998-01-12,57.52825927734375
1998-01-13,58.331512451171875
1998-01-14,58.599246978759766
1998-01-15,58.11156463623047
1998-01-16,58.943477630615234
1998-01-20,59.89976501464844
1998-01-21,59.326011657714844
1998-01-22,58.80005645751953
1998-01-23,58.71399688720703
1998-01-26,58.67573165893555
1998-01-27,59.26865005493164
1998-01-28,59.804115295410156
1998-01-29,60.129268646240234
1998-01-30,60.167518615722656
1998-02-02,61.16200256347656
1998-02-03,61.62099075317383
1998-02-04,61.54452896118164
1998-02-05,61.50628662109375
1998-02-06,62.19477081298828
1998-02-09,61.984375
1998-02-10,62.57726287841797
1998-02-11,62.51988983154297
1998-02-12,62.787635803222656
1998-02-13,62.42424774169922
1998-02-17,62.73023986816406
1998-02-18,63.30404281616211
1998-02-19,62.969329833984375
1998-02-20,63.437896728515625
1998-02-23,63.686527252197266
1998-02-24,63.18928146362305
1998-02-25,63.97345733642578
1998-02-26,64.33676147460938
1998-02-27,64.33676147460938
1998-03-02,64.20291137695312
1998-03-03,64.56629943847656
1998-03-04,64.14556121826172
1998-03-05,63.552669525146484
1998-03-06,64.83405303955078
1998-03-09,64.60454559326172
1998-03-10,65.21649169921875
1998-03-11,65.52254486083984
1998-03-12,65.790283203125
1998-03-13,65.5416259765625
1998-03-16,66.249267578125
1998-03-17,66.44051361083984
1998-03-18,66.68917846679688
1998-03-19,66.86128234863281
1998-03-20,67.43700408935547
1998-03-23,67.28359985351562
1998-03-24,67.85894775390625
1998-03-25,67.609619140625
1998-03-26,67.57123565673828
1998-03-27,67.28359985351562
1998-03-30,67.24517822265625
1998-03-31,67.47535705566406
1998-04-01,68.0219955444336
1998-04-02,68.76045227050781
1998-04-03,69.10565948486328
1998-04-06,68.54942321777344
1998-04-07,68.08910369873047
1998-04-08,67.70553588867188
1998-04-09,68.24256134033203
1998-04-13,68.0507583618164
1998-04-14,68.62615966796875
1998-04-15,68.81793212890625
1998-04-16,68.01239013671875
1998-04-17,68.91383361816406
1998-04-20,68.89468383789062
1998-04-21,69.22074890136719
1998-04-22,69.41252899169922
1998-04-23,68.74124908447266
1998-04-24,68.01239013671875
1998-04-27,66.72734832763672
1998-04-28,66.63138580322266
1998-04-29,67.09174346923828
1998-04-30,68.33846282958984
1998-05-01,69.10565948486328
1998-05-04,68.93304443359375
1998-05-05,68.45352172851562
1998-05-06,67.64797973632812
1998-05-07,67.1109390258789
1998-05-08,68.20419311523438
1998-05-11,67.97406005859375
1998-05-12,68.70288848876953
1998-05-13,68.87551879882812
1998-05-14,68.53023529052734
1998-05-15,68.14668273925781
1998-05-18,67.8781509399414
1998-05-19,68.33846282958984
1998-05-20,68.99058532714844
1998-05-21,68.54942321777344
1998-05-22,68.2809066772461
1998-05-26,67.18768310546875
1998-05-27,67.28359985351562
1998-05-28,67.59041595458984
1998-05-29,66.91915130615234
1998-06-01,67.22602844238281
1998-06-02,67.28359985351562
1998-06-03,66.2094955444336
1998-06-04,67.43700408935547
1998-06-05,68.74124908447266
1998-06-08,68.66450500488281
1998-06-09,68.87551879882812
1998-06-10,68.43437957763672
1998-06-11,67.1492691040039
1998-06-12,67.78223419189453
1998-06-15,65.99847412109375
1998-06-16,67.01504516601562
1998-06-17,68.41521453857422
1998-06-18,68.1082763671875
1998-06-19,67.76701354980469
1998-06-22,68.0941390991211
1998-06-23,68.90225982666016
1998-06-24,69.82588958740234
1998-06-25,69.71039581298828
1998-06-26,69.99900817871094
1998-06-29,70.24911499023438
1998-06-30,69.76813507080078
1998-07-01,70.5762710571289
1998-07-02,70.7109375
1998-07-06,71.4228286743164
1998-07-07,71.28816223144531
1998-07-08,71.80770874023438
1998-07-09,71.3266372680664
1998-07-10,71.71146392822266
1998-07-13,71.73069763183594
1998-07-14,72.53881072998047
1998-07-15,72.40413665771484
1998-07-16,72.90438842773438
1998-07-17,73.0006103515625
1998-07-20,73.0006103515625
1998-07-21,71.73069763183594
1998-07-22,71.73069763183594
1998-07-23,70.30689239501953
1998-07-24,70.24911499023438
1998-07-27,70.7493896484375
1998-07-28,69.55646514892578
1998-07-29,69.287109375
1998-07-30,70.32613372802734
1998-07-31,68.82530975341797
1998-08-03,68.53668975830078
1998-08-04,65.88140106201172
1998-08-05,66.78575897216797
1998-08-06,67.07437896728516
1998-08-07,67.18981170654297
1998-08-10,66.80497741699219
1998-08-11,65.8044662475586
1998-08-12,66.9204330444336
1998-08-13,66.11234283447266
1998-08-14,65.3426513671875
1998-08-17,66.72802734375
1998-08-18,67.95946502685547
1998-08-19,67.78626251220703
1998-08-20,67.38217163085938
1998-08-21,66.84342956542969
1998-08-24,67.26675415039062
1998-08-25,67.4206771850586
1998-08-26,67.035888671875
1998-08-27,63.88034439086914
1998-08-28,63.6494140625
1998-08-31,59.10853958129883
1998-09-01,61.60990524291992
1998-09-02,61.16734313964844
1998-09-03,60.68630599975586
1998-09-04,60.18602752685547
1998-09-08,63.41858673095703
1998-09-09,61.87928771972656
1998-09-10,60.647830963134766
1998-09-11,62.61039733886719
1998-09-14,63.68792724609375
1998-09-15,64.0727310180664
1998-09-16,64.64998626708984
1998-09-17,62.80287170410156
1998-09-18,63.082584381103516
1998-09-21,63.04396438598633
1998-09-22,63.565311431884766
1998-09-23,66.11408996582031
1998-09-24,64.49214172363281
1998-09-25,64.41492462158203
1998-09-28,64.99418640136719
1998-09-29,64.83969116210938
1998-09-30,62.870182037353516
1998-10-01,61.055137634277344
1998-10-02,62.23295974731445
1998-10-05,60.97791290283203
1998-10-06,60.91998291015625
1998-10-07,60.01245880126953
1998-10-08,59.6842041015625
1998-10-09,60.88135528564453
1998-10-12,61.7695426940918
1998-10-13,61.55717849731445
1998-10-14,62.13644790649414
1998-10-15,65.47689819335938
1998-10-16,65.49622344970703
1998-10-19,65.72791290283203
1998-10-20,66.11408996582031
1998-10-21,65.88240051269531
1998-10-22,66.86714172363281
1998-10-23,66.0175552368164
1998-10-26,66.50030517578125
1998-10-27,66.11408996582031
1998-10-28,65.99824523925781
1998-10-29,67.60088348388672
1998-10-30,67.9677734375
1998-11-02,69.1263198852539
1998-11-03,68.624267578125
1998-11-04,69.35803985595703
1998-11-05,70.30416107177734
1998-11-06,70.5165786743164
1998-11-09,70.01456451416016
1998-11-10,69.82144165039062
1998-11-11,69.35803985595703
1998-11-12,69.28076934814453
1998-11-13,69.95661163330078
1998-11-16,70.47793579101562
1998-11-17,70.47793579101562
1998-11-18,70.90272521972656
1998-11-19,71.52061462402344
1998-11-20,72.06131744384766
1998-11-23,73.76045989990234
1998-11-24,73.29705047607422
1998-11-25,73.29705047607422
1998-11-27,73.83769989013672
1998-11-30,71.75237274169922
1998-12-01,72.67916870117188
1998-12-02,72.46676635742188
1998-12-03,71.26962280273438
1998-12-04,73.14262390136719
1998-12-07,73.49015808105469
1998-12-08,73.1618881225586
1998-12-09,73.29705047607422
1998-12-10,72.22540283203125
1998-12-11,72.37020874023438
1998-12-14,70.28487396240234
1998-12-15,72.09990692138672
1998-12-16,72.00337219238281
1998-12-17,73.15223693847656
1998-12-18,73.46306610107422
1998-12-21,74.48985290527344
1998-12-22,74.81916809082031
1998-12-23,76.38839721679688
1998-12-24,76.05905151367188
1998-12-28,75.86534881591797
1998-12-29,77.06649780273438
1998-12-30,76.446533203125
1998-12-31,76.446533203125
1999-01-04,76.27215576171875
1999-01-05,77.14395141601562
1999-01-06,79.0038070678711
1999-01-07,78.61634826660156
1999-01-08,79.19752502441406
1999-01-11,78.4419937133789
1999-01-12,77.02777099609375
1999-01-13,76.48531341552734
1999-01-14,75.1485366821289
1999-01-15,77.105224609375
1999-01-19,77.60894012451172
1999-01-20,78.2288818359375
1999-01-21,76.15595245361328
1999-01-22,75.98157501220703
1999-01-25,76.75650024414062
1999-01-26,78.15139770507812
1999-01-27,77.24083709716797
1999-01-28,78.53884887695312
1999-01-29,79.13941192626953
1999-02-01,78.67443084716797
1999-02-02,78.19013977050781
1999-02-03,78.98444366455078
1999-02-04,77.80265045166016
1999-02-05,76.9114990234375
1999-02-08,77.06649780273438
1999-02-09,75.34226989746094
1999-02-10,75.82657623291016
1999-02-11,77.57018280029297
1999-02-12,76.64025115966797
1999-02-16,76.17533111572266
1999-02-17,76.09779357910156
1999-02-18,76.6983871459961
1999-02-19,77.02777099609375
1999-02-22,79.08129119873047
1999-02-23,79.04259490966797
1999-02-24,77.64768981933594
1999-02-25,76.9114990234375
1999-02-26,76.60151672363281
1999-03-01,76.81463623046875
1999-03-02,76.13656616210938
1999-03-03,76.54339599609375
1999-03-04,77.51206970214844
1999-03-05,79.07160186767578
1999-03-08,79.58499145507812
1999-03-09,79.39125061035156
1999-03-10,80.08866882324219
1999-03-11,80.9798812866211
1999-03-12,80.2049789428711
1999-03-15,81.34799194335938
1999-03-16,81.0379867553711
1999-03-17,80.68924713134766
1999-03-18,81.98725891113281
1999-03-19,80.59368133544922
1999-03-22,80.7490463256836
1999-03-23,78.41860961914062
1999-03-24,78.8652572631836
1999-03-25,80.4771728515625
1999-03-26,79.89454650878906
1999-03-29,81.5064468383789
1999-03-30,81.07919311523438
1999-03-31,79.77804565429688
1999-04-01,80.38005065917969
1999-04-05,82.2832260131836
1999-04-06,82.08902740478516
1999-04-07,82.74930572509766
1999-04-08,83.7979965209961
1999-04-09,83.81742858886719
1999-04-12,84.7107162475586
1999-04-13,84.16702270507812
1999-04-14,82.74930572509766
1999-04-15,82.43861389160156
1999-04-16,81.73948669433594
1999-04-19,80.4771728515625
1999-04-20,81.48700714111328
1999-04-21,83.81742858886719
1999-04-22,84.61369323730469
1999-04-23,84.4000244140625
1999-04-26,84.88555145263672
1999-04-27,85.2933578491211
1999-04-28,84.12818908691406
1999-04-29,83.48727416992188
1999-04-30,82.80755615234375
1999-05-03,84.32234954833984
1999-05-04,83.1182861328125
1999-05-05,83.77861022949219
1999-05-06,83.2639389038086
1999-05-07,83.89508819580078
1999-05-10,83.47758483886719
1999-05-11,84.32234954833984
1999-05-12,84.98262786865234
1999-05-13,85.35163879394531
1999-05-14,83.13774871826172
1999-05-17,83.39019775390625
1999-05-18,83.2348403930664
1999-05-19,83.83683013916016
1999-05-20,83.33189392089844
1999-05-21,82.8658218383789
1999-05-24,81.48700714111328
1999-05-25,80.16644287109375
1999-05-26,81.05976867675781
1999-05-27,79.89454650878906
1999-05-28,80.91412353515625
1999-06-01,80.63252258300781
1999-06-02,80.71019744873047
1999-06-03,81.15685272216797
1999-06-04,82.78815460205078
1999-06-07,83.00180053710938
1999-06-08,82.1861343383789
1999-06-09,82.10842895507812
1999-06-10,81.35107421875
1999-06-11,80.67135620117188
1999-06-14,80.7490463256836
1999-06-15,81.29281616210938
1999-06-16,82.84642028808594
1999-06-17,83.62322235107422
1999-06-18,83.71981811523438
1999-06-21,83.91460418701172
1999-06-22,83.3302993774414
1999-06-23,82.92121887207031
1999-06-24,82.29790496826172
1999-06-25,82.09335327148438
1999-06-28,83.09651947021484
1999-06-29,83.87567138671875
1999-06-30,85.39501953125
1999-07-01,86.03781127929688
1999-07-02,86.89491271972656
1999-07-06,86.87542724609375
1999-07-07,86.99227142333984
1999-07-08,87.06043243408203
1999-07-09,87.57666015625
1999-07-12,87.18705749511719
1999-07-13,86.87542724609375
1999-07-14,87.36239624023438
1999-07-15,87.91752624511719
1999-07-16,88.39474487304688
1999-07-19,87.81034851074219
1999-07-20,86.00857543945312
1999-07-21,85.91120147705078
1999-07-22,84.78145599365234
1999-07-23,84.6158676147461
1999-07-26,83.99253845214844
1999-07-27,84.69377136230469
1999-07-28,84.9664535522461
1999-07-29,83.77826690673828
1999-07-30,82.74588775634766
1999-08-02,82.940673828125
1999-08-03,82.5511245727539
1999-08-04,81.4213638305664
1999-08-05,82.16151428222656
1999-08-06,81.2655258178711
1999-08-09,81.0901870727539
1999-08-10,80.19418334960938
1999-08-11,81.1681137084961
1999-08-12,81.11942291259766
1999-08-13,82.99909210205078
1999-08-16,83.36921691894531
1999-08-17,83.91460418701172
1999-08-18,83.31079864501953
1999-08-19,82.6290283203125
1999-08-20,83.46658325195312
1999-08-23,85.06388092041016
1999-08-24,85.37556457519531
1999-08-25,86.25210571289062
1999-08-26,85.2197036743164
1999-08-27,84.18732452392578
1999-08-30,82.6290283203125
1999-08-31,82.31734466552734
1999-09-01,83.3302993774414
1999-09-02,82.34657287597656
1999-09-03,84.75223541259766
1999-09-07,84.4405517578125
1999-09-08,84.0315170288086
1999-09-09,83.99253845214844
1999-09-10,84.69377136230469
1999-09-13,84.11917877197266
1999-09-14,83.56401062011719
1999-09-15,82.23944091796875
1999-09-16,82.5608901977539
1999-09-17,83.60401153564453
1999-09-20,83.4868392944336
1999-09-21,81.72881317138672
1999-09-22,81.64086151123047
1999-09-23,79.93167877197266
1999-09-24,79.85355377197266
1999-09-27,80.38094329833984
1999-09-28,80.2247085571289
1999-09-29,79.26754760742188
1999-09-30,80.47865295410156
1999-10-01,80.3028564453125
1999-10-04,81.72881317138672
1999-10-05,81.65068817138672
1999-10-06,82.90079498291016
1999-10-07,82.43202209472656
1999-10-08,83.68215942382812
1999-10-11,83.54544067382812
1999-10-12,82.25617980957031
1999-10-13,80.12704467773438
1999-10-14,80.10750579833984
1999-10-15,78.05644989013672
1999-10-18,78.62297058105469
1999-10-19,79.38473510742188
1999-10-20,80.1661148071289
1999-10-21,80.63491821289062
1999-10-22,81.3185806274414
1999-10-25,80.90837097167969
1999-10-26,79.89260864257812
1999-10-27,81.3381118774414
1999-10-28,84.11190032958984
1999-10-29,85.6355209350586
1999-11-01,84.73699188232422
1999-11-02,84.13140869140625
1999-11-03,84.69795227050781
1999-11-04,85.34248352050781
1999-11-05,86.1824722290039
1999-11-08,86.26060485839844
1999-11-09,85.44995880126953
1999-11-10,86.08480072021484
1999-11-11,86.57315063476562
1999-11-12,87.35446166992188
1999-11-15,87.55958557128906
1999-11-16,88.29212188720703
1999-11-17,88.52649688720703
1999-11-18,89.15153503417969
1999-11-19,89.07347106933594
1999-11-22,89.0539321899414
1999-11-23,88.27257537841797
1999-11-24,88.74138641357422
1999-11-26,88.4093017578125
1999-11-29,88.09679412841797
1999-11-30,87.06144714355469
1999-12-01,87.76470947265625
1999-12-02,88.29212188720703
1999-12-03,89.91343688964844
1999-12-06,89.24922943115234
1999-12-07,88.52649688720703
1999-12-08,87.95999145507812
1999-12-09,88.3897705078125
1999-12-10,88.68276977539062
1999-12-13,88.83907318115234
1999-12-14,87.9795913696289
1999-12-15,88.44834899902344
1999-12-16,88.83907318115234
1999-12-17,89.4095687866211
1999-12-20,88.76337432861328
1999-12-21,90.11451721191406
1999-12-22,90.34944915771484
1999-12-23,91.78871154785156
1999-12-27,91.66143798828125
1999-12-28,91.60272979736328
1999-12-29,91.99433135986328
1999-12-30,91.88664245605469
1999-12-31,92.03351593017578
2000-01-03,91.13275146484375
2000-01-04,87.56887817382812
2000-01-05,87.7255630493164
2000-01-06,86.3156509399414
2000-01-07,91.32858276367188
2000-01-10,91.64187622070312
2000-01-11,90.54530334472656
2000-01-12,89.64456176757812
2000-01-13,90.85855102539062
2000-01-14,92.09226989746094
2000-01-18,91.36770629882812
2000-01-19,92.11182403564453
2000-01-20,90.70195007324219
2000-01-21,90.50614166259766
2000-01-24,87.94094848632812
2000-01-25,88.93962097167969
2000-01-26,88.23465728759766
2000-01-27,87.88223266601562
2000-01-28,85.14077758789062
2000-01-31,87.451416015625
2000-02-01,88.3130111694336
2000-02-02,88.391357421875
2000-02-03,89.7228775024414
2000-02-04,89.35083770751953
2000-02-07,89.21373748779297
2000-02-08,90.42780303955078
2000-02-09,88.52843475341797
2000-02-10,88.70460510253906
2000-02-11,86.90312194824219
2000-02-14,87.41228485107422
2000-02-15,88.40109252929688
2000-02-16,87.09890747070312
2000-02-17,86.64859008789062
2000-02-18,84.78832244873047
2000-02-22,84.57290649414062
2000-02-23,85.57156372070312
2000-02-24,83.84840393066406
2000-02-25,83.54489135742188
2000-02-28,85.2974624633789
2000-02-29,86.11985778808594
2000-03-01,86.74651336669922
2000-03-02,86.80520629882812
2000-03-03,88.43045043945312
2000-03-06,87.56887817382812
2000-03-07,85.87506866455078
2000-03-08,85.76740264892578
2000-03-09,88.27381134033203
2000-03-10,87.80389404296875
2000-03-13,86.84439849853516
2000-03-14,85.6107406616211
2000-03-15,87.60802459716797
2000-03-16,91.70059204101562
2000-03-17,92.30667114257812
2000-03-20,91.83552551269531
2000-03-21,93.72014617919922
2000-03-22,94.2894287109375
2000-03-23,95.89920806884766
2000-03-24,96.468505859375
2000-03-27,95.44771575927734
2000-03-28,94.89801025390625
2000-03-29,94.99617767333984
2000-03-30,93.40603637695312
2000-03-31,94.46611022949219
2000-04-03,95.01579284667969
2000-04-04,94.30904388427734
2000-04-05,93.72014617919922
2000-04-06,94.5348129272461
2000-04-07,95.13363647460938
2000-04-10,94.76062774658203
2000-04-11,94.48573303222656
2000-04-12,91.8944320678711
2000-04-13,90.61836242675781
2000-04-14,85.43569946289062
2000-04-17,88.4196548461914
2000-04-18,90.75579833984375
2000-04-19,89.91167449951172
2000-04-20,90.34356689453125
2000-04-24,89.36194610595703
2000-04-25,93.07225799560547
2000-04-26,92.02197265625
2000-04-27,91.71771240234375
2000-04-28,91.14845275878906
2000-05-01,92.38520812988281
2000-05-02,90.53984832763672
2000-05-03,88.4196548461914
2000-05-04,89.08717346191406
2000-05-05,90.16686248779297
2000-05-08,89.48954772949219
2000-05-09,88.77303314208984
2000-05-10,86.7706069946289
2000-05-11,88.75336456298828
2000-05-12,89.71536254882812
2000-05-15,91.26618194580078
2000-05-16,92.14961242675781
2000-05-17,91.18766784667969
2000-05-18,90.0687255859375
2000-05-19,88.65523529052734
2000-05-22,87.98775482177734
2000-05-23,86.69210052490234
2000-05-24,88.10554504394531
2000-05-25,86.59397888183594
2000-05-26,86.69210052490234
2000-05-30,89.51902770996094
2000-05-31,89.71536254882812
2000-06-01,91.28585815429688
2000-06-02,92.8759765625
2000-06-05,92.42449188232422
2000-06-06,92.0122299194336
2000-06-07,92.65020751953125
2000-06-08,92.28702545166016
2000-06-09,92.09071350097656
2000-06-12,91.01102447509766
2000-06-13,92.71894073486328
2000-06-14,92.8759765625
2000-06-15,93.07225799560547
2000-06-16,92.30755615234375
2000-06-19,93.4881591796875
2000-06-20,93.15371704101562
2000-06-21,93.11431884765625
2000-06-22,91.69750213623047
2000-06-23,90.91039276123047
2000-06-26,92.08126831054688
2000-06-27,91.40237426757812
2000-06-28,91.65818786621094
2000-06-29,90.79237365722656
2000-06-30,91.48107147216797
2000-07-03,92.7404556274414
2000-07-05,91.06788635253906
2000-07-06,91.77622985839844
2000-07-07,93.25206756591797
2000-07-10,93.09463500976562
2000-07-11,93.29141235351562
2000-07-12,93.90142059326172
2000-07-13,94.31468200683594
2000-07-14,95.23950958251953
2000-07-17,95.08210754394531
2000-07-18,94.30481719970703
2000-07-19,93.5472412109375
2000-07-20,94.84593200683594
2000-07-21,92.99626159667969
2000-07-24,92.46495819091797
2000-07-25,92.7601318359375
2000-07-26,91.85497283935547
2000-07-27,91.54013061523438
2000-07-28,89.47400665283203
2000-07-31,90.04463958740234
2000-08-01,90.59561157226562
2000-08-02,91.04820251464844
2000-08-03,91.6778564453125
2000-08-04,92.16983032226562
2000-08-07,93.2717056274414
2000-08-08,93.62593841552734
2000-08-09,92.83882141113281
2000-08-10,92.38629150390625
2000-08-11,92.81917572021484
2000-08-14,93.99983215332031
2000-08-15,93.92107391357422
2000-08-16,93.58660125732422
2000-08-17,94.5704574584961
2000-08-18,94.25560760498047
2000-08-21,94.76726531982422
2000-08-22,94.60980987548828
2000-08-23,94.98372650146484
2000-08-24,95.27883911132812
2000-08-25,95.23950958251953
2000-08-28,95.56416320800781
2000-08-29,95.58384704589844
2000-08-30,94.66889190673828
2000-08-31,95.92822265625
2000-09-01,96.0265884399414
2000-09-05,95.25920104980469
2000-09-06,94.17693328857422
2000-09-07,94.98372650146484
2000-09-08,94.33432006835938
2000-09-11,94.19658660888672
2000-09-12,93.50789642333984
2000-09-13,93.75379180908203
2000-09-14,94.2260971069336
2000-09-15,92.16465759277344
2000-09-18,91.31637573242188
2000-09-19,92.14491271972656
2000-09-20,91.46429443359375
2000-09-21,90.07355499267578
2000-09-22,91.71089935302734
2000-09-25,91.05992889404297
2000-09-26,89.89604187011719
2000-09-27,90.36944580078125
2000-09-28,91.53337097167969
2000-09-29,90.66539764404297
2000-10-02,90.80347442626953
2000-10-03,89.95525360107422
2000-10-04,90.70484924316406
2000-10-05,91.02045440673828
2000-10-06,89.04779052734375
2000-10-09,88.37706756591797
2000-10-10,86.91725158691406
2000-10-11,86.1873779296875
2000-10-12,84.0371322631836
2000-10-13,86.83834838867188
2000-10-16,87.23291015625
2000-10-17,85.0628890991211
2000-10-18,84.74730682373047
2000-10-19,87.94307708740234
2000-10-20,88.31785583496094
2000-10-23,88.71240997314453
2000-10-24,88.12059020996094
2000-10-25,86.04927062988281
2000-10-26,86.2859878540039
2000-10-27,87.92332458496094
2000-10-30,88.71240997314453
2000-10-31,90.24130249023438
2000-11-01,89.93550109863281
2000-11-02,90.08345031738281
2000-11-03,90.1327896118164
2000-11-06,90.76399230957031
2000-11-07,90.74430084228516
2000-11-08,88.73213195800781
2000-11-09,88.39676666259766
2000-11-10,86.24655151367188
2000-11-13,85.5758285522461
2000-11-14,87.82470703125
2000-11-15,88.10086059570312
2000-11-16,86.7199935913086
2000-11-17,86.2563705444336
2000-11-20,85.02344512939453
2000-11-21,85.45747375488281
2000-11-22,83.41573333740234
2000-11-24,85.12205505371094
2000-11-27,85.87171936035156
2000-11-28,84.3922119140625
2000-11-29,84.23440551757812
2000-11-30,83.50447845458984
2000-12-01,83.46501922607422
2000-12-04,84.17521667480469
2000-12-05,86.93698120117188
2000-12-06,85.54624938964844
2000-12-07,84.37249755859375
2000-12-08,84.56973266601562
2000-12-11,87.5090560913086
2000-12-12,87.1342544555664
2000-12-13,85.94075775146484
2000-12-14,84.84593963623047
2000-12-15,82.92952728271484
2000-12-18,84.03766632080078
2000-12-19,82.32600402832031
2000-12-20,79.94159698486328
2000-12-21,80.49568176269531
2000-12-22,82.90974426269531
2000-12-26,83.80022430419922
2000-12-27,84.41361999511719
2000-12-28,84.67085266113281
2000-12-29,83.06803131103516
2001-01-02,81.56419372558594
2001-01-03,85.48213195800781
2001-01-04,84.56199645996094
2001-01-05,81.8016128540039
2001-01-08,82.43482971191406
2001-01-09,82.21719360351562
2001-01-10,83.66168975830078
2001-01-11,83.74081420898438
2001-01-12,83.58251953125
2001-01-16,84.11679077148438
2001-01-17,84.50264739990234
2001-01-18,85.34361267089844
2001-01-19,84.85881042480469
2001-01-22,85.4227523803711
2001-01-23,86.09552001953125
2001-01-24,86.35277557373047
2001-01-25,86.1351089477539
2001-01-26,86.0361328125
2001-01-29,86.4952621459961
2001-01-30,87.25511169433594
2001-01-31,86.76116180419922
2001-02-01,87.3373794555664
2001-02-02,85.35548400878906
2001-02-05,85.98234558105469
2001-02-06,85.72906494140625
2001-02-07,85.28584289550781
2001-02-08,84.29170227050781
2001-02-09,83.481201171875
2001-02-12,84.4373779296875
2001-02-13,83.74715423583984
2001-02-14,83.62053680419922
2001-02-15,84.43103790283203
2001-02-16,82.56937408447266
2001-02-20,81.29666900634766
2001-02-21,79.54270935058594
2001-02-22,79.66297912597656
2001-02-23,79.12482452392578
2001-02-26,80.80911254882812
2001-02-27,80.0619125366211
2001-02-28,78.48522186279297
2001-03-01,78.89682006835938
2001-03-02,78.27000427246094
2001-03-05,78.98548126220703
2001-03-06,79.83397674560547
2001-03-07,80.40385437011719
2001-03-08,80.49250030517578
2001-03-09,78.11170196533203
2001-03-12,74.76834869384766
2001-03-13,75.99677276611328
2001-03-14,74.49610137939453
2001-03-15,74.51506042480469
2001-03-16,73.02052307128906
2001-03-19,74.5062026977539
2001-03-20,72.5062484741211
2001-03-21,71.2745132446289
2001-03-22,70.55077362060547
2001-03-23,72.68401336669922
2001-03-26,73.61097717285156
2001-03-27,75.1156997680664
2001-03-28,73.03958129882812
2001-03-29,73.31892395019531
2001-03-30,74.08717346191406
2001-04-02,72.5062484741211
2001-04-03,70.08724212646484
2001-04-04,70.37930297851562
2001-04-05,73.0458984375
2001-04-06,71.93485260009766
2001-04-09,72.73482513427734
2001-04-10,74.06173706054688
2001-04-11,74.11255645751953
2001-04-12,75.45854187011719
2001-04-16,74.66487884521484
2001-04-17,75.71885681152344
2001-04-18,78.72831726074219
2001-04-19,79.77595520019531
2001-04-20,79.0457763671875
2001-04-23,77.61089324951172
2001-04-24,77.19184875488281
2001-04-25,78.20133209228516
2001-04-26,78.550537109375
2001-04-27,79.85845184326172
2001-04-30,80.41718292236328
2001-05-01,80.66475677490234
2001-05-02,80.51873779296875
2001-05-03,79.49652862548828
2001-05-04,80.84891510009766
2001-05-07,80.15049743652344
2001-05-08,80.11241912841797
2001-05-09,79.77595520019531
2001-05-10,80.01082611083984
2001-05-11,79.45845794677734
2001-05-14,79.61721801757812
2001-05-15,79.98541259765625
2001-05-16,81.87112426757812
2001-05-17,81.99809265136719
2001-05-18,82.3727035522461
2001-05-21,83.58538818359375
2001-05-22,83.47740936279297
2001-05-23,82.06158447265625
2001-05-24,82.3028564453125
2001-05-25,81.33142852783203
2001-05-29,80.68380737304688
2001-05-30,79.5536880493164
2001-05-31,79.9664077758789
2001-06-01,80.46159362792969
2001-06-04,80.84891510009766
2001-06-05,81.77587890625
2001-06-06,81.09652709960938
2001-06-07,81.3885726928711
2001-06-08,80.63304138183594
2001-06-11,80.06163787841797
2001-06-12,79.92198181152344
2001-06-13,79.23628234863281
2001-06-14,77.45848846435547
2001-06-15,77.58329772949219
2001-06-18,77.20764923095703
2001-06-19,77.54509735107422
2001-06-20,77.95256805419922
2001-06-21,78.83760070800781
2001-06-22,78.22000885009766
2001-06-25,77.50053405761719
2001-06-26,77.39227294921875
2001-06-27,77.3477554321289
2001-06-28,77.77432250976562
2001-06-29,78.06082916259766
2001-07-02,79.03501892089844
2001-07-03,79.01590728759766
2001-07-05,77.47509765625
2001-07-06,75.80048370361328
2001-07-09,76.21437072753906
2001-07-10,75.2974853515625
2001-07-11,75.37395477294922
2001-07-12,77.16305541992188
2001-07-13,77.83161926269531
2001-07-16,76.85745239257812
2001-07-17,77.57691192626953
2001-07-18,77.0484390258789
2001-07-19,77.7234115600586
2001-07-20,77.25858306884766
2001-07-23,75.73683166503906
2001-07-24,75.0046157836914
2001-07-25,75.8323745727539
2001-07-26,76.62825775146484
2001-07-27,76.92115020751953
2001-07-30,76.94660186767578
2001-07-31,77.26494598388672
2001-08-01,77.74885559082031
2001-08-02,78.06723022460938
2001-08-03,77.6406021118164
2001-08-06,76.59642028808594
2001-08-07,76.89566802978516
2001-08-08,75.46940612792969
2001-08-09,75.6922607421875
2001-08-10,75.95332336425781
2001-08-13,75.972412109375
2001-08-14,75.94061279296875
2001-08-15,75.2847671508789
2001-08-16,75.54586029052734
2001-08-17,74.33609008789062
2001-08-20,75.02373504638672
2001-08-21,73.7439193725586
2001-08-22,74.50801849365234
2001-08-23,74.24058532714844
2001-08-24,75.78141784667969
2001-08-27,75.32933807373047
2001-08-28,74.22785949707031
2001-08-29,73.56563568115234
2001-08-30,72.15215301513672
2001-08-31,72.68063354492188
2001-09-04,72.21580505371094
2001-09-05,72.39411926269531
2001-09-06,70.52853393554688
2001-09-07,69.22322845458984
2001-09-10,70.07009887695312
2001-09-17,66.4090347290039
2001-09-18,66.2498550415039
2001-09-19,64.91275024414062
2001-09-20,62.84977340698242
2001-09-21,62.17173385620117
2001-09-24,64.3574447631836
2001-09-25,65.02850341796875
2001-09-26,64.79840850830078
2001-09-27,65.36079406738281
2001-09-28,66.7476806640625
2001-10-01,66.6390151977539
2001-10-02,67.47628784179688
2001-10-03,68.60746765136719
2001-10-04,68.66500091552734
2001-10-05,68.53076934814453
2001-10-08,68.0833969116211
2001-10-09,67.71907806396484
2001-10-10,69.22740173339844
2001-10-11,70.30111694335938
2001-10-12,69.98152923583984
2001-10-15,69.85368347167969
2001-10-16,70.29470825195312
2001-10-17,68.7991943359375
2001-10-18,68.65223693847656
2001-10-19,68.60746765136719
2001-10-22,69.96235656738281
2001-10-23,69.60444641113281
2001-10-24,69.4190902709961
2001-10-25,70.66536712646484
2001-10-26,70.50557708740234
2001-10-29,68.67134857177734
2001-10-30,67.84696960449219
2001-10-31,67.61685943603516
2001-11-01,69.34880065917969
2001-11-02,69.82176208496094
2001-11-05,70.73564147949219
2001-11-06,71.83489227294922
2001-11-07,71.73905181884766
2001-11-08,71.96269989013672
2001-11-09,72.0394058227539
2001-11-12,71.59844970703125
2001-11-13,73.20901489257812
2001-11-14,73.2792739868164
2001-11-15,73.41349029541016
2001-11-16,73.08753967285156
2001-11-19,73.98868560791016
2001-11-20,73.36874389648438
2001-11-21,72.88304138183594
2001-11-23,73.93116760253906
2001-11-26,74.0909423828125
2001-11-27,73.7713851928711
2001-11-28,72.43567657470703
2001-11-29,73.41349029541016
2001-11-30,72.88941955566406
2001-12-03,72.45481872558594
2001-12-04,73.6819076538086
2001-12-05,75.03042602539062
2001-12-06,74.99208068847656
2001-12-07,74.49356842041016
2001-12-10,73.10033416748047
2001-12-11,72.95335388183594
2001-12-12,73.03641510009766
2001-12-13,71.61766052246094
2001-12-14,72.30145263671875
2001-12-17,73.0491943359375
2001-12-18,73.48380279541016
2001-12-19,74.00146484375
2001-12-20,73.27286529541016
2001-12-21,73.71731567382812
2001-12-24,73.57621765136719
2001-12-26,73.98027801513672
2001-12-27,74.42914581298828
2001-12-28,74.39066314697266
2001-12-31,73.30044555664062
2002-01-02,74.08924102783203
2002-01-03,74.92933654785156
2002-01-04,75.42955017089844
2002-01-07,74.8973159790039
2002-01-08,74.72417449951172
2002-01-09,74.11491394042969
2002-01-10,74.44197082519531
2002-01-11,73.7109146118164
2002-01-14,73.2491226196289
2002-01-15,73.84558868408203
2002-01-16,72.35133361816406
2002-01-17,72.89642333984375
2002-01-18,72.5629653930664
2002-01-22,72.062744140625
2002-01-23,72.61431121826172
2002-01-24,72.8387451171875
2002-01-25,72.81952667236328
2002-01-28,73.0182876586914
2002-01-29,70.72242736816406
2002-01-30,71.74210357666016
2002-01-31,72.58216094970703
2002-02-01,72.24235534667969
2002-02-04,70.44668579101562
2002-02-05,70.01058197021484
2002-02-06,69.7092056274414
2002-02-07,69.27312469482422
2002-02-08,70.60061645507812
2002-02-11,71.46636962890625
2002-02-12,71.24187469482422
2002-02-13,71.99862670898438
2002-02-14,71.86398315429688
2002-02-15,71.1136474609375
2002-02-19,69.7476806640625
2002-02-20,70.92123413085938
2002-02-21,69.4526596069336
2002-02-22,70.31201934814453
2002-02-25,71.47277069091797
2002-02-26,71.32525634765625
2002-02-27,71.60102844238281
2002-02-28,71.2803955078125
2002-03-01,72.94135284423828
2002-03-04,74.23033142089844
2002-03-05,73.99308776855469
2002-03-06,74.87162780761719
2002-03-07,74.7113265991211
2002-03-08,75.02555847167969
2002-03-11,75.18587493896484
2002-03-12,75.14102172851562
2002-03-13,74.41633605957031
2002-03-14,74.31372833251953
2002-03-15,75.02182006835938
2002-03-18,75.0346908569336
2002-03-19,75.53630065917969
2002-03-20,74.11495971679688
2002-03-21,74.14714813232422
2002-03-22,73.98635864257812
2002-03-25,73.0666732788086
2002-03-26,73.49117279052734
2002-03-27,73.6840591430664
2002-03-28,73.6519546508789
2002-04-01,73.6840591430664
2002-04-02,73.27886962890625
2002-04-03,72.76441955566406
2002-04-04,72.46212768554688
2002-04-05,72.47498321533203
2002-04-08,72.62934875488281
2002-04-09,72.1212158203125
2002-04-10,72.93804168701172
2002-04-11,71.12442779541016
2002-04-12,71.658203125
2002-04-15,71.11151885986328
2002-04-16,72.80299377441406
2002-04-17,72.64863586425781
2002-04-18,72.3335189819336
2002-04-19,72.59719848632812
2002-04-22,71.3880844116211
2002-04-23,71.07935333251953
2002-04-24,70.36553955078125
2002-04-25,70.40409088134766
2002-04-26,69.06637573242188
2002-04-29,68.72549438476562
2002-04-30,69.36865234375
2002-05-01,70.21756744384766
2002-05-02,69.9474868774414
2002-05-03,69.18856048583984
2002-05-06,67.8315658569336
2002-05-07,67.59358215332031
2002-05-08,70.10822296142578
2002-05-09,69.29792022705078
2002-05-10,67.99234008789062
2002-05-13,69.37506103515625
2002-05-14,70.88644409179688
2002-05-15,70.60991668701172
2002-05-16,70.97644805908203
2002-05-17,71.32379913330078
2002-05-20,70.55196380615234
2002-05-21,69.90886688232422
2002-05-22,70.06322479248047
2002-05-23,70.80928039550781
2002-05-24,69.90242767333984
2002-05-28,69.52299499511719
2002-05-29,69.00851440429688
2002-05-30,68.81554412841797
2002-05-31,68.95702362060547
2002-06-03,67.12413024902344
2002-06-04,67.29130554199219
2002-06-05,67.921630859375
2002-06-06,66.538818359375
2002-06-07,66.4616470336914
2002-06-10,66.71894073486328
2002-06-11,65.57413482666016
2002-06-12,65.97289276123047
2002-06-13,65.31045532226562
2002-06-14,65.2139663696289
2002-06-17,66.96330261230469
2002-06-18,67.5099868774414
2002-06-19,65.93428802490234
2002-06-20,65.091796875
2002-06-21,64.07400512695312
2002-06-24,64.40959930419922
2002-06-25,62.96394729614258
2002-06-26,63.06718444824219
2002-06-27,64.17081451416016
2002-06-28,63.86746597290039
2002-07-01,62.62191390991211
2002-07-02,61.29240417480469
2002-07-03,61.64091110229492
2002-07-05,64.09334564208984
2002-07-08,63.2930793762207
2002-07-09,61.69902420043945
2002-07-10,59.45304870605469
2002-07-11,59.937076568603516
2002-07-12,59.27879333496094
2002-07-15,59.595001220703125
2002-07-16,58.44620132446289
2002-07-17,58.562416076660156
2002-07-18,56.66496658325195
2002-07-19,54.67072296142578
2002-07-22,53.05078125
2002-07-23,51.598690032958984
2002-07-24,54.67718505859375
2002-07-25,54.21253204345703
2002-07-26,55.2451057434082
2002-07-29,57.93637466430664
2002-07-30,58.69148635864258
2002-07-31,58.83347702026367
2002-08-01,57.29744338989258
2002-08-02,56.01313400268555
2002-08-05,54.06406784057617
2002-08-06,55.88405990600586
2002-08-07,56.85859298706055
2002-08-08,58.697933197021484
2002-08-09,58.91736602783203
2002-08-12,58.4849853515625
2002-08-13,57.42007827758789
2002-08-14,59.51759338378906
2002-08-15,60.34370803833008
2002-08-16,60.16297149658203
2002-08-19,61.569923400878906
2002-08-20,60.91807174682617
2002-08-21,61.79578399658203
2002-08-22,62.3960075378418
2002-08-23,61.053619384765625
2002-08-26,61.479549407958984
2002-08-27,60.769630432128906
2002-08-28,59.44014358520508
2002-08-29,59.46596908569336
2002-08-30,59.23360061645508
2002-09-03,56.97476577758789
2002-09-04,57.78793716430664
2002-09-05,57.29744338989258
2002-09-06,58.08482360839844
2002-09-09,58.510780334472656
2002-09-10,59.181983947753906
2002-09-11,58.81410217285156
2002-09-12,57.729862213134766
2002-09-13,57.871856689453125
2002-09-16,58.01382064819336
2002-09-17,56.6843147277832
2002-09-18,56.11637878417969
2002-09-19,54.66425323486328
2002-09-20,54.68245315551758
2002-09-23,54.23512649536133
2002-09-24,53.35995864868164
2002-09-25,54.68245315551758
2002-09-26,55.57703399658203
2002-09-27,53.64519119262695
2002-09-30,53.02283477783203
2002-10-01,55.57057571411133
2002-10-02,53.90451431274414
2002-10-03,53.35995864868164
2002-10-04,52.38105773925781
2002-10-07,51.29840087890625
2002-10-08,52.10224914550781
2002-10-09,50.630653381347656
2002-10-10,52.27083206176758
2002-10-11,54.55927276611328
2002-10-14,54.86396026611328
2002-10-15,57.502479553222656
2002-10-16,56.10865020751953
2002-10-17,57.22368621826172
2002-10-18,57.46352005004883
2002-10-21,58.455406188964844
2002-10-22,58.03401565551758
2002-10-23,58.474853515625
2002-10-24,57.28205871582031
2002-10-25,58.474853515625
2002-10-28,58.092411041259766
2002-10-29,57.4182014465332
2002-10-30,57.97569274902344
2002-10-31,57.385746002197266
2002-11-01,58.52024841308594
2002-11-04,59.07773971557617
2002-11-05,59.544532775878906
2002-11-06,60.31599426269531
2002-11-07,58.83790588378906
2002-11-08,58.11831283569336
2002-11-11,57.21722412109375
2002-11-12,57.67100143432617
2002-11-13,57.72934341430664
2002-11-14,58.81848907470703
2002-11-15,59.252811431884766
2002-11-18,58.65641784667969
2002-11-19,58.57857131958008
2002-11-20,59.88164520263672
2002-11-21,60.99666976928711
2002-11-22,60.562320709228516
2002-11-25,60.601219177246094
2002-11-26,59.44731140136719
2002-11-27,61.11985778808594
2002-11-29,60.92536926269531
2002-12-02,61.02265548706055
2002-12-03,60.205753326416016
2002-12-04,59.93348693847656
2002-12-05,59.27225875854492
2002-12-06,59.66120147705078
2002-12-09,58.021095275878906
2002-12-10,58.79899215698242
2002-12-11,58.850860595703125
2002-12-12,58.8443603515625
2002-12-13,57.917335510253906
2002-12-16,59.414859771728516
2002-12-17,58.89624786376953
2002-12-18,58.21554946899414
2002-12-19,57.800662994384766
2002-12-20,58.625431060791016
2002-12-23,58.644920349121094
2002-12-24,58.208457946777344
2002-12-26,58.234527587890625
2002-12-27,56.92508316040039
2002-12-30,57.400638580322266
2002-12-31,57.47880935668945
2003-01-02,59.32899856567383
2003-01-03,59.51139450073242
2003-01-06,60.56026840209961
2003-01-07,60.410423278808594
2003-01-08,59.53746795654297
2003-01-09,60.46250534057617
2003-01-10,60.6253776550293
2003-01-13,60.60585021972656
2003-01-14,60.80132293701172
2003-01-15,60.19544982910156
2003-01-16,59.94789505004883
2003-01-17,59.06190490722656
2003-01-21,58.14334487915039
2003-01-22,57.43975830078125
2003-01-23,57.791542053222656
2003-01-24,56.27361297607422
2003-01-27,55.504886627197266
2003-01-28,55.91531753540039
2003-01-29,56.338775634765625
2003-01-30,55.003273010253906
2003-01-31,56.06513977050781
2003-02-03,56.1758918762207
2003-02-04,55.62212371826172
2003-02-05,55.27686309814453
2003-02-06,55.016334533691406
2003-02-07,54.345279693603516
2003-02-10,54.729671478271484
2003-02-11,54.35179901123047
2003-02-12,53.48535919189453
2003-02-13,53.648216247558594
2003-02-14,54.82087326049805
2003-02-18,55.78501510620117
2003-02-19,55.49187088012695
2003-02-20,54.9381103515625
2003-02-21,55.49187088012695
2003-02-24,54.592838287353516
2003-02-25,55.029319763183594
2003-02-26,54.22801208496094
2003-02-27,54.944618225097656
2003-02-28,55.30944061279297
2003-03-03,54.78176498413086
2003-03-04,53.908790588378906
2003-03-05,54.36483383178711
2003-03-06,53.908790588378906
2003-03-07,54.28012466430664
2003-03-10,52.977210998535156
2003-03-11,52.45603561401367
2003-03-12,52.80781555175781
2003-03-13,54.631927490234375
2003-03-14,54.80781173706055
2003-03-17,56.53421401977539
2003-03-18,56.866458892822266
2003-03-19,57.30293655395508
2003-03-20,57.42671585083008
2003-03-21,58.65248107910156
2003-03-24,56.70331954956055
2003-03-25,57.24617385864258
2003-03-26,56.95842361450195
2003-03-27,57.0041618347168
2003-03-28,56.716373443603516
2003-03-31,55.427799224853516
2003-04-01,56.27812576293945
2003-04-02,57.638641357421875
2003-04-03,57.36393356323242
2003-04-04,57.704078674316406
2003-04-07,57.59286880493164
2003-04-08,57.684417724609375
2003-04-09,56.925655364990234
2003-04-10,57.2396354675293
2003-04-11,57.0041618347168
2003-04-14,58.1815185546875
2003-04-15,58.724422454833984
2003-04-16,57.723636627197266
2003-04-17,58.58053207397461
2003-04-21,58.639400482177734
2003-04-22,59.744808197021484
2003-04-23,60.294246673583984
2003-04-24,59.75787353515625
2003-04-25,59.018768310546875
2003-04-28,60.03913879394531
2003-04-29,60.248470306396484
2003-04-30,60.11766052246094
2003-05-01,60.11111831665039
2003-05-02,60.96797561645508
2003-05-05,60.850215911865234
2003-05-06,61.425838470458984
2003-05-07,61.08571243286133
2003-05-08,60.470863342285156
2003-05-09,61.30811309814453
2003-05-12,62.060306549072266
2003-05-13,61.9490966796875
2003-05-14,61.81827926635742
2003-05-15,62.210750579833984
2003-05-16,62.053749084472656
2003-05-19,60.601688385009766
2003-05-20,60.47739791870117
2003-05-21,60.601688385009766
2003-05-22,61.20345687866211
2003-05-23,61.32773208618164
2003-05-27,62.40043258666992
2003-05-28,62.5770378112793
2003-05-29,62.413509368896484
2003-05-30,63.414276123046875
2003-06-02,63.675880432128906
2003-06-03,63.93755340576172
2003-06-04,64.85980987548828
2003-06-05,65.18030548095703
2003-06-06,64.92521667480469
2003-06-09,64.26460266113281
2003-06-10,64.91866302490234
2003-06-11,65.60551452636719
2003-06-12,65.8082275390625
2003-06-13,65.1214370727539
2003-06-16,66.49507904052734
2003-06-17,66.49507904052734
2003-06-18,66.43619537353516
2003-06-19,65.4223403930664
2003-06-20,65.27793884277344
2003-06-23,64.60834503173828
2003-06-24,64.6739730834961
2003-06-25,64.02407836914062
2003-06-26,64.85780334472656
2003-06-27,64.10940551757812
2003-06-30,64.08975982666016
2003-07-01,64.68053436279297
2003-07-02,65.49453735351562
2003-07-03,64.81839752197266
2003-07-07,66.10503387451172
2003-07-08,66.40046691894531
2003-07-09,66.02626037597656
2003-07-10,65.1860122680664
2003-07-11,65.8030776977539
2003-07-14,66.12472534179688
2003-07-15,65.98030853271484
2003-07-16,65.593017578125
2003-07-17,64.66085815429688
2003-07-18,65.3238525390625
2003-07-21,64.51643371582031
2003-07-22,65.10066986083984
2003-07-23,65.14665222167969
2003-07-24,64.654296875
2003-07-25,65.79650115966797
2003-07-28,65.55363464355469
2003-07-29,65.25167083740234
2003-07-30,65.0940933227539
2003-07-31,65.24507904052734
2003-08-01,64.66742706298828
2003-08-04,64.66742706298828
2003-08-05,63.29541015625
2003-08-06,63.66303634643555
2003-08-07,64.33261108398438
2003-08-08,64.51643371582031
2003-08-11,64.75930786132812
2003-08-12,65.35010528564453
2003-08-13,65.01533508300781
2003-08-14,65.19261169433594
2003-08-15,65.39610290527344
2003-08-18,65.96064758300781
2003-08-19,66.2100830078125
2003-08-20,65.9409408569336
2003-08-21,66.15101623535156
2003-08-22,65.49453735351562
2003-08-25,65.59957122802734
2003-08-26,65.71773529052734
2003-08-27,65.73741912841797
2003-08-28,66.14443969726562
2003-08-29,66.59082794189453
2003-09-02,67.48363494873047
2003-09-03,67.85122680664062
2003-09-04,67.88404846191406
2003-09-05,67.50330352783203
2003-09-08,68.06130981445312
2003-09-09,67.61490631103516
2003-09-10,66.93215942382812
2003-09-11,67.1291275024414
2003-09-12,67.25382995605469
2003-09-15,67.01752471923828
2003-09-16,67.99564361572266
2003-09-17,67.8643569946289
2003-09-18,68.66525268554688
2003-09-19,68.31598663330078
2003-09-22,67.57792663574219
2003-09-23,67.8349609375
2003-09-24,66.62902069091797
2003-09-25,66.08204650878906
2003-09-26,65.86455535888672
2003-09-29,66.51036071777344
2003-09-30,65.86455535888672
2003-10-01,67.2681884765625
2003-10-02,67.51202392578125
2003-10-03,68.13147735595703
2003-10-06,68.441162109375
2003-10-07,68.70479583740234
2003-10-08,68.53343200683594
2003-10-09,68.71793365478516
2003-10-10,68.9090347290039
2003-10-13,69.12653350830078
2003-10-14,69.3703384399414
2003-10-15,69.18582153320312
2003-10-16,69.46260833740234
2003-10-17,68.70479583740234
2003-10-20,69.2187728881836
2003-10-21,69.10015106201172
2003-10-22,68.23033142089844
2003-10-23,68.1051025390625
2003-10-24,68.25666046142578
2003-10-27,68.28962707519531
2003-10-28,69.2187728881836
2003-10-29,69.3110122680664
2003-10-30,69.45600128173828
2003-10-31,69.39007568359375
2003-11-03,69.84479522705078
2003-11-04,69.6932373046875
2003-11-05,69.74596405029297
2003-11-06,70.11494445800781
2003-11-07,69.59439849853516
2003-11-10,69.3110122680664
2003-11-11,69.291259765625
2003-11-12,70.06884765625
2003-11-13,70.08861541748047
2003-11-14,69.49555969238281
2003-11-17,69.14627838134766
2003-11-18,68.427978515625
2003-11-19,69.00791931152344
2003-11-20,68.3884506225586
2003-11-21,68.67182922363281
2003-11-24,69.58119201660156
2003-11-25,69.84479522705078
2003-11-26,70.09517669677734
2003-11-28,70.14791870117188
2003-12-01,70.9057388305664
2003-12-02,70.72782135009766
2003-12-03,70.61579895019531
2003-12-04,70.9057388305664
2003-12-05,70.4114990234375
2003-12-08,70.885986328125
2003-12-09,70.33901977539062
2003-12-10,70.33245849609375
2003-12-11,71.12322235107422
2003-12-12,71.2615966796875
2003-12-15,70.9057388305664
2003-12-16,71.2747802734375
2003-12-17,71.49887084960938
2003-12-18,72.30280303955078
2003-12-19,72.10150909423828
2003-12-22,72.60469055175781
2003-12-23,72.65104675292969
2003-12-24,72.57820892333984
2003-12-26,72.63116455078125
2003-12-29,73.59779357910156
2003-12-30,73.61102294921875
2003-12-31,73.6772689819336
2004-01-02,73.64415740966797
2004-01-05,74.4453125
2004-01-06,74.51811218261719
2004-01-07,74.76969909667969
2004-01-08,75.06761932373047
2004-01-09,74.41218566894531
2004-01-12,74.96171569824219
2004-01-13,74.52473449707031
2004-01-14,75.1470947265625
2004-01-15,75.33245849609375
2004-01-16,75.63047790527344
2004-01-20,75.61058807373047
2004-01-21,76.20648193359375
2004-01-22,76.00782012939453
2004-01-23,75.76284790039062
2004-01-26,76.71626281738281
2004-01-27,75.92835998535156
2004-01-28,75.06101989746094
2004-01-29,75.13385772705078
2004-01-30,75.13385772705078
2004-02-02,75.45832061767578
2004-02-03,75.33245849609375
2004-02-04,74.71673583984375
2004-02-05,74.93522644042969
2004-02-06,75.77611541748047
2004-02-09,75.79597473144531
2004-02-10,76.04093170166016
2004-02-11,76.84867095947266
2004-02-12,76.57058715820312
2004-02-13,76.22631072998047
2004-02-17,76.91487121582031
2004-02-18,76.5772476196289
2004-02-19,76.29248809814453
2004-02-20,76.0607681274414
2004-02-23,75.86880493164062
2004-02-24,75.73634338378906
2004-02-25,76.05415344238281
2004-02-26,76.10052490234375
2004-02-27,76.15345764160156
2004-03-01,76.90827178955078
2004-03-02,76.45802307128906
2004-03-03,76.59706115722656
2004-03-04,76.79569244384766
2004-03-05,77.05388641357422
2004-03-08,76.11372375488281
2004-03-09,75.80916595458984
2004-03-10,74.5379638671875
2004-03-11,73.57134246826172
2004-03-12,74.5379638671875
2004-03-15,73.62429809570312
2004-03-16,74.01493072509766
2004-03-17,74.8425521850586
2004-03-18,74.8624496459961
2004-03-19,73.78937530517578
2004-03-22,72.85258483886719
2004-03-23,72.72635650634766
2004-03-24,72.7861557006836
2004-03-25,73.74951934814453
2004-03-26,73.76941680908203
2004-03-29,74.80592346191406
2004-03-30,75.05844116210938
2004-03-31,75.14479064941406
2004-04-01,75.5965576171875
2004-04-02,76.16798400878906
2004-04-05,76.5865478515625
2004-04-06,76.34073638916016
2004-04-07,76.1613540649414
2004-04-08,75.98858642578125
2004-04-12,76.28754425048828
2004-04-13,75.21786499023438
2004-04-14,75.33744049072266
2004-04-15,75.05179595947266
2004-04-16,75.62981414794922
2004-04-19,75.62981414794922
2004-04-20,74.36077880859375
2004-04-21,74.8590316772461
2004-04-22,75.90884399414062
2004-04-23,75.98194122314453
2004-04-26,75.87566375732422
2004-04-27,75.94206237792969
2004-04-28,74.95875549316406
2004-04-29,74.30095672607422
2004-04-30,73.72293853759766
2004-05-03,74.51360321044922
2004-05-04,74.45382690429688
2004-05-05,74.93216705322266
2004-05-06,74.28768157958984
2004-05-07,73.05853271484375
2004-05-10,72.30775451660156
2004-05-11,72.91899871826172
2004-05-12,73.38407897949219
2004-05-13,73.07845306396484
2004-05-14,73.1116943359375
2004-05-17,72.48710632324219
2004-05-18,72.85258483886719
2004-05-19,72.60013580322266
2004-05-20,72.83265686035156
2004-05-21,72.9588851928711
2004-05-24,73.26451873779297
2004-05-25,74.31425476074219
2004-05-26,74.57337951660156
2004-05-27,74.99195098876953
2004-05-28,74.98534393310547
2004-06-01,74.88565826416016
2004-06-02,75.16471099853516
2004-06-03,74.47369384765625
2004-06-04,75.06504821777344
2004-06-07,76.2078628540039
2004-06-08,76.31415557861328
2004-06-09,75.60321044921875
2004-06-10,75.97528076171875
2004-06-14,75.2245101928711
2004-06-15,75.75603485107422
2004-06-16,75.74276733398438
2004-06-17,75.62981414794922
2004-06-18,75.77251434326172
2004-06-21,75.48578643798828
2004-06-22,75.86587524414062
2004-06-23,76.51936340332031
2004-06-24,76.27931213378906
2004-06-25,75.91255950927734
2004-06-28,75.65248107910156
2004-06-29,75.96588897705078
2004-06-30,76.37266540527344
2004-07-01,75.3124008178711
2004-07-02,75.27239227294922
2004-07-06,74.61222839355469
2004-07-07,74.83226013183594
2004-07-08,74.3121566772461
2004-07-09,74.50553894042969
2004-07-12,74.53887176513672
2004-07-13,74.59220886230469
2004-07-14,74.365478515625
2004-07-15,73.88538360595703
2004-07-16,73.82535552978516
2004-07-19,73.51192474365234
2004-07-20,74.44549560546875
2004-07-21,73.07183837890625
2004-07-22,73.27188110351562
2004-07-23,72.6584243774414
2004-07-26,72.51836395263672
2004-07-27,73.1985092163086
2004-07-28,73.41857147216797
2004-07-29,73.73198699951172
2004-07-30,73.91204071044922
2004-08-02,74.06542205810547
2004-08-03,73.49195098876953
2004-08-04,73.48526000976562
2004-08-05,72.28494262695312
2004-08-06,71.25133514404297
2004-08-09,71.35138702392578
2004-08-10,72.2716064453125
2004-08-11,72.12493133544922
2004-08-12,71.33804321289062
2004-08-13,71.47808074951172
2004-08-16,72.21826934814453
2004-08-17,72.62504577636719
2004-08-18,73.37189483642578
2004-08-19,73.15853881835938
2004-08-20,73.67198181152344
2004-08-23,73.48526000976562
2004-08-24,73.58526611328125
2004-08-25,74.08540344238281
2004-08-26,74.08540344238281
2004-08-27,74.31880950927734
2004-08-30,73.70530700683594
2004-08-31,74.09211730957031
2004-09-01,74.23210144042969
2004-09-02,75.07232666015625
2004-09-03,74.76559448242188
2004-09-07,75.2590560913086
2004-09-08,75.07232666015625
2004-09-09,75.00566864013672
2004-09-10,75.3924331665039
2004-09-13,75.63912963867188
2004-09-14,75.79254150390625
2004-09-15,75.2190170288086
2004-09-16,75.44577026367188
2004-09-17,75.76649475097656
2004-09-20,75.31116485595703
2004-09-21,75.63927459716797
2004-09-22,74.69512176513672
2004-09-23,74.29336547851562
2004-09-24,74.63484191894531
2004-09-27,74.15943908691406
2004-09-28,74.51435089111328
2004-09-29,74.88931274414062
2004-09-30,74.83573913574219
2004-10-01,76.10131072998047
2004-10-04,76.22856140136719
2004-10-05,76.2686996459961
2004-10-06,76.79098510742188
2004-10-07,75.9673843383789
2004-10-08,75.33794403076172
2004-10-11,75.64595031738281
2004-10-12,75.3513412475586
2004-10-13,74.68840789794922
2004-10-14,74.08577728271484
2004-10-15,74.50093078613281
2004-10-18,74.78215789794922
2004-10-19,74.15274047851562
2004-10-20,74.00542449951172
2004-10-21,74.48753356933594
2004-10-22,73.6505355834961
2004-10-25,73.56348419189453
2004-10-26,74.68840789794922
2004-10-27,75.585693359375
2004-10-28,75.81338500976562
2004-10-29,75.79996490478516
2004-11-01,76.00757598876953
2004-11-02,76.03431701660156
2004-11-03,76.99189758300781
2004-11-04,78.0431900024414
2004-11-05,78.53196716308594
2004-11-08,78.41817474365234
2004-11-09,78.26415252685547
2004-11-10,78.32444763183594
2004-11-11,78.92036437988281
2004-11-12,79.54312896728516
2004-11-15,79.73856353759766
2004-11-16,79.16764068603516
2004-11-17,79.63782501220703
2004-11-18,79.7452392578125
2004-11-19,78.85877227783203
2004-11-22,79.23483276367188
2004-11-23,79.35572814941406
2004-11-24,79.5438003540039
2004-11-26,79.48333740234375
2004-11-29,79.12065887451172
2004-11-30,79.17438507080078
2004-12-01,80.0743408203125
2004-12-02,80.14146423339844
2004-12-03,80.0877914428711
2004-12-06,80.06092071533203
2004-12-07,79.31544494628906
2004-12-08,79.77887725830078
2004-12-09,80.06092071533203
2004-12-10,80.14146423339844
2004-12-13,80.8399887084961
2004-12-14,81.12203216552734
2004-12-15,81.18247985839844
2004-12-16,81.1354751586914
2004-12-17,80.59432220458984
2004-12-20,80.61455535888672
2004-12-21,81.23532104492188
2004-12-22,81.4310073852539
2004-12-23,81.49174499511719
2004-12-27,81.32305145263672
2004-12-28,81.76838684082031
2004-12-29,81.88988494873047
2004-12-30,81.73467254638672
2004-12-31,81.5592269897461
2005-01-03,81.17459106445312
2005-01-04,80.18267059326172
2005-01-05,79.62940216064453
2005-01-06,80.03422546386719
2005-01-07,79.91954040527344
2005-01-10,80.2973861694336
2005-01-11,79.74407958984375
2005-01-12,80.00724792480469
2005-01-13,79.36624908447266
2005-01-14,79.7845687866211
2005-01-18,80.61455535888672
2005-01-19,79.77108001708984
2005-01-20,79.2852554321289
2005-01-21,78.7994155883789
2005-01-24,78.64424896240234
2005-01-25,78.86691284179688
2005-01-26,79.10304260253906
2005-01-27,79.23804473876953
2005-01-28,79.23804473876953
2005-01-31,79.7306137084961
2005-02-01,80.23666381835938
2005-02-02,80.4795913696289
2005-02-03,80.27043151855469
2005-02-04,81.12737274169922
2005-02-07,81.0194091796875
2005-02-08,81.11388397216797
2005-02-09,80.50657653808594
2005-02-10,80.79672241210938
2005-02-11,81.49174499511719
2005-02-14,81.4310073852539
2005-02-15,81.73467254638672
2005-02-16,81.78864288330078
2005-02-17,81.12737274169922
2005-02-18,81.23532104492188
2005-02-22,80.0274887084961
2005-02-23,80.6010513305664
2005-02-24,81.13411712646484
2005-02-25,81.93709564208984
2005-02-28,81.39724731445312
2005-03-01,81.80215454101562
2005-03-02,81.76162719726562
2005-03-03,81.79537963867188
2005-03-04,82.81429290771484
2005-03-07,82.85477447509766
2005-03-08,82.54437255859375
2005-03-09,81.62671661376953
2005-03-10,81.80889892578125
2005-03-11,81.23532104492188
2005-03-14,81.74139404296875
2005-03-15,81.06665802001953
2005-03-16,80.37837982177734
2005-03-17,80.54033660888672
2005-03-18,80.30119323730469
2005-03-21,80.00313568115234
2005-03-22,79.19022369384766
2005-03-23,79.25798034667969
2005-03-24,79.35277557373047
2005-03-28,79.46794128417969
2005-03-29,78.93956756591797
2005-03-30,80.05731964111328
2005-03-31,79.90827941894531
2005-04-01,79.54928588867188
2005-04-04,79.68474578857422
2005-04-05,80.06410217285156
2005-04-06,80.34183502197266
2005-04-07,80.77537536621094
2005-04-08,79.93538665771484
2005-04-11,79.99635314941406
2005-04-12,80.40959930419922
2005-04-13,79.46123504638672
2005-04-14,78.42476654052734
2005-04-15,77.32735443115234
2005-04-18,77.56439971923828
2005-04-19,78.18083190917969
2005-04-20,77.0902099609375
2005-04-21,78.58732604980469
2005-04-22,78.28926086425781
2005-04-25,78.80411529541016
2005-04-26,78.03860473632812
2005-04-27,78.34346008300781
2005-04-28,77.36117553710938
2005-04-29,78.41122436523438
2005-05-02,78.85152435302734
2005-05-03,78.98698425292969
2005-05-04,79.5966796875
2005-05-05,79.56957244873047
2005-05-06,79.31892395019531
2005-05-09,79.81344604492188
2005-05-10,78.98698425292969
2005-05-11,79.42052459716797
2005-05-12,78.54667663574219
2005-05-13,78.39088439941406
2005-05-16,79.12246704101562
2005-05-17,79.6508560180664
2005-05-18,80.47055053710938
2005-05-19,80.80927276611328
2005-05-20,80.69409942626953
2005-05-23,81.14117431640625
2005-05-24,80.9515151977539
2005-05-25,80.89051055908203
2005-05-26,81.32411193847656
2005-05-27,81.45956420898438
2005-05-31,80.93795776367188
2005-06-01,81.62892150878906
2005-06-02,81.8050765991211
2005-06-03,81.3918228149414
2005-06-06,81.3173599243164
2005-06-07,81.37828063964844
2005-06-08,81.22926330566406
2005-06-09,81.61539459228516
2005-06-10,81.42567443847656
2005-06-13,81.68313598632812
2005-06-14,81.8728256225586
2005-06-15,82.02863311767578
2005-06-16,82.23859405517578
2005-06-17,82.5433120727539
2005-06-20,82.57051849365234
2005-06-21,82.61811828613281
2005-06-22,82.68611907958984
2005-06-23,81.52307891845703
2005-06-24,80.92455291748047
2005-06-27,81.04016876220703
2005-06-28,81.72032165527344
2005-06-29,81.50270080566406
2005-06-30,81.06058502197266
2005-07-01,81.29864501953125
2005-07-05,81.95156860351562
2005-07-06,81.26461791992188
2005-07-07,81.58430480957031
2005-07-08,82.51609802246094
2005-07-11,82.93781280517578
2005-07-12,83.15544891357422
2005-07-13,83.27106475830078
2005-07-14,83.59754943847656
2005-07-15,83.54994201660156
2005-07-18,83.21668243408203
2005-07-19,83.67235565185547
2005-07-20,83.95802307128906
2005-07-21,83.46829986572266
2005-07-22,84.02606964111328
2005-07-25,83.78800964355469
2005-07-26,83.89002990722656
2005-07-27,84.19607543945312
2005-07-28,84.72661590576172
2005-07-29,84.162109375
2005-08-01,84.10083770751953
2005-08-02,84.60419464111328
2005-08-03,84.82865905761719
2005-08-04,84.1484603881836
2005-08-05,83.57711791992188
2005-08-08,83.42073059082031
2005-08-09,83.9240493774414
2005-08-10,83.88324737548828
2005-08-11,84.21651458740234
2005-08-12,83.6995849609375
2005-08-15,84.21651458740234
2005-08-16,83.12144470214844
2005-08-17,83.11463928222656
2005-08-18,83.10784912109375
2005-08-19,83.29829406738281
2005-08-22,83.29829406738281
2005-08-23,83.141845703125
2005-08-24,82.40045928955078
2005-08-25,82.69976043701172
2005-08-26,82.1352310180664
2005-08-29,82.7677993774414
2005-08-30,82.33246612548828
2005-08-31,83.37310791015625
2005-09-01,83.31187438964844
2005-09-02,83.16227722167969
2005-09-06,84.13487243652344
2005-09-07,84.27772521972656
2005-09-08,83.99884033203125
2005-09-09,84.74700164794922
2005-09-12,84.57699584960938
2005-09-13,84.10763549804688
2005-09-14,83.80160522460938
2005-09-15,83.76080322265625
2005-09-16,84.35643005371094
2005-09-19,84.07635498046875
2005-09-20,83.36601257324219
2005-09-21,82.58734130859375
2005-09-22,82.8810043334961
2005-09-23,82.94933319091797
2005-09-26,83.04496765136719
2005-09-27,83.02446746826172
2005-09-28,83.1064224243164
2005-09-29,83.78262329101562
2005-09-30,84.04220581054688
2005-10-03,83.7416763305664
2005-10-04,82.79905700683594
2005-10-05,81.71300506591797
2005-10-06,81.41927337646484
2005-10-07,81.69935607910156
2005-10-10,81.00946807861328
2005-10-11,80.89335632324219
2005-10-12,80.25814056396484
2005-10-13,80.21033477783203
2005-10-14,81.05728149414062
2005-10-17,81.35783386230469
2005-10-18,80.47667694091797
2005-10-19,81.81548309326172
2005-10-20,80.37423706054688
2005-10-21,80.68844604492188
2005-10-24,81.93843841552734
2005-10-25,81.77450561523438
2005-10-26,81.53543853759766
2005-10-27,80.66796112060547
2005-10-28,81.82913208007812
2005-10-31,82.05451202392578
2005-11-01,82.3003921508789
2005-11-02,83.16107940673828
2005-11-03,83.51626586914062
2005-11-04,83.40696716308594
2005-11-07,83.4889144897461
2005-11-08,83.4889144897461
2005-11-09,83.5982437133789
2005-11-10,84.24712371826172
2005-11-11,84.53398895263672
2005-11-14,84.48619842529297
2005-11-15,84.17879486083984
2005-11-16,84.3495864868164
2005-11-17,85.13506317138672
2005-11-18,85.46979522705078
2005-11-21,85.90010833740234
2005-11-22,86.26891326904297
2005-11-23,86.76757049560547
2005-11-25,86.83586120605469
2005-11-28,86.22115325927734
2005-11-29,86.12550354003906
2005-11-30,85.66104888916016
2005-12-01,86.53534698486328
2005-12-02,86.64463806152344
2005-12-05,86.4601821899414
2005-12-06,86.62408447265625
2005-12-07,86.11869049072266
2005-12-08,86.06402587890625
2005-12-09,86.28941345214844
2005-12-12,86.37139892578125
2005-12-13,86.95879364013672
2005-12-14,87.30033111572266
2005-12-15,87.04762268066406
2005-12-16,86.76747131347656
2005-12-19,86.32112884521484
2005-12-20,86.40353393554688
2005-12-21,86.54087829589844
2005-12-22,86.99407958984375
2005-12-23,87.04212951660156
2005-12-27,86.15631866455078
2005-12-28,86.34859466552734
2005-12-29,85.96405792236328
2005-12-30,85.49711608886719
2006-01-03,87.00091552734375
2006-01-04,87.41291809082031
2006-01-05,87.4678726196289
2006-01-06,88.19573211669922
2006-01-09,88.42233276367188
2006-01-10,88.51158905029297
2006-01-11,88.7930908203125
2006-01-12,88.44293212890625
2006-01-13,88.36050415039062
2006-01-17,88.12017059326172
2006-01-18,87.76996612548828
2006-01-19,88.10643768310547
2006-01-20,86.4996109008789
2006-01-23,86.80867004394531
2006-01-24,86.8979263305664
2006-01-25,86.97346496582031
2006-01-26,87.45413208007812
2006-01-27,88.26438903808594
2006-01-30,88.19573211669922
2006-01-31,87.55024719238281
2006-02-01,88.1613540649414
2006-02-02,87.13825225830078
2006-02-03,86.70568084716797
2006-02-06,86.93223571777344
2006-02-07,86.16320037841797
2006-02-08,86.94598388671875
2006-02-09,86.80178833007812
2006-02-10,86.95970153808594
2006-02-13,86.80178833007812
2006-02-14,87.72190856933594
2006-02-15,88.03091430664062
2006-02-16,88.69013214111328
2006-02-17,88.44979095458984
2006-02-21,88.2300796508789
2006-02-22,88.76568603515625
2006-02-23,88.63520812988281
2006-02-24,88.86180114746094
2006-02-27,88.89614868164062
2006-02-28,88.05154418945312
2006-03-01,88.8343276977539
2006-03-02,88.82743835449219
2006-03-03,88.41545104980469
2006-03-06,88.01036071777344
2006-03-07,87.87298583984375
2006-03-08,88.05841064453125
2006-03-09,87.4678726196289
2006-03-10,88.29875183105469
2006-03-13,88.46357727050781
2006-03-14,89.39053344726562
2006-03-15,89.78880310058594
2006-03-16,89.9742202758789
2006-03-17,90.04933166503906
2006-03-20,89.90453338623047
2006-03-21,89.33927154541016
2006-03-22,89.88392639160156
2006-03-23,89.69774627685547
2006-03-24,89.76668548583984
2006-03-27,89.6357192993164
2006-03-28,89.08416748046875
2006-03-29,89.64260864257812
2006-03-30,89.48401641845703
2006-03-31,89.50472259521484
2006-04-03,89.43577575683594
2006-04-04,90.00800323486328
2006-04-05,90.31820678710938
2006-04-06,90.22167205810547
2006-04-07,89.30476379394531
2006-04-10,89.44268035888672
2006-04-11,88.68433380126953
2006-04-12,88.84976959228516
2006-04-13,88.73258209228516
2006-04-17,88.6980972290039
2006-04-18,90.1044692993164
2006-04-19,90.2768325805664
2006-04-20,90.40093231201172
2006-04-21,90.41471099853516
2006-04-24,90.249267578125
2006-04-25,89.87702178955078
2006-04-26,89.89764404296875
2006-04-27,90.33203125
2006-04-28,90.63533782958984
2006-05-01,89.89764404296875
2006-05-02,90.57328033447266
2006-05-03,90.23546600341797
2006-05-04,90.55949401855469
2006-05-05,91.35918426513672
2006-05-08,91.24884796142578
2006-05-09,91.42814636230469
2006-05-10,91.37989807128906
2006-05-11,90.2768325805664
2006-05-12,89.09796905517578
2006-05-15,89.27719116210938
2006-05-16,89.14622497558594
2006-05-17,87.45027923583984
2006-05-18,87.00906372070312
2006-05-19,87.6226577758789
2006-05-22,86.95393371582031
2006-05-23,86.29212188720703
2006-05-24,86.98149871826172
2006-05-25,88.05699157714844
2006-05-26,88.50508117675781
2006-05-30,86.9332504272461
2006-05-31,87.90528869628906
2006-06-01,88.74639129638672
2006-06-02,88.93252563476562
2006-06-05,87.636474609375
2006-06-06,87.42273712158203
2006-06-07,86.76779174804688
2006-06-08,86.69198608398438
2006-06-09,86.41618347167969
2006-06-12,85.4786376953125
2006-06-13,84.48588562011719
2006-06-14,85.14083099365234
2006-06-15,86.94706726074219
2006-06-16,86.3134765625
2006-06-19,85.63485717773438
2006-06-20,85.92567443847656
2006-06-21,86.562744140625
2006-06-22,86.18187713623047
2006-06-23,86.16803741455078
2006-06-26,86.54889678955078
2006-06-27,85.80104064941406
2006-06-28,86.38270568847656
2006-06-29,88.12763977050781
2006-06-30,88.13455963134766
2006-07-03,88.49467468261719
2006-07-05,87.98918151855469
2006-07-06,88.24539184570312
2006-07-07,87.67061614990234
2006-07-10,87.83683776855469
2006-07-11,88.2245864868164
2006-07-12,87.28287506103516
2006-07-13,85.86335754394531
2006-07-14,85.531005859375
2006-07-17,85.40636444091797
2006-07-18,85.84259033203125
2006-07-19,87.0335922241211
2006-07-20,86.43806457519531
2006-07-21,85.82874298095703
2006-07-24,87.3936538696289
2006-07-25,87.70526123046875
2006-07-26,87.822998046875
2006-07-27,87.73989868164062
2006-07-28,88.6192855834961
2006-07-31,88.52928161621094
2006-08-01,88.09302520751953
2006-08-02,88.68855285644531
2006-08-03,88.92398071289062
2006-08-04,88.7716064453125
2006-08-07,88.56390380859375
2006-08-08,88.2245864868164
2006-08-09,87.92684936523438
2006-08-10,88.1969223022461
2006-08-11,87.94761657714844
2006-08-14,88.01687622070312
2006-08-15,89.06939697265625
2006-08-16,89.81029510498047
2006-08-17,90.038818359375
2006-08-18,90.4958267211914
2006-08-21,90.10807800292969
2006-08-22,90.10113525390625
2006-08-23,89.85185241699219
2006-08-24,89.77568054199219
2006-08-25,89.88645935058594
2006-08-28,90.3157958984375
2006-08-29,90.4196548461914
2006-08-30,90.47504425048828
2006-08-31,90.46121215820312
2006-09-01,91.00131225585938
2006-09-05,91.17439270019531
2006-09-06,90.37120056152344
2006-09-07,89.95574951171875
2006-09-08,90.2119369506836
2006-09-11,90.30192565917969
2006-09-12,91.18830871582031
2006-09-13,91.55528259277344
2006-09-14,91.56222534179688
2006-09-15,91.77711486816406
2006-09-18,91.90230560302734
2006-09-19,91.67280578613281
2006-09-20,92.15962219238281
2006-09-21,91.71450805664062
2006-09-22,91.43630981445312
2006-09-25,92.13873291015625
2006-09-26,92.90379333496094
2006-09-27,93.01509094238281
2006-09-28,92.9803237915039
2006-09-29,92.90379333496094
2006-10-02,92.55604553222656
2006-10-03,92.75083923339844
2006-10-04,93.83572387695312
2006-10-05,94.01660919189453
2006-10-06,93.89834594726562
2006-10-09,93.9540023803711
2006-10-10,94.07916259765625
2006-10-11,93.9678955078125
2006-10-12,94.78160858154297
2006-10-13,95.02503967285156
2006-10-16,95.17109680175781
2006-10-17,94.87203216552734
2006-10-18,94.9972152709961
2006-10-19,95.15023803710938
2006-10-20,95.17109680175781
2006-10-23,95.6092758178711
2006-10-24,95.8944320678711
2006-10-25,96.2213363647461
2006-10-26,96.52037811279297
2006-10-27,95.915283203125
2006-10-30,95.84573364257812
2006-10-31,95.83180236816406
2006-11-01,95.18498992919922
2006-11-02,95.12940216064453
2006-11-03,94.96246337890625
2006-11-06,96.03351593017578
2006-11-07,96.40211486816406
2006-11-08,96.61077117919922
2006-11-09,96.10305786132812
2006-11-10,96.14478302001953
2006-11-13,96.38127899169922
2006-11-14,97.10456085205078
2006-11-15,97.38273620605469
2006-11-16,97.63314819335938
2006-11-17,97.66097259521484
2006-11-20,97.71658325195312
2006-11-21,97.81399536132812
2006-11-22,98.00870513916016
2006-11-24,97.6123046875
2006-11-27,96.26998901367188
2006-11-28,96.68730926513672
2006-11-29,97.69576263427734
2006-11-30,97.73748779296875
2006-12-01,97.52185821533203
2006-12-04,98.26602172851562
2006-12-05,98.69029998779297
2006-12-06,98.60684204101562
2006-12-07,98.17561340332031
2006-12-08,98.35648345947266
2006-12-11,98.64160919189453
2006-12-12,98.56512451171875
2006-12-13,98.66940307617188
2006-12-14,99.53878021240234
2006-12-15,99.5478744506836
2006-12-18,99.2751235961914
2006-12-19,99.4639663696289
2006-12-20,99.40805053710938
2006-12-21,99.04434204101562
2006-12-22,98.4359130859375
2006-12-26,99.0163345336914
2006-12-27,99.6667709350586
2006-12-28,99.45698547363281
2006-12-29,99.04434204101562
2007-01-03,98.86946868896484
2007-01-04,99.07933807373047
2007-01-05,98.28902435302734
2007-01-08,98.74362182617188
2007-01-09,98.6596908569336
2007-01-10,98.98837280273438
2007-01-11,99.42201232910156
2007-01-12,100.17732238769531
2007-01-16,99.98149108886719
2007-01-17,100.0234375
2007-01-18,99.687744140625
2007-01-19,99.88358306884766
2007-01-22,99.57586669921875
2007-01-23,99.8696060180664
2007-01-24,100.67388916015625
2007-01-25,99.491943359375
2007-01-26,99.40100860595703
2007-01-29,99.34506225585938
2007-01-30,99.8625717163086
2007-01-31,100.53400421142578
2007-02-01,101.13545227050781
2007-02-02,101.27530670166016
2007-02-05,101.30329895019531
2007-02-06,101.33129119873047
2007-02-07,101.5550537109375
2007-02-08,101.42216491699219
2007-02-09,100.6668930053711
2007-02-12,100.32421112060547
2007-02-13,101.17037963867188
2007-02-14,101.83483123779297
2007-02-15,101.96770477294922
2007-02-16,101.91874694824219
2007-02-20,102.13555908203125
2007-02-21,102.09361267089844
2007-02-22,102.01660919189453
2007-02-23,101.61798858642578
2007-02-26,101.5270767211914
2007-02-27,97.56167602539062
2007-02-28,98.56175231933594
2007-03-01,98.26800537109375
2007-03-02,96.98120880126953
2007-03-05,96.05806732177734
2007-03-06,97.7015380859375
2007-03-07,97.6036376953125
2007-03-08,98.42894744873047
2007-03-09,98.45685577392578
2007-03-12,98.603759765625
2007-03-13,96.68744659423828
2007-03-14,97.40780639648438
2007-03-15,97.5406723022461
2007-03-16,97.26757049560547
2007-03-19,98.44011688232422
2007-03-20,98.98076629638672
2007-03-21,100.60975646972656
2007-03-22,100.53250885009766
2007-03-23,100.67996978759766
2007-03-26,100.54654693603516
2007-03-27,100.30786895751953
2007-03-28,99.57762908935547
2007-03-29,99.68293762207031
2007-03-30,99.7040023803711
2007-04-02,99.81636047363281
2007-04-03,100.890625
2007-04-04,101.00293731689453
2007-04-05,101.27681732177734
2007-04-09,101.4172134399414
2007-04-10,101.53661346435547
2007-04-11,101.12235260009766
2007-04-12,101.5716323852539
2007-04-13,102.03510284423828
2007-04-16,103.00406646728516
2007-04-17,103.27787017822266
2007-04-18,103.40428161621094
2007-04-19,103.376220703125
2007-04-20,104.35210418701172
2007-04-23,103.95895385742188
2007-04-24,104.0010986328125
2007-04-25,104.95600891113281
2007-04-26,105.0753173828125
2007-04-27,104.9911117553711
2007-04-30,104.12047576904297
2007-05-01,104.38728332519531
2007-05-02,104.99816131591797
2007-05-03,105.5668716430664
2007-05-04,105.96711730957031
2007-05-07,105.98815155029297
2007-05-08,105.84774017333984
2007-05-09,106.13556671142578
2007-05-10,105.02622985839844
2007-05-11,105.92499542236328
2007-05-14,105.6932373046875
2007-05-15,105.72135162353516
2007-05-16,106.44457244873047
2007-05-17,106.23387145996094
2007-05-18,107.16069793701172
2007-05-21,107.10454559326172
2007-05-22,107.02030181884766
2007-05-23,107.0343246459961
2007-05-24,106.0654296875
2007-05-25,106.50774383544922
2007-05-29,106.8939208984375
2007-05-30,107.76457977294922
2007-05-31,107.6522445678711
2007-06-01,108.18587493896484
2007-06-04,108.19989776611328
2007-06-05,107.7715835571289
2007-06-06,106.61302947998047
2007-06-07,104.68920135498047
2007-06-08,106.05136108398438
2007-06-11,106.23387145996094
2007-06-12,105.0753173828125
2007-06-13,106.64814758300781
2007-06-14,107.3292007446289
2007-06-15,107.93990325927734
2007-06-18,107.81299591064453
2007-06-19,108.08096313476562
2007-06-20,106.57896423339844
2007-06-21,107.1712875366211
2007-06-22,106.16290283203125
2007-06-25,105.65515899658203
2007-06-26,104.56928253173828
2007-06-27,106.0571060180664
2007-06-28,106.04299926757812
2007-06-29,106.07828521728516
2007-07-02,107.03730773925781
2007-07-03,107.42514038085938
2007-07-05,107.31228637695312
2007-07-06,107.8764419555664
2007-07-09,107.96106719970703
2007-07-10,106.42387390136719
2007-07-11,107.17837524414062
2007-07-12,108.87077331542969
2007-07-13,109.19513702392578
2007-07-16,109.1810073852539
2007-07-17,109.12459564208984
2007-07-18,108.92716217041016
2007-07-19,109.35025787353516
2007-07-20,108.2431411743164
2007-07-23,108.57457733154297
2007-07-24,106.69175720214844
2007-07-25,106.91033172607422
2007-07-26,104.37883758544922
2007-07-27,102.3268051147461
2007-07-30,103.92755126953125
2007-07-31,102.75694274902344
2007-08-01,103.25758361816406
2007-08-02,104.08263397216797
2007-08-03,101.40302276611328
2007-08-06,103.10245513916016
2007-08-07,104.20254516601562
2007-08-08,105.65515899658203
2007-08-09,102.52423858642578
2007-08-10,102.0447006225586
2007-08-13,102.41141510009766
2007-08-14,100.845947265625
2007-08-15,99.4567642211914
2007-08-16,100.20423889160156
2007-08-17,102.0447006225586
2007-08-20,101.99535369873047
2007-08-21,102.19982147216797
2007-08-22,103.41278076171875
2007-08-23,103.32106018066406
2007-08-24,104.5974349975586
2007-08-27,103.6242904663086
2007-08-28,101.34661865234375
2007-08-29,103.3351821899414
2007-08-30,103.06013488769531
2007-08-31,104.0755844116211
2007-09-04,105.12630462646484
2007-09-05,104.21664428710938
2007-09-06,104.45640563964844
2007-09-07,103.00373077392578
2007-09-10,102.80626678466797
2007-09-11,104.00508880615234
2007-09-12,104.27305603027344
2007-09-13,105.00642395019531
2007-09-14,104.99934387207031
2007-09-17,104.43522644042969
2007-09-18,107.5097427368164
2007-09-19,108.1444320678711
2007-09-20,107.3828353881836
2007-09-21,107.67261505126953
2007-09-24,107.47419738769531
2007-09-25,107.26166534423828
2007-09-26,107.82850646972656
2007-09-27,108.46614837646484
2007-09-28,108.10480499267578
2007-10-01,109.32347106933594
2007-10-02,109.17469024658203
2007-10-03,108.95500183105469
2007-10-04,109.12507629394531
2007-10-05,110.421630859375
2007-10-08,109.83356475830078
2007-10-09,110.86798095703125
2007-10-10,110.68379211425781
2007-10-11,110.15239715576172
2007-10-12,110.76174926757812
2007-10-15,109.82646942138672
2007-10-16,108.95500183105469
2007-10-17,109.28800201416016
2007-10-18,108.89128875732422
2007-10-19,106.04299926757812
2007-10-22,106.65946197509766
2007-10-23,107.52378845214844
2007-10-24,107.325439453125
2007-10-25,107.58052062988281
2007-10-26,108.84164428710938
2007-10-29,109.2030258178711
2007-10-30,108.44486236572266
2007-10-31,109.57139587402344
2007-11-01,107.00660705566406
2007-11-02,107.1270980834961
2007-11-05,106.31228637695312
2007-11-06,107.7434310913086
2007-11-07,104.79603576660156
2007-11-08,104.2646713256836
2007-11-09,102.83348083496094
2007-11-12,101.8132095336914
2007-11-13,104.91648864746094
2007-11-14,104.62602996826172
2007-11-15,103.11689758300781
2007-11-16,103.29402160644531
2007-11-19,101.85574340820312
2007-11-20,102.47925567626953
2007-11-21,100.38201141357422
2007-11-23,102.11785888671875
2007-11-26,99.86479949951172
2007-11-27,101.01260375976562
2007-11-28,104.24345397949219
2007-11-29,104.27886962890625
2007-11-30,105.32745361328125
2007-12-03,104.63309478759766
2007-12-04,103.6978759765625
2007-12-05,105.4337158203125
2007-12-06,106.94282531738281
2007-12-07,106.92156982421875
2007-12-10,107.75054931640625
2007-12-11,104.79603576660156
2007-12-12,105.8304443359375
2007-12-13,105.61087799072266
2007-12-14,104.27173614501953
2007-12-17,102.78388977050781
2007-12-18,103.35778045654297
2007-12-19,103.35778045654297
2007-12-20,104.0096435546875
2007-12-21,105.5089340209961
2007-12-24,106.29246520996094
2007-12-26,106.52035522460938
2007-12-27,105.18130493164062
2007-12-28,104.91779327392578
2007-12-31,104.14139556884766
2008-01-02,103.22965240478516
2008-01-03,103.1797866821289
2008-01-04,100.65122985839844
2008-01-07,100.56575775146484
2008-01-08,98.94181060791016
2008-01-09,99.98168182373047
2008-01-10,100.636962890625
2008-01-11,99.82501220703125
2008-01-14,100.62987518310547
2008-01-15,98.4146957397461
2008-01-16,97.56707000732422
2008-01-17,95.03851318359375
2008-01-18,94.06273651123047
2008-01-22,93.10826873779297
2008-01-23,95.3448257446289
2008-01-24,96.14966583251953
2008-01-25,94.7607192993164
2008-01-28,96.3277587890625
2008-01-29,96.80496978759766
2008-01-30,96.09270477294922
2008-01-31,97.84488677978516
2008-02-01,99.41902923583984
2008-02-04,98.16542053222656
2008-02-05,95.53713989257812
2008-02-06,94.76787567138672
2008-02-07,95.39466857910156
2008-02-08,94.7821273803711
2008-02-11,95.26644897460938
2008-02-12,96.14966583251953
2008-02-13,97.13261413574219
2008-02-14,96.27790832519531
2008-02-15,96.25651550292969
2008-02-19,96.5271987915039
2008-02-20,96.81208038330078
2008-02-21,96.00727081298828
2008-02-22,96.5984115600586
2008-02-25,97.81639099121094
2008-02-26,98.55003356933594
2008-02-27,98.4502944946289
2008-02-28,97.4887466430664
2008-02-29,95.31633758544922
2008-03-03,95.08840942382812
2008-03-04,94.72514343261719
2008-03-05,95.32344818115234
2008-03-06,93.35043334960938
2008-03-07,92.3888931274414
2008-03-10,91.17090606689453
2008-03-11,94.44738006591797
2008-03-12,93.56412506103516
2008-03-13,93.77069854736328
2008-03-14,92.317626953125
2008-03-17,91.38459014892578
2008-03-18,95.18099975585938
2008-03-19,92.82335662841797
2008-03-20,94.54273223876953
2008-03-24,96.43242645263672
2008-03-25,96.52548217773438
2008-03-26,95.34444427490234
2008-03-27,95.04376983642578
2008-03-28,94.13473510742188
2008-03-31,94.4639663696289
2008-04-01,97.78528594970703
2008-04-02,97.84971618652344
2008-04-03,98.09309387207031
2008-04-04,97.98572540283203
2008-04-07,98.03582763671875
2008-04-08,97.93563842773438
2008-04-09,97.22694396972656
2008-04-10,97.36296844482422
2008-04-11,95.4732666015625
2008-04-14,95.15113830566406
2008-04-15,95.37306213378906
2008-04-16,97.95709228515625
2008-04-17,98.10028076171875
2008-04-18,99.12383270263672
2008-04-21,99.17390441894531
2008-04-22,98.73728942871094
2008-04-23,98.57982635498047
2008-04-24,99.00931549072266
2008-04-25,99.9255599975586
2008-04-28,99.94703674316406
2008-04-29,99.55329132080078
2008-04-30,98.96632385253906
2008-05-01,101.01355743408203
2008-05-02,101.29267120361328
2008-05-05,100.80598449707031
2008-05-06,101.67925262451172
2008-05-07,99.86823272705078
2008-05-08,99.61054992675781
2008-05-09,99.42445373535156
2008-05-12,100.5411148071289
2008-05-13,100.55545043945312
2008-05-14,100.76304626464844
2008-05-15,102.0228271484375
2008-05-16,102.1158676147461
2008-05-19,102.39502716064453
2008-05-20,101.5647201538086
2008-05-21,99.8467788696289
2008-05-22,99.86109161376953
2008-05-23,98.52256774902344
2008-05-27,99.25267028808594
2008-05-28,99.7107925415039
2008-05-29,100.21183776855469
2008-05-30,100.4623794555664
2008-06-02,99.42445373535156
2008-06-03,98.84465789794922
2008-06-04,98.7945785522461
2008-06-05,100.77019500732422
2008-06-06,97.55624389648438
2008-06-09,97.79242706298828
2008-06-10,97.30570983886719
2008-06-11,95.87411499023438
2008-06-12,96.2391586303711
2008-06-13,97.45597839355469
2008-06-16,97.5133056640625
2008-06-17,97.04083251953125
2008-06-18,96.09599304199219
2008-06-19,96.21769714355469
2008-06-20,94.65592193603516
2008-06-23,94.5623550415039
2008-06-24,94.3753433227539
2008-06-25,94.82138061523438
2008-06-26,92.24603271484375
2008-06-27,91.74240112304688
2008-06-30,92.0661392211914
2008-07-01,92.35389709472656
2008-07-02,90.77128601074219
2008-07-03,90.86477661132812
2008-07-07,89.93677520751953
2008-07-08,91.53380584716797
2008-07-09,89.7713394165039
2008-07-10,90.13822937011719
2008-07-11,89.08792877197266
2008-07-14,88.28224182128906
2008-07-15,87.03767395019531
2008-07-16,89.17424011230469
2008-07-17,90.06626892089844
2008-07-18,90.62739562988281
2008-07-21,90.67778015136719
2008-07-22,91.70646667480469
2008-07-23,92.20278930664062
2008-07-24,90.28929138183594
2008-07-25,90.26771545410156
2008-07-28,88.94405364990234
2008-07-29,90.84320068359375
2008-07-30,92.46182250976562
2008-07-31,91.23886108398438
2008-08-01,90.75689697265625
2008-08-04,89.91520690917969
2008-08-05,92.33952331542969
2008-08-06,92.74955749511719
2008-08-07,91.36834716796875
2008-08-08,93.06608581542969
2008-08-11,94.03007507324219
2008-08-12,93.05171966552734
2008-08-13,92.49059295654297
2008-08-14,93.18836975097656
2008-08-15,93.64158630371094
2008-08-18,92.36105346679688
2008-08-19,91.35396575927734
2008-08-20,91.77839660644531
2008-08-21,91.93666076660156
2008-08-22,93.26754760742188
2008-08-25,91.37556457519531
2008-08-26,91.64170837402344
2008-08-27,92.53376770019531
2008-08-28,93.65596771240234
2008-08-29,92.64884185791016
2008-09-02,92.07334899902344
2008-09-03,91.99421691894531
2008-09-04,89.22457885742188
2008-09-05,89.50517272949219
2008-09-08,91.35396575927734
2008-09-09,88.64190673828125
2008-09-10,89.00159454345703
2008-09-11,90.28929138183594
2008-09-12,90.70650482177734
2008-09-15,86.3902587890625
2008-09-16,87.83623504638672
2008-09-17,83.88682556152344
2008-09-18,86.37584686279297
2008-09-19,89.8061752319336
2008-09-22,87.77301025390625
2008-09-23,85.77601623535156
2008-09-24,86.05097198486328
2008-09-25,87.39678955078125
2008-09-26,87.44017791748047
2008-09-29,80.5882339477539
2008-09-30,83.92378234863281
2008-10-01,83.97441864013672
2008-10-02,80.92829132080078
2008-10-03,79.83574676513672
2008-10-06,75.76946258544922
2008-10-07,72.37599182128906
2008-10-08,70.55268859863281
2008-10-09,65.6253433227539
2008-10-10,64.0335922241211
2008-10-13,73.33110809326172
2008-10-14,72.24577331542969
2008-10-15,65.13333892822266
2008-10-16,67.84663391113281
2008-10-17,67.44147491455078
2008-10-20,71.4933090209961
2008-10-21,69.35882568359375
2008-10-22,65.58194732666016
2008-10-23,66.34168243408203
2008-10-24,62.97721481323242
2008-10-27,60.74143600463867
2008-10-28,67.83941650390625
2008-10-29,67.34742736816406
2008-10-30,69.67718505859375
2008-10-31,70.0606689453125
2008-11-03,70.26327514648438
2008-11-04,72.65096282958984
2008-11-05,69.59762573242188
2008-11-06,65.74107360839844
2008-11-07,67.91177368164062
2008-11-10,67.02181243896484
2008-11-11,64.95247650146484
2008-11-12,62.094482421875
2008-11-13,65.9654312133789
2008-11-14,62.673301696777344
2008-11-17,61.841224670410156
2008-11-18,63.006141662597656
2008-11-19,58.96876907348633
2008-11-20,54.59134292602539
2008-11-21,57.53615188598633
2008-11-24,61.52287673950195
2008-11-25,61.97870635986328
2008-11-26,64.3736343383789
2008-11-28,65.18399047851562
2008-12-01,59.41011047363281
2008-12-02,61.696556091308594
2008-12-03,63.17980194091797
2008-12-04,61.71821212768555
2008-12-05,63.62114715576172
2008-12-08,65.84243774414062
2008-12-09,64.7571029663086
2008-12-10,65.19844818115234
2008-12-11,63.62839889526367
2008-12-12,64.38811492919922
2008-12-15,63.49089813232422
2008-12-16,66.4791259765625
2008-12-17,65.83521270751953
2008-12-18,64.60515594482422
2008-12-19,64.32725524902344
2008-12-22,63.503028869628906
2008-12-23,62.846553802490234
2008-12-24,63.21126937866211
2008-12-26,63.57595443725586
2008-12-29,63.39360427856445
2008-12-30,64.89619445800781
2008-12-31,65.82254028320312
2009-01-02,67.80659484863281
2009-01-05,67.72634887695312
2009-01-06,68.17857360839844
2009-01-07,66.1362075805664
2009-01-08,66.40612030029297
2009-01-09,64.98374938964844
2009-01-12,63.42277526855469
2009-01-13,63.53948974609375
2009-01-14,61.5408935546875
2009-01-15,61.562747955322266
2009-01-16,62.044185638427734
2009-01-20,58.769081115722656
2009-01-21,61.30747985839844
2009-01-22,60.35923385620117
2009-01-23,60.62181091308594
2009-01-26,61.037601470947266
2009-01-27,61.6575927734375
2009-01-28,63.74372100830078
2009-01-29,61.67216873168945
2009-01-30,60.417572021484375
2009-02-02,60.23524856567383
2009-02-03,61.08136749267578
2009-02-04,60.78226852416992
2009-02-05,61.686737060546875
2009-02-06,63.44468688964844
2009-02-09,63.53219985961914
2009-02-10,60.62181091308594
2009-02-11,60.979244232177734
2009-02-12,61.02298355102539
2009-02-13,60.366554260253906
2009-02-17,57.78440475463867
2009-02-18,57.64580154418945
2009-02-19,57.025787353515625
2009-02-20,56.4714241027832
2009-02-23,54.45098114013672
2009-02-24,56.51519775390625
2009-02-25,56.070274353027344
2009-02-26,55.158504486083984
2009-02-27,53.92577362060547
2009-03-02,51.4968376159668
2009-03-03,51.1102180480957
2009-03-04,52.321067810058594
2009-03-05,50.18387985229492
2009-03-06,50.27139663696289
2009-03-09,49.68059539794922
2009-03-10,52.642005920410156
2009-03-11,52.98482894897461
2009-03-12,55.07095718383789
2009-03-13,55.501285552978516
2009-03-16,55.33354949951172
2009-03-17,57.025787353515625
2009-03-18,58.302284240722656
2009-03-19,57.580162048339844
2009-03-20,56.35404968261719
2009-03-23,60.40190505981445
2009-03-24,59.21178436279297
2009-03-25,59.83622741699219
2009-03-26,61.055728912353516
2009-03-27,59.95378112792969
2009-03-30,57.88209533691406
2009-03-31,58.418373107910156
2009-04-01,59.54970932006836
2009-04-02,61.29083251953125
2009-04-03,61.90058898925781
2009-04-06,61.415687561035156
2009-04-07,59.983150482177734
2009-04-08,60.629615783691406
2009-04-09,63.03929138183594
2009-04-13,63.053924560546875
2009-04-14,61.966678619384766
2009-04-15,62.62786102294922
2009-04-16,63.54615020751953
2009-04-17,63.97224044799805
2009-04-20,61.29083251953125
2009-04-21,62.48828125
2009-04-22,62.10625457763672
2009-04-23,62.715999603271484
2009-04-24,63.663692474365234
2009-04-27,63.06130599975586
2009-04-28,62.862918853759766
2009-04-29,64.19998931884766
2009-04-30,64.22200775146484
2009-05-01,64.5672607421875
2009-05-04,66.76385498046875
2009-05-05,66.53614044189453
2009-05-06,67.68950653076172
2009-05-07,66.7491683959961
2009-05-08,68.3066177368164
2009-05-11,67.02833557128906
2009-05-12,66.82998657226562
2009-05-13,65.14765930175781
2009-05-14,65.70600128173828
2009-05-15,65.16969299316406
2009-05-18,67.02100372314453
2009-05-19,66.94017791748047
2009-05-20,66.49202728271484
2009-05-21,65.53703308105469
2009-05-22,65.39742279052734
2009-05-26,67.07241821289062
2009-05-27,65.87493133544922
2009-05-28,66.79324340820312
2009-05-29,67.97600555419922
2009-06-01,69.62158203125
2009-06-02,69.68034362792969
2009-06-03,68.79882049560547
2009-06-04,69.4452896118164
2009-06-05,69.45997619628906
2009-06-08,69.17345428466797
2009-06-09,69.52611541748047
2009-06-10,69.34977722167969
2009-06-11,69.6583251953125
2009-06-12,69.84932708740234
2009-06-15,68.24784088134766
2009-06-16,67.32220458984375
2009-06-17,67.25605010986328
2009-06-18,67.74826049804688
2009-06-19,67.99800109863281
2009-06-22,65.95894622802734
2009-06-23,66.01062774658203
2009-06-24,66.5794906616211
2009-06-25,68.02753448486328
2009-06-26,67.8502197265625
2009-06-29,68.48558807373047
2009-06-30,67.93145751953125
2009-07-01,68.21222686767578
2009-07-02,66.3504867553711
2009-07-06,66.34310150146484
2009-07-07,65.05760955810547
2009-07-08,65.01327514648438
2009-07-09,65.13890075683594
2009-07-10,64.98372650146484
2009-07-13,66.56473541259766
2009-07-14,66.9415512084961
2009-07-15,68.89927673339844
2009-07-16,68.78849792480469
2009-07-17,69.54205322265625
2009-07-20,70.28085327148438
2009-07-21,70.60591888427734
2009-07-22,70.59112548828125
2009-07-23,72.14997100830078
2009-07-24,72.44548034667969
2009-07-27,72.65972137451172
2009-07-28,72.31991577148438
2009-07-29,72.14259338378906
2009-07-30,72.89612579345703
2009-07-31,72.99957275390625
2009-08-03,74.20381927490234
2009-08-04,74.39588165283203
2009-08-05,74.18163299560547
2009-08-06,73.7974624633789
2009-08-07,74.76526641845703
2009-08-10,74.61012268066406
2009-08-11,73.67924499511719
2009-08-12,74.46978759765625
2009-08-13,75.03861999511719
2009-08-14,74.4623794555664
2009-08-17,72.63017272949219
2009-08-18,73.20642852783203
2009-08-19,73.84918212890625
2009-08-20,74.61012268066406
2009-08-21,76.07293701171875
2009-08-24,76.06553649902344
2009-08-25,76.21333312988281
2009-08-26,76.22067260742188
2009-08-27,76.39057159423828
2009-08-28,76.37584686279297
2009-08-31,75.6961441040039
2009-09-01,74.0264892578125
2009-09-02,73.74571228027344
2009-09-03,74.35894775390625
2009-09-04,75.40064239501953
2009-09-08,76.0507583618164
2009-09-09,76.6344223022461
2009-09-10,77.41751098632812
2009-09-11,77.40272521972656
2009-09-14,77.77954864501953
2009-09-15,78.10462188720703
2009-09-16,79.28662109375
2009-09-17,79.16844177246094
2009-09-18,79.21893310546875
2009-09-21,79.01848602294922
2009-09-22,79.47871398925781
2009-09-23,78.81806945800781
2009-09-24,77.9496078491211
2009-09-25,77.53390502929688
2009-09-28,78.92202758789062
2009-09-29,78.68446350097656
2009-09-30,78.380126953125
2009-10-01,76.4352798461914
2009-10-02,76.07897186279297
2009-10-05,77.21471405029297
2009-10-06,78.32072448730469
2009-10-07,78.53600311279297
2009-10-08,79.13729095458984
2009-10-09,79.6197738647461
2009-10-12,79.93154907226562
2009-10-13,79.76822662353516
2009-10-14,81.1415023803711
2009-10-15,81.43840789794922
2009-10-16,80.8297119140625
2009-10-19,81.4978256225586
2009-10-20,81.06724548339844
2009-10-21,80.33980560302734
2009-10-22,81.1563491821289
2009-10-23,80.22845458984375
2009-10-26,79.35997772216797
2009-10-27,78.99620819091797
2009-10-28,77.50418853759766
2009-10-29,79.16696166992188
2009-10-30,76.87325286865234
2009-11-02,77.4374008178711
2009-11-03,77.68235778808594
2009-11-04,77.88275909423828
2009-11-05,79.3154067993164
2009-11-06,79.5232925415039
2009-11-09,81.33448791503906
2009-11-10,81.34935760498047
2009-11-11,81.76507568359375
2009-11-12,80.93367004394531
2009-11-13,81.3716049194336
2009-11-16,82.5518798828125
2009-11-17,82.64836883544922
2009-11-18,82.59642028808594
2009-11-19,81.52008056640625
2009-11-20,81.23058319091797
2009-11-23,82.26236724853516
2009-11-24,82.38858032226562
2009-11-25,82.67808532714844
2009-11-27,81.33448791503906
2009-11-30,81.6091537475586
2009-12-01,82.61870574951172
2009-12-02,82.58155822753906
2009-12-03,81.93577575683594
2009-12-04,82.40343475341797
2009-12-07,82.27722930908203
2009-12-08,81.36420440673828
2009-12-09,81.66856384277344
2009-12-10,82.12876892089844
2009-12-11,82.47764587402344
2009-12-14,83.04183197021484
2009-12-15,82.65579223632812
2009-12-16,82.78199005126953
2009-12-17,81.78729248046875
2009-12-18,82.25000762939453
2009-12-21,83.08589935302734
2009-12-22,83.38438415527344
2009-12-23,83.548583984375
2009-12-24,83.9441146850586
2009-12-28,84.12322235107422
2009-12-29,84.00385284423828
2009-12-30,83.97396087646484
2009-12-31,83.16796112060547
2010-01-04,84.57848358154297
2010-01-05,84.80237579345703
2010-01-06,84.86207580566406
2010-01-07,85.22028350830078
2010-01-08,85.50390625
2010-01-11,85.62327575683594
2010-01-12,84.82476806640625
2010-01-13,85.54119873046875
2010-01-14,85.77254486083984
2010-01-15,84.80985260009766
2010-01-19,85.86957550048828
2010-01-20,84.99640655517578
2010-01-21,83.36198425292969
2010-01-22,81.50373077392578
2010-01-25,81.921630859375
2010-01-26,81.57835388183594
2010-01-27,81.96643829345703
2010-01-28,81.02606964111328
2010-01-29,80.14546203613281
2010-02-01,81.3917465209961
2010-02-02,82.37689208984375
2010-02-03,81.96643829345703
2010-02-04,79.43646240234375
2010-02-05,79.60063934326172
2010-02-08,79.02599334716797
2010-02-09,80.01856994628906
2010-02-10,79.86186981201172
2010-02-11,80.69769287109375
2010-02-12,80.63053131103516
2010-02-16,81.89923095703125
2010-02-17,82.28732299804688
2010-02-18,82.77242279052734
2010-02-19,82.94408416748047
2010-02-22,82.95899963378906
2010-02-23,81.9515151977539
2010-02-24,82.70526885986328
2010-02-25,82.59329223632812
2010-02-26,82.64557647705078
2010-03-01,83.5037841796875
2010-03-02,83.73513793945312
2010-03-03,83.809814453125
2010-03-04,84.06356048583984
2010-03-05,85.26506042480469
2010-03-08,85.2800064086914
2010-03-09,85.42179870605469
2010-03-10,85.80240631103516
2010-03-11,86.16065216064453
2010-03-12,86.1681137084961
2010-03-15,86.19048309326172
2010-03-16,86.8770980834961
2010-03-17,87.39205932617188
2010-03-18,87.34723663330078
2010-03-19,86.9051513671875
2010-03-22,87.36972045898438
2010-03-23,87.98422241210938
2010-03-24,87.55706787109375
2010-03-25,87.41470336914062
2010-03-26,87.36225128173828
2010-03-29,87.91681671142578
2010-03-30,87.97673034667969
2010-03-31,87.677001953125
2010-04-01,88.27648162841797
2010-04-05,88.99588775634766
2010-04-06,89.20574951171875
2010-04-07,88.69612884521484
2010-04-08,89.00336456298828
2010-04-09,89.58789825439453
2010-04-12,89.73030090332031
2010-04-13,89.79773712158203
2010-04-14,90.81690979003906
2010-04-15,90.89180755615234
2010-04-16,89.44547271728516
2010-04-19,89.78272247314453
2010-04-20,90.58457946777344
2010-04-21,90.41973114013672
2010-04-22,90.68949890136719
2010-04-23,91.28150177001953
2010-04-26,90.93677520751953
2010-04-27,88.78604125976562
2010-04-28,89.46051025390625
2010-04-29,90.569580078125
2010-04-30,89.03337860107422
2010-05-03,90.1873779296875
2010-05-04,88.06668090820312
2010-05-05,87.5421142578125
2010-05-06,84.63451385498047
2010-05-07,83.37557983398438
2010-05-10,87.04751586914062
2010-05-11,86.80023956298828
2010-05-12,88.01417541503906
2010-05-13,86.92010498046875
2010-05-14,85.346435546875
2010-05-17,85.39137268066406
2010-05-18,84.22985076904297
2010-05-19,83.75023651123047
2010-05-20,80.58790588378906
2010-05-21,81.7643814086914
2010-05-24,80.71527862548828
2010-05-25,80.79769897460938
2010-05-26,80.31062316894531
2010-05-27,83.00089263916016
2010-05-28,81.9592514038086
2010-06-01,80.58038330078125
2010-06-02,82.67866516113281
2010-06-03,82.96340942382812
2010-06-04,80.04833221435547
2010-06-07,79.05165100097656
2010-06-08,79.89847564697266
2010-06-09,79.47132873535156
2010-06-10,81.79438018798828
2010-06-11,82.19156646728516
2010-06-14,82.06417083740234
2010-06-15,83.93013000488281
2010-06-16,83.9001235961914
2010-06-17,84.03500366210938
2010-06-18,84.12610626220703
2010-06-21,83.88517761230469
2010-06-22,82.499755859375
2010-06-23,82.2437744140625
2010-06-24,80.8809585571289
2010-06-25,81.21977233886719
2010-06-28,80.96376037597656
2010-06-29,78.4640121459961
2010-06-30,77.71859741210938
2010-07-01,77.37224578857422
2010-07-02,76.95059204101562
2010-07-06,77.4551010131836
2010-07-07,79.89458465576172
2010-07-08,80.68518829345703
2010-07-09,81.28752136230469
2010-07-12,81.34024810791016
2010-07-13,82.56753540039062
2010-07-14,82.56002044677734
2010-07-15,82.58258819580078
2010-07-16,80.30870819091797
2010-07-19,80.78309631347656
2010-07-20,81.67906951904297
2010-07-21,80.61741638183594
2010-07-22,82.41693878173828
2010-07-23,83.13224792480469
2010-07-26,83.99812316894531
2010-07-27,83.99063110351562
2010-07-28,83.448486328125
2010-07-29,83.04190826416016
2010-07-30,83.02681732177734
2010-08-02,84.90164947509766
2010-08-03,84.49507904052734
2010-08-04,85.05976104736328
2010-08-05,84.96942901611328
2010-08-06,84.62306213378906
2010-08-09,85.0748291015625
2010-08-10,84.61556243896484
2010-08-11,82.29649353027344
2010-08-12,81.79203033447266
2010-08-13,81.55107879638672
2010-08-16,81.51339721679688
2010-08-17,82.51481628417969
2010-08-18,82.66544342041016
2010-08-19,81.2273178100586
2010-08-20,80.96376037597656
2010-08-23,80.65507507324219
2010-08-24,79.4578857421875
2010-08-25,79.76660919189453
2010-08-26,79.23201751708984
2010-08-27,80.45930480957031
2010-08-30,79.2922592163086
2010-08-31,79.2922592163086
2010-09-01,81.66400146484375
2010-09-02,82.42449188232422
2010-09-03,83.49366760253906
2010-09-07,82.55248260498047
2010-09-08,83.13224792480469
2010-09-09,83.51624298095703
2010-09-10,83.93790435791016
2010-09-13,84.87152099609375
2010-09-14,84.81884765625
2010-09-15,85.1426010131836
2010-09-16,85.11998748779297
2010-09-17,85.15184020996094
2010-09-20,86.45378875732422
2010-09-21,86.27970886230469
2010-09-22,85.85579681396484
2010-09-23,85.15937805175781
2010-09-24,86.91554260253906
2010-09-27,86.49922180175781
2010-09-28,86.80200958251953
2010-09-29,86.65059661865234
2010-09-30,86.39327239990234
2010-10-01,86.75662231445312
2010-10-04,86.10558319091797
2010-10-05,87.83905792236328
2010-10-06,87.83147430419922
2010-10-07,87.72550201416016
2010-10-08,88.21755981445312
2010-10-11,88.30078887939453
2010-10-12,88.57331848144531
2010-10-13,89.26217651367188
2010-10-14,88.9139404296875
2010-10-15,89.09564208984375
2010-10-18,89.53468322753906
2010-10-19,88.36137390136719
2010-10-20,89.22430419921875
2010-10-21,89.42113494873047
2010-10-22,89.58765411376953
2010-10-25,89.85259246826172
2010-10-26,89.86772918701172
2010-10-27,89.61036682128906
2010-10-28,89.62550354003906
2010-10-29,89.69361877441406
2010-11-01,89.72392272949219
2010-11-02,90.43546295166016
2010-11-03,90.79881286621094
2010-11-04,92.54742431640625
2010-11-05,92.89562225341797
2010-11-08,92.7215347290039
2010-11-09,92.05537414550781
2010-11-10,92.42628479003906
2010-11-11,92.07807922363281
2010-11-12,90.98806762695312
2010-11-15,90.8593978881836
2010-11-16,89.44383239746094
2010-11-17,89.4892349243164
2010-11-18,90.8063735961914
2010-11-19,91.05619812011719
2010-11-22,90.98049926757812
2010-11-23,89.66336822509766
2010-11-24,90.98806762695312
2010-11-26,89.92830657958984
2010-11-29,90.20082092285156
2010-11-30,89.69361877441406
2010-12-01,91.60121154785156
2010-12-02,92.77452087402344
2010-12-03,93.0243148803711
2010-12-06,92.92591094970703
2010-12-07,92.9789047241211
2010-12-08,93.31956481933594
2010-12-09,93.6828842163086
2010-12-10,94.2279052734375
2010-12-13,94.28842163085938
2010-12-14,94.3717269897461
2010-12-15,93.94025421142578
2010-12-16,94.48526763916016
2010-12-17,94.58646392822266
2010-12-20,94.81478881835938
2010-12-21,95.41594696044922
2010-12-22,95.71268463134766
2010-12-23,95.5757064819336
2010-12-27,95.6137924194336
2010-12-28,95.75074005126953
2010-12-29,95.81922149658203
2010-12-30,95.66703033447266
2010-12-31,95.68986511230469
2011-01-03,96.67912292480469
2011-01-04,96.62583923339844
2011-01-05,97.12806701660156
2011-01-06,96.93780517578125
2011-01-07,96.74759674072266
2011-01-10,96.62583923339844
2011-01-11,96.96825408935547
2011-01-12,97.8433609008789
2011-01-13,97.68353271484375
2011-01-14,98.39127349853516
2011-01-18,98.55864715576172
2011-01-19,97.59227752685547
2011-01-20,97.46290588378906
2011-01-21,97.68353271484375
2011-01-24,98.23906707763672
2011-01-25,98.29231262207031
2011-01-26,98.67278289794922
2011-01-27,98.91631317138672
2011-01-28,97.18892669677734
2011-01-31,97.91947174072266
2011-02-01,99.48703002929688
2011-02-02,99.29679870605469
2011-02-03,99.51746368408203
2011-02-04,99.79901123046875
2011-02-07,100.42298889160156
2011-02-08,100.87959289550781
2011-02-09,100.65127563476562
2011-02-10,100.68933868408203
2011-02-11,101.29047393798828
2011-02-14,101.5339584350586
2011-02-15,101.21436309814453
2011-02-16,101.85360717773438
2011-02-17,102.15797424316406
2011-02-18,102.37104034423828
2011-02-22,100.3164291381836
2011-02-23,99.70006561279297
2011-02-24,99.63159942626953
2011-02-25,100.69693756103516
2011-02-28,101.32095336914062
2011-03-01,99.63159942626953
2011-03-02,99.84467315673828
2011-03-03,101.56444549560547
2011-03-04,100.80345916748047
2011-03-07,100.01206970214844
2011-03-08,100.88719940185547
2011-03-09,100.74259185791016
2011-03-10,98.87826538085938
2011-03-11,99.5631332397461
2011-03-14,98.96199035644531
2011-03-15,97.82813262939453
2011-03-16,96.0170669555664
2011-03-17,97.2878646850586
2011-03-18,97.64171600341797
2011-03-21,99.15496826171875
2011-03-22,98.81099700927734
2011-03-23,99.09381866455078
2011-03-24,100.04150390625
2011-03-25,100.34717559814453
2011-03-28,100.10261535644531
2011-03-29,100.7751693725586
2011-03-30,101.47069549560547
2011-03-31,101.33309173583984
2011-04-01,101.76109313964844
2011-04-04,101.8451156616211
2011-04-05,101.82984924316406
2011-04-06,102.15083312988281
2011-04-07,101.89098358154297
2011-04-08,101.5394287109375
2011-04-11,101.23371887207031
2011-04-12,100.47711944580078
2011-04-13,100.46947479248047
2011-04-14,100.54590606689453
2011-04-15,100.9127197265625
2011-04-18,99.78166961669922
2011-04-19,100.3548355102539
2011-04-20,101.72286987304688
2011-04-21,102.2425537109375
2011-04-25,102.13555908203125
2011-04-26,103.01444244384766
2011-04-27,103.68700408935547
2011-04-28,104.02326965332031
2011-04-29,104.2678451538086
2011-05-02,104.10733032226562
2011-05-03,103.73286437988281
2011-05-04,103.0450439453125
2011-05-05,102.11261749267578
2011-05-06,102.56353759765625
2011-05-09,102.96092987060547
2011-05-10,103.83982849121094
2011-05-11,102.74697875976562
2011-05-12,103.23609161376953
2011-05-13,102.4412612915039
2011-05-16,101.79164123535156
2011-05-17,101.7763671875
2011-05-18,102.68583679199219
2011-05-19,102.93040466308594
2011-05-20,102.11261749267578
2011-05-23,100.92801666259766
2011-05-24,100.84394836425781
2011-05-25,101.18020629882812
2011-05-26,101.64643096923828
2011-05-27,102.03620147705078
2011-05-31,103.09849548339844
2011-06-01,100.78282165527344
2011-06-02,100.67584228515625
2011-06-03,99.67462921142578
2011-06-06,98.6199722290039
2011-06-07,98.5588150024414
2011-06-08,98.14613342285156
2011-06-09,98.89509582519531
2011-06-10,97.51943969726562
2011-06-13,97.59584045410156
2011-06-14,98.83394622802734
2011-06-15,97.07615661621094
2011-06-16,97.2901611328125
2011-06-17,97.58045959472656
2011-06-20,98.07969665527344
2011-06-21,99.42377471923828
2011-06-22,98.8247299194336
2011-06-23,98.54056549072266
2011-06-24,97.3961410522461
2011-06-27,98.26405334472656
2011-06-28,99.54666137695312
2011-06-29,100.39921569824219
2011-06-30,101.35926055908203
2011-07-01,102.8569564819336
2011-07-05,102.77250671386719
2011-07-06,102.8953628540039
2011-07-07,103.96297454833984
2011-07-08,103.22563934326172
2011-07-11,101.35926055908203
2011-07-12,100.92147827148438
2011-07-13,101.25942993164062
2011-07-14,100.56051635742188
2011-07-15,101.14424133300781
2011-07-18,100.3147201538086
2011-07-19,101.9429931640625
2011-07-20,101.88156127929688
2011-07-21,103.29473114013672
2011-07-22,103.3638687133789
2011-07-25,102.78783416748047
2011-07-26,102.40380859375
2011-07-27,100.30705261230469
2011-07-28,100.01521301269531
2011-07-29,99.33162689208984
2011-08-01,98.90919494628906
2011-08-02,96.38231658935547
2011-08-03,96.90460205078125
2011-08-04,92.36543273925781
2011-08-05,92.22721862792969
2011-08-08,86.22107696533203
2011-08-09,90.23028564453125
2011-08-10,86.24409484863281
2011-08-11,90.11505126953125
2011-08-12,90.72183990478516
2011-08-15,92.64192199707031
2011-08-16,91.85083770751953
2011-08-17,91.91226959228516
2011-08-18,87.94915008544922
2011-08-19,86.512939453125
2011-08-22,86.5820083618164
2011-08-23,89.43148040771484
2011-08-24,90.69107818603516
2011-08-25,89.30860137939453
2011-08-26,90.60660552978516
2011-08-29,93.2103042602539
2011-08-30,93.4560775756836
2011-08-31,93.87080383300781
2011-09-01,92.88772583007812
2011-09-02,90.51446533203125
2011-09-06,89.8539047241211
2011-09-07,92.38848876953125
2011-09-08,91.42843627929688
2011-09-09,89.03208923339844
2011-09-12,89.60813903808594
2011-09-13,90.4299545288086
2011-09-14,91.68186950683594
2011-09-15,93.26405334472656
2011-09-16,93.8160400390625
2011-09-19,92.88191223144531
2011-09-20,92.7738265991211
2011-09-21,90.04085540771484
2011-09-22,87.1303482055664
2011-09-23,87.65531158447266
2011-09-26,89.73976135253906
2011-09-27,90.7433853149414
2011-09-28,88.89055633544922
2011-09-29,89.59307098388672
2011-09-30,87.35420227050781
2011-10-03,84.86832427978516
2011-10-04,86.72887420654297
2011-10-05,88.33468627929688
2011-10-06,89.93277740478516
2011-10-07,89.33060455322266
2011-10-10,92.31834411621094
2011-10-11,92.41095733642578
2011-10-12,93.22158813476562
2011-10-13,93.03630065917969
2011-10-14,94.62664794921875
2011-10-17,92.82011413574219
2011-10-18,94.63438415527344
2011-10-19,93.51495361328125
2011-10-20,93.92411041259766
2011-10-21,95.70748138427734
2011-10-24,96.88096618652344
2011-10-25,94.99723052978516
2011-10-26,95.96223449707031
2011-10-27,99.30509948730469
2011-10-28,99.28196716308594
2011-10-31,96.88871002197266
2011-11-01,94.18661499023438
2011-11-02,95.72293853759766
2011-11-03,97.46771240234375
2011-11-04,96.8732681274414
2011-11-07,97.47541809082031
2011-11-08,98.72610473632812
2011-11-09,95.0821533203125
2011-11-10,95.97769927978516
2011-11-11,97.78424072265625
2011-11-14,96.85779571533203
2011-11-15,97.33647155761719
2011-11-16,95.79241180419922
2011-11-17,94.27153015136719
2011-11-18,94.17118072509766
2011-11-21,92.38011169433594
2011-11-22,92.0172348022461
2011-11-23,89.98680114746094
2011-11-25,89.81695556640625
2011-11-28,92.418701171875
2011-11-29,92.68118286132812
2011-11-30,96.49495697021484
2011-12-01,96.47953796386719
2011-12-02,96.39459991455078
2011-12-05,97.44456481933594
2011-12-06,97.47541809082031
2011-12-07,97.8382797241211
2011-12-08,95.69205474853516
2011-12-09,97.31332397460938
2011-12-12,95.89278411865234
2011-12-13,94.99723052978516
2011-12-14,93.9858627319336
2011-12-15,94.32557678222656
2011-12-16,94.46540832519531
2011-12-19,93.45542907714844
2011-12-20,96.28340148925781
2011-12-21,96.46988677978516
2011-12-22,97.32447052001953
2011-12-23,98.19461822509766
2011-12-27,98.2723159790039
2011-12-28,96.98263549804688
2011-12-29,97.98484802246094
2011-12-30,97.50313568115234
2012-01-03,99.05701446533203
2012-01-04,99.2123794555664
2012-01-05,99.4765396118164
2012-01-06,99.22016906738281
2012-01-09,99.46102142333984
2012-01-10,100.32339477539062
2012-01-11,100.37775421142578
2012-01-12,100.61857604980469
2012-01-13,100.09808349609375
2012-01-17,100.48651885986328
2012-01-18,101.5975341796875
2012-01-19,102.13362121582031
2012-01-20,102.5142822265625
2012-01-23,102.2501449584961
2012-01-24,102.13362121582031
2012-01-25,102.98820495605469
2012-01-26,102.45991516113281
2012-01-27,102.41329956054688
2012-01-30,102.06365966796875
2012-01-31,102.02484130859375
2012-02-01,102.91828918457031
2012-02-02,103.08143615722656
2012-02-03,104.5264892578125
2012-02-06,104.45660400390625
2012-02-07,104.72074890136719
2012-02-08,105.0314712524414
2012-02-09,105.16360473632812
2012-02-10,104.38668060302734
2012-02-13,105.16360473632812
2012-02-14,105.0314712524414
2012-02-15,104.54203796386719
2012-02-16,105.69964599609375
2012-02-17,105.9793701171875
2012-02-21,106.0259780883789
2012-02-22,105.68411254882812
2012-02-23,106.15026092529297
2012-02-24,106.38335418701172
2012-02-27,106.56200408935547
2012-02-28,106.87278747558594
2012-02-29,106.45329284667969
2012-03-01,107.00487518310547
2012-03-02,106.67857360839844
2012-03-05,106.24349212646484
2012-03-06,104.68965148925781
2012-03-07,105.41995239257812
2012-03-08,106.46878051757812
2012-03-09,106.88058471679688
2012-03-12,106.88835144042969
2012-03-13,108.81507873535156
2012-03-14,108.69860076904297
2012-03-15,109.3279037475586
2012-03-16,109.47926330566406
2012-03-19,109.90840148925781
2012-03-20,109.5885009765625
2012-03-21,109.40898132324219
2012-03-22,108.62090301513672
2012-03-23,108.9720458984375
2012-03-26,110.50151824951172
2012-03-27,110.15814208984375
2012-03-28,109.6119155883789
2012-03-29,109.42465209960938
2012-03-30,109.87721252441406
2012-04-02,110.680908203125
2012-04-03,110.22832489013672
2012-04-04,109.13589477539062
2012-04-05,109.0813217163086
2012-04-09,107.85619354248047
2012-04-10,106.04576873779297
2012-04-11,106.90416717529297
2012-04-12,108.30096435546875
2012-04-13,107.0134506225586
2012-04-16,106.94318389892578
2012-04-17,108.52725219726562
2012-04-18,108.16048431396484
2012-04-19,107.4659652709961
2012-04-20,107.6454849243164
2012-04-23,106.74029541015625
2012-04-24,107.14605712890625
2012-04-25,108.61304473876953
2012-04-26,109.37000274658203
2012-04-27,109.54954528808594
2012-04-30,109.14371490478516
2012-05-01,109.82262420654297
2012-05-02,109.494873046875
2012-05-03,108.6598892211914
2012-05-04,106.90416717529297
2012-05-07,106.98222351074219
2012-05-08,106.55306243896484
2012-05-09,105.92096710205078
2012-05-10,106.13947296142578
2012-05-11,105.81951904296875
2012-05-14,104.64905548095703
2012-05-15,104.04817199707031
2012-05-16,103.6502456665039
2012-05-17,102.11304473876953
2012-05-18,101.23902893066406
2012-05-21,102.97915649414062
2012-05-22,103.15866088867188
2012-05-23,103.2132568359375
2012-05-24,103.41612243652344
2012-05-25,103.08060455322266
2012-05-29,104.3291015625
2012-05-30,102.81525421142578
2012-05-31,102.5889892578125
2012-06-01,100.0061264038086
2012-06-04,99.95934295654297
2012-06-05,100.71623992919922
2012-06-06,102.97915649414062
2012-06-07,103.04159545898438
2012-06-08,103.86090850830078
2012-06-11,102.54218292236328
2012-06-12,103.72047424316406
2012-06-13,103.05718231201172
2012-06-14,104.149658203125
2012-06-15,105.2148208618164
2012-06-18,105.41873168945312
2012-06-19,106.43841552734375
2012-06-20,106.265869140625
2012-06-21,103.88138580322266
2012-06-22,104.68145751953125
2012-06-25,103.00289154052734
2012-06-26,103.52054595947266
2012-06-27,104.45399475097656
2012-06-28,104.15589141845703
2012-06-29,106.75216674804688
2012-07-02,107.07378387451172
2012-07-03,107.7796859741211
2012-07-05,107.29336547851562
2012-07-06,106.27371978759766
2012-07-09,106.14031982421875
2012-07-10,105.2148208618164
2012-07-11,105.23052978515625
2012-07-12,104.72066497802734
2012-07-13,106.47763061523438
2012-07-16,106.22661590576172
2012-07-17,106.95608520507812
2012-07-18,107.7483139038086
2012-07-19,108.03069305419922
2012-07-20,107.04238891601562
2012-07-23,105.95997619628906
2012-07-24,105.05008697509766
2012-07-25,105.0736083984375
2012-07-26,106.8071060180664
2012-07-27,108.77582550048828
2012-07-30,108.77582550048828
2012-07-31,108.01497650146484
2012-08-01,107.92086791992188
2012-08-02,107.17570495605469
2012-08-03,109.30137634277344
2012-08-06,109.51307678222656
2012-08-07,110.06221008300781
2012-08-08,110.19554138183594
2012-08-09,110.28961944580078
2012-08-10,110.4700698852539
2012-08-13,110.41514587402344
2012-08-14,110.43087768554688
2012-08-15,110.55633544921875
2012-08-16,111.3720932006836
2012-08-17,111.5210952758789
2012-08-20,111.52893829345703
2012-08-21,111.19171142578125
2012-08-22,111.23876953125
2012-08-23,110.32891845703125
2012-08-24,110.99561309814453
2012-08-27,111.01913452148438
2012-08-28,110.90928649902344
2012-08-29,110.99561309814453
2012-08-30,110.19554138183594
2012-08-31,110.7210922241211
2012-09-04,110.61910247802734
2012-09-05,110.52494812011719
2012-09-06,112.76826477050781
2012-09-07,113.20745849609375
2012-09-10,112.5643081665039
2012-09-11,112.87802124023438
2012-09-12,113.25457763671875
2012-09-13,114.98016357421875
2012-09-14,115.49002075195312
2012-09-17,115.09786224365234
2012-09-18,115.003662109375
2012-09-19,115.0664291381836
2012-09-20,115.07431030273438
2012-09-21,115.02619171142578
2012-09-24,114.8526840209961
2012-09-25,113.63046264648438
2012-09-26,112.99171447753906
2012-09-27,114.0562744140625
2012-09-28,113.52792358398438
2012-10-01,113.82758331298828
2012-10-02,113.94585418701172
2012-10-03,114.4111099243164
2012-10-04,115.23123931884766
2012-10-05,115.2391128540039
2012-10-08,114.84481811523438
2012-10-09,113.70928955078125
2012-10-10,112.98383331298828
2012-10-11,113.04691314697266
2012-10-12,112.6762924194336
2012-10-15,113.61466979980469
2012-10-16,114.76595306396484
2012-10-17,115.2863998413086
2012-10-18,114.98677062988281
2012-10-19,113.0705337524414
2012-10-22,113.08634185791016
2012-10-23,111.51714324951172
2012-10-24,111.20174407958984
2012-10-25,111.5250015258789
2012-10-26,111.46192169189453
2012-10-31,111.46192169189453
2012-11-01,112.62899780273438
2012-11-02,111.6275405883789
2012-11-05,111.85621643066406
2012-11-06,112.73151397705078
2012-11-07,110.1766128540039
2012-11-08,108.85182189941406
2012-11-09,108.9464340209961
2012-11-12,109.033203125
2012-11-13,108.65469360351562
2012-11-14,107.18798828125
2012-11-15,107.00659942626953
2012-11-16,107.534912109375
2012-11-19,109.71133422851562
2012-11-20,109.75863647460938
2012-11-21,109.96367645263672
2012-11-23,111.46192169189453
2012-11-26,111.22539520263672
2012-11-27,110.6576156616211
2012-11-28,111.54865264892578
2012-11-29,112.06909942626953
2012-11-30,112.0927505493164
2012-12-03,111.54082489013672
2012-12-04,111.38309478759766
2012-12-05,111.5802001953125
2012-12-06,111.958740234375
2012-12-07,112.29779052734375
2012-12-10,112.34510040283203
2012-12-11,113.10999298095703
2012-12-12,113.16520690917969
2012-12-13,112.47122955322266
2012-12-14,112.0533447265625
2012-12-17,113.37025451660156
2012-12-18,114.63191986083984
2012-12-19,113.7802963256836
2012-12-20,114.43475341796875
2012-12-21,113.39601135253906
2012-12-24,113.04661560058594
2012-12-26,112.57014465332031
2012-12-27,112.41923522949219
2012-12-28,111.2042465209961
2012-12-31,113.09427642822266
2013-01-02,115.99290466308594
2013-01-03,115.73082733154297
2013-01-04,116.23905181884766
2013-01-07,115.92142486572266
2013-01-08,115.58787536621094
2013-01-09,115.88168334960938
2013-01-10,116.80291748046875
2013-01-11,116.79497528076172
2013-01-14,116.715576171875
2013-01-15,116.79497528076172
2013-01-16,116.77911376953125
2013-01-17,117.53351593017578
2013-01-18,117.79560089111328
2013-01-22,118.43092346191406
2013-01-23,118.6214828491211
2013-01-24,118.65326690673828
2013-01-25,119.32036590576172
2013-01-28,119.17738342285156
2013-01-29,119.64596557617188
2013-01-30,119.17738342285156
2013-01-31,118.88359832763672
2013-02-01,120.1065902709961
2013-02-04,118.75655364990234
2013-02-05,119.9556655883789
2013-02-06,120.04300689697266
2013-02-07,119.88424682617188
2013-02-08,120.55133056640625
2013-02-11,120.5274887084961
2013-02-12,120.72602081298828
2013-02-13,120.82921600341797
2013-02-14,120.94042205810547
2013-02-15,120.79752349853516
2013-02-19,121.70280456542969
2013-02-20,120.18599700927734
2013-02-21,119.45540618896484
2013-02-22,120.62278747558594
2013-02-25,118.32764434814453
2013-02-26,119.1376953125
2013-02-27,120.63863372802734
2013-02-28,120.40045166015625
2013-03-01,120.79752349853516
2013-03-04,121.44066619873047
2013-03-05,122.5286865234375
2013-03-06,122.69551086425781
2013-03-07,122.91786193847656
2013-03-08,123.44200897216797
2013-03-11,123.91050720214844
2013-03-12,123.63256072998047
2013-03-13,123.80726623535156
2013-03-14,124.46637725830078
2013-03-15,124.30208587646484
2013-03-18,123.61608123779297
2013-03-19,123.32892608642578
2013-03-20,124.19041442871094
2013-03-21,123.1294937133789
2013-03-22,124.11856842041016
2013-03-25,123.6001205444336
2013-03-26,124.5892333984375
2013-03-27,124.5892333984375
2013-03-28,124.97213745117188
2013-04-01,124.47760009765625
2013-04-02,125.091796875
2013-04-03,123.823486328125
2013-04-04,124.32601165771484
2013-04-05,123.76763153076172
2013-04-08,124.60517120361328
2013-04-09,125.03592681884766
2013-04-10,126.56747436523438
2013-04-11,126.98233795166016
2013-04-12,126.67120361328125
2013-04-15,123.73576354980469
2013-04-16,125.56242370605469
2013-04-17,123.72779846191406
2013-04-18,122.95401763916016
2013-04-19,124.02291107177734
2013-04-22,124.57331085205078
2013-04-23,125.85755157470703
2013-04-24,125.93737030029297
2013-04-25,126.44786834716797
2013-04-26,126.2245101928711
2013-04-29,127.07003021240234
2013-04-30,127.37317657470703
2013-05-01,126.25639343261719
2013-05-02,127.42906188964844
2013-05-03,128.7212371826172
2013-05-06,129.04824829101562
2013-05-07,129.7023468017578
2013-05-08,130.29273986816406
2013-05-09,129.92572021484375
2013-05-10,130.34844970703125
2013-05-13,130.4522247314453
2013-05-14,131.80026245117188
2013-05-15,132.51019287109375
2013-05-16,131.88803100585938
2013-05-17,133.16433715820312
2013-05-20,133.15626525878906
2013-05-21,133.34779357910156
2013-05-22,132.3585968017578
2013-05-23,131.975830078125
2013-05-24,131.8640594482422
2013-05-28,132.65377807617188
2013-05-29,131.79232788085938
2013-05-30,132.27891540527344
2013-05-31,130.38034057617188
2013-06-03,131.09835815429688
2013-06-04,130.46810913085938
2013-06-05,128.64149475097656
2013-06-06,129.80609130859375
2013-06-07,131.45724487304688
2013-06-10,131.45724487304688
2013-06-11,130.10128784179688
2013-06-12,129.0243377685547
2013-06-13,130.9866943359375
2013-06-14,130.16497802734375
2013-06-17,131.17005920410156
2013-06-18,132.20706176757812
2013-06-19,130.38034057617188
2013-06-20,127.14984130859375
2013-06-21,127.5579605102539
2013-06-24,125.94612121582031
2013-06-25,127.15706634521484
2013-06-26,128.41604614257812
2013-06-27,129.1697540283203
2013-06-28,128.6405487060547
2013-07-01,129.3943634033203
2013-07-02,129.2740478515625
2013-07-03,129.33010864257812
2013-07-05,130.72549438476562
2013-07-08,131.4712371826172
2013-07-09,132.41746520996094
2013-07-10,132.46560668945312
2013-07-11,134.2698974609375
2013-07-12,134.32598876953125
2013-07-15,134.8392333984375
2013-07-16,134.33401489257812
2013-07-17,134.67881774902344
2013-07-18,135.41656494140625
2013-07-19,135.6571502685547
2013-07-22,135.92178344726562
2013-07-23,135.63307189941406
2013-07-24,135.1359405517578
2013-07-25,135.46466064453125
2013-07-26,135.6090087890625
2013-07-29,135.19204711914062
2013-07-30,135.19204711914062
2013-07-31,135.28826904296875
2013-08-01,136.85194396972656
2013-08-02,137.08448791503906
2013-08-05,136.88406372070312
2013-08-06,136.1061553955078
2013-08-07,135.6651611328125
2013-08-08,136.16233825683594
2013-08-09,135.76942443847656
2013-08-12,135.6090087890625
2013-08-13,136.00999450683594
2013-08-14,135.31236267089844
2013-08-15,133.41986083984375
2013-08-16,132.9788360595703
2013-08-19,132.12881469726562
2013-08-20,132.77830505371094
2013-08-21,131.9604034423828
2013-08-22,133.16326904296875
2013-08-23,133.61228942871094
2013-08-26,133.1151123046875
2013-08-27,130.97401428222656
2013-08-28,131.43919372558594
2013-08-29,131.6476287841797
2013-08-30,131.23065185546875
2013-09-03,131.82408142089844
2013-09-04,132.91464233398438
2013-09-05,133.08306884765625
2013-09-06,133.147216796875
2013-09-09,134.4222412109375
2013-09-10,135.41656494140625
2013-09-11,135.84156799316406
2013-09-12,135.480712890625
2013-09-13,135.78546142578125
2013-09-16,136.57130432128906
2013-09-17,137.18075561523438
2013-09-18,138.76853942871094
2013-09-19,138.5359649658203
2013-09-20,137.56739807128906
2013-09-23,136.9307861328125
2013-09-24,136.6084747314453
2013-09-25,136.21360778808594
2013-09-26,136.7374267578125
2013-09-27,136.10887145996094
2013-09-30,135.38360595703125
2013-10-01,136.45538330078125
2013-10-02,136.32644653320312
2013-10-03,135.0693359375
2013-10-04,136.09274291992188
2013-10-07,134.91629028320312
2013-10-08,133.34494018554688
2013-10-09,133.44163513183594
2013-10-10,136.31838989257812
2013-10-11,137.19674682617188
2013-10-14,137.74472045898438
2013-10-15,136.74542236328125
2013-10-16,138.6552734375
2013-10-17,139.5819091796875
2013-10-18,140.524658203125
2013-10-21,140.53277587890625
2013-10-22,141.3466796875
2013-10-23,140.66973876953125
2013-10-24,141.1370849609375
2013-10-25,141.7817840576172
2013-10-28,142.00735473632812
2013-10-29,142.76486206054688
2013-10-30,142.05572509765625
2013-10-31,141.65284729003906
2013-11-01,141.9912567138672
2013-11-04,142.49082946777344
2013-11-05,142.03961181640625
2013-11-06,142.76486206054688
2013-11-07,140.95980834960938
2013-11-08,142.86155700683594
2013-11-11,142.88572692871094
2013-11-12,142.595703125
2013-11-13,143.7399139404297
2013-11-14,144.45704650878906
2013-11-15,145.08560180664062
2013-11-18,144.57786560058594
2013-11-19,144.2636260986328
2013-11-20,143.81240844726562
2013-11-21,144.97276306152344
2013-11-22,145.69798278808594
2013-11-25,145.55291748046875
2013-11-26,145.59324645996094
2013-11-27,145.94775390625
2013-11-29,145.85105895996094
2013-12-02,145.4723663330078
2013-12-03,144.84378051757812
2013-12-04,144.82777404785156
2013-12-05,144.19110107421875
2013-12-06,145.80274963378906
2013-12-09,146.17344665527344
2013-12-10,145.64964294433594
2013-12-11,144.0138397216797
2013-12-12,143.53842163085938
2013-12-13,143.5222625732422
2013-12-16,144.416748046875
2013-12-17,143.95745849609375
2013-12-18,146.41513061523438
2013-12-19,146.24594116210938
2013-12-20,147.09661865234375
2013-12-23,147.8824462890625
2013-12-24,148.20652770996094
2013-12-26,148.9600067138672
2013-12-27,148.95196533203125
2013-12-30,148.9276580810547
2013-12-31,149.63253784179688
2014-01-02,148.1984405517578
2014-01-03,148.17417907714844
2014-01-06,147.74481201171875
2014-01-07,148.65213012695312
2014-01-08,148.68463134765625
2014-01-09,148.78182983398438
2014-01-10,149.18690490722656
2014-01-13,147.20199584960938
2014-01-14,148.80609130859375
2014-01-15,149.6082305908203
2014-01-16,149.41375732421875
2014-01-17,148.78182983398438
2014-01-21,149.2193145751953
2014-01-22,149.3165283203125
2014-01-23,148.09315490722656
2014-01-24,144.9334259033203
2014-01-27,144.22044372558594
2014-01-28,145.07925415039062
2014-01-29,143.68576049804688
2014-01-30,145.20895385742188
2014-01-31,144.35818481445312
2014-02-03,141.10939025878906
2014-02-04,142.0978240966797
2014-02-05,141.9195556640625
2014-02-06,143.79107666015625
2014-02-07,145.573486328125
2014-02-10,145.8408660888672
2014-02-11,147.4369354248047
2014-02-12,147.50979614257812
2014-02-13,148.2714080810547
2014-02-14,149.0897216796875
2014-02-18,149.2678985595703
2014-02-19,148.2794952392578
2014-02-20,149.15451049804688
2014-02-21,148.9843292236328
2014-02-24,149.8107452392578
2014-02-25,149.75401306152344
2014-02-26,149.76210021972656
2014-02-27,150.54803466796875
2014-02-28,150.92877197265625
2014-03-03,149.86744689941406
2014-03-04,151.9739227294922
2014-03-05,152.1116485595703
2014-03-06,152.46002197265625
2014-03-07,152.52474975585938
2014-03-10,152.44384765625
2014-03-11,151.69033813476562
2014-03-12,151.73086547851562
2014-03-13,150.02947998046875
2014-03-14,149.6082305908203
2014-03-17,150.961181640625
2014-03-18,152.0387725830078
2014-03-19,151.228515625
2014-03-20,152.1116485595703
2014-03-21,151.52171325683594
2014-03-24,150.8950653076172
2014-03-25,151.6111602783203
2014-03-26,150.52073669433594
2014-03-27,150.20339965820312
2014-03-28,150.94386291503906
2014-03-31,152.18084716796875
2014-04-01,153.18988037109375
2014-04-02,153.7025604248047
2014-04-03,153.49913024902344
2014-04-04,151.68438720703125
2014-04-07,150.0081024169922
2014-04-08,150.6265869140625
2014-04-09,152.24591064453125
2014-04-10,149.0478515625
2014-04-11,147.70509338378906
2014-04-14,148.86880493164062
2014-04-15,149.89419555664062
2014-04-16,151.46466064453125
2014-04-17,151.67626953125
2014-04-21,152.2052459716797
2014-04-22,152.8968963623047
2014-04-23,152.5388946533203
2014-04-24,152.84808349609375
2014-04-25,151.59495544433594
2014-04-28,152.07504272460938
2014-04-29,152.78302001953125
2014-04-30,153.23870849609375
2014-05-01,153.25494384765625
2014-05-02,153.0352783203125
2014-05-05,153.32826232910156
2014-05-06,151.9936981201172
2014-05-07,152.88876342773438
2014-05-08,152.7260284423828
2014-05-09,152.95391845703125
2014-05-12,154.44302368164062
2014-05-13,154.5814208984375
2014-05-14,153.8490447998047
2014-05-15,152.49819946289062
2014-05-16,153.02706909179688
2014-05-19,153.58865356445312
2014-05-20,152.62022399902344
2014-05-21,153.906005859375
2014-05-22,154.2803192138672
2014-05-23,154.89878845214844
2014-05-27,155.85089111328125
2014-05-28,155.7369384765625
2014-05-29,156.5425262451172
2014-05-30,156.79481506347656
2014-06-02,156.97381591796875
2014-06-03,156.89248657226562
2014-06-04,157.2097930908203
2014-06-05,158.2351837158203
2014-06-06,158.9919891357422
2014-06-09,159.1547088623047
2014-06-10,159.17095947265625
2014-06-11,158.61767578125
2014-06-12,157.4946746826172
2014-06-13,157.97476196289062
2014-06-16,158.10499572753906
2014-06-17,158.5443878173828
2014-06-18,159.7080841064453
2014-06-19,159.88710021972656
2014-06-20,160.2117156982422
2014-06-23,160.16270446777344
2014-06-24,159.19781494140625
2014-06-25,159.91734313964844
2014-06-26,159.80288696289062
2014-06-27,160.11355590820312
2014-06-30,160.0318145751953
2014-07-01,161.1029510498047
2014-07-02,161.26649475097656
2014-07-03,162.0596466064453
2014-07-07,161.4954376220703
2014-07-08,160.45700073242188
2014-07-09,161.17654418945312
2014-07-10,160.53880310058594
2014-07-11,160.75955200195312
2014-07-14,161.56900024414062
2014-07-15,161.26649475097656
2014-07-16,161.86338806152344
2014-07-17,160.023681640625
2014-07-18,161.6589813232422
2014-07-21,161.35638427734375
2014-07-22,162.0596466064453
2014-07-23,162.41941833496094
2014-07-24,162.4275665283203
2014-07-25,161.66722106933594
2014-07-28,161.73257446289062
2014-07-29,161.03753662109375
2014-07-30,161.06204223632812
2014-07-31,157.88136291503906
2014-08-01,157.3989715576172
2014-08-04,158.53550720214844
2014-08-05,156.99832153320312
2014-08-06,157.04742431640625
2014-08-07,156.197021484375
2014-08-08,158.00404357910156
2014-08-11,158.46189880371094
2014-08-12,158.24118041992188
2014-08-13,159.31228637695312
2014-08-14,160.06454467773438
2014-08-15,160.0318145751953
2014-08-18,161.37281799316406
2014-08-19,162.21498107910156
2014-08-20,162.6483154296875
2014-08-21,163.12254333496094
2014-08-22,162.8690948486328
2014-08-25,163.69493103027344
2014-08-26,163.80126953125
2014-08-27,163.73580932617188
2014-08-28,163.6458740234375
2014-08-29,164.11192321777344
2014-09-02,164.0301513671875
2014-09-03,163.94024658203125
2014-09-04,163.70310974121094
2014-09-05,164.43894958496094
2014-09-08,164.01382446289062
2014-09-09,162.97540283203125
2014-09-10,163.58860778808594
2014-09-11,163.7766571044922
2014-09-12,162.82000732421875
2014-09-15,162.6973419189453
2014-09-16,163.9239044189453
2014-09-17,164.14468383789062
2014-09-18,165.0195770263672
2014-09-19,164.870849609375
2014-09-22,163.5975799560547
2014-09-23,162.6610565185547
2014-09-24,163.93434143066406
2014-09-25,161.28919982910156
2014-09-26,162.57070922851562
2014-09-29,162.27496337890625
2014-09-30,161.84780883789062
2014-10-01,159.65451049804688
2014-10-02,159.67913818359375
2014-10-03,161.4370880126953
2014-10-06,161.24810791015625
2014-10-07,158.75904846191406
2014-10-08,161.53567504882812
2014-10-09,158.33189392089844
2014-10-10,156.52464294433594
2014-10-13,153.95339965820312
2014-10-14,154.19161987304688
2014-10-15,153.14830017089844
2014-10-16,153.01686096191406
2014-10-17,154.82415771484375
2014-10-20,156.3274383544922
2014-10-21,159.42446899414062
2014-10-22,158.29083251953125
2014-10-23,160.13088989257812
2014-10-24,161.36314392089844
2014-10-27,161.14132690429688
2014-10-28,162.98965454101562
2014-10-29,162.74317932128906
2014-10-30,163.7864990234375
2014-10-31,165.65948486328125
2014-11-03,165.7498016357422
2014-11-04,165.17478942871094
2014-11-05,166.2180938720703
2014-11-06,166.88343811035156
2014-11-07,167.03953552246094
2014-11-10,167.56533813476562
2014-11-11,167.72958374023438
2014-11-12,167.54888916015625
2014-11-13,167.73776245117188
2014-11-14,167.7788848876953
2014-11-17,167.8856658935547
2014-11-18,168.85501098632812
2014-11-19,168.58395385742188
2014-11-20,168.87966918945312
2014-11-21,169.7833251953125
2014-11-24,170.259765625
2014-11-25,170.13653564453125
2014-11-26,170.57186889648438
2014-11-28,170.21043395996094
2014-12-01,169.02749633789062
2014-12-02,170.1200714111328
2014-12-03,170.77728271484375
2014-12-04,170.5883331298828
2014-12-05,170.86766052246094
2014-12-08,169.72576904296875
2014-12-09,169.61074829101562
2014-12-10,166.8916778564453
2014-12-11,167.73776245117188
2014-12-12,165.02685546875
2014-12-15,163.89329528808594
2014-12-16,162.57891845703125
2014-12-17,165.76625061035156
2014-12-18,169.8654327392578
2014-12-19,170.58819580078125
2014-12-22,171.37294006347656
2014-12-23,171.604248046875
2014-12-24,171.6207275390625
2014-12-26,172.17416381835938
2014-12-29,172.4054412841797
2014-12-30,171.48033142089844
2014-12-31,169.77870178222656
2015-01-02,169.6878204345703
2015-01-05,166.62327575683594
2015-01-06,165.05392456054688
2015-01-07,167.11070251464844
2015-01-08,170.0760955810547
2015-01-09,168.71315002441406
2015-01-12,167.3915252685547
2015-01-13,166.92068481445312
2015-01-14,165.91297912597656
2015-01-15,164.39315795898438
2015-01-16,166.5489959716797
2015-01-20,166.90415954589844
2015-01-21,167.74673461914062
2015-01-22,170.24122619628906
2015-01-23,169.30795288085938
2015-01-26,169.7044219970703
2015-01-27,167.46588134765625
2015-01-28,165.31822204589844
2015-01-29,166.84637451171875
2015-01-30,164.74826049804688
2015-02-02,166.78855895996094
2015-02-03,169.20045471191406
2015-02-04,168.55621337890625
2015-02-05,170.25779724121094
2015-02-06,169.78697204589844
2015-02-09,169.0270538330078
2015-02-10,170.8277587890625
2015-02-11,170.9268035888672
2015-02-12,172.57061767578125
2015-02-13,173.281005859375
2015-02-17,173.5536346435547
2015-02-18,173.57009887695312
2015-02-19,173.44619750976562
2015-02-20,174.48703002929688
2015-02-23,174.46218872070312
2015-02-24,174.95779418945312
2015-02-25,174.8091278076172
2015-02-26,174.6026153564453
2015-02-27,174.0078582763672
2015-03-02,175.1064910888672
2015-03-03,174.38784790039062
2015-03-04,173.6526641845703
2015-03-05,173.84266662597656
2015-03-06,171.39764404296875
2015-03-09,172.10809326171875
2015-03-10,169.316162109375
2015-03-11,168.919677734375
2015-03-12,171.06729125976562
2015-03-13,170.0182647705078
2015-03-16,172.289794921875
2015-03-17,171.77772521972656
2015-03-18,173.84266662597656
2015-03-19,173.04974365234375
2015-03-20,174.5772247314453
2015-03-23,174.23704528808594
2015-03-24,173.2580108642578
2015-03-25,170.7191162109375
2015-03-26,170.3125457763672
2015-03-27,170.70252990722656
2015-03-30,172.7850799560547
2015-03-31,171.27493286132812
2015-04-01,170.66932678222656
2015-04-02,171.28329467773438
2015-04-06,172.43653869628906
2015-04-07,171.98020935058594
2015-04-08,172.5609893798828
2015-04-09,173.32440185546875
2015-04-10,174.2701873779297
2015-04-13,173.4819793701172
2015-04-14,173.8139190673828
2015-04-15,174.59376525878906
2015-04-16,174.54403686523438
2015-04-17,172.53616333007812
2015-04-20,174.11257934570312
2015-04-21,173.9051513671875
2015-04-22,174.7597198486328
2015-04-23,175.19944763183594
2015-04-24,175.6060028076172
2015-04-27,174.8759307861328
2015-04-28,175.4318084716797
2015-04-29,174.70997619628906
2015-04-30,172.9592742919922
2015-05-01,174.8343963623047
2015-05-04,175.3322296142578
2015-05-05,173.32440185546875
2015-05-06,172.61080932617188
2015-05-07,173.2994842529297
2015-05-08,175.58116149902344
2015-05-11,174.7431640625
2015-05-12,174.22042846679688
2015-05-13,174.2536163330078
2015-05-14,176.07070922851562
2015-05-15,176.26150512695312
2015-05-18,176.80909729003906
2015-05-19,176.75100708007812
2015-05-20,176.6265411376953
2015-05-21,177.1409912109375
2015-05-22,176.7178192138672
2015-05-26,174.8177947998047
2015-05-27,176.4772186279297
2015-05-28,176.278076171875
2015-05-29,175.18289184570312
2015-06-01,175.5396728515625
2015-06-02,175.36541748046875
2015-06-03,175.830078125
2015-06-04,174.34490966796875
2015-06-05,174.04617309570312
2015-06-08,172.97589111328125
2015-06-09,172.95098876953125
2015-06-10,175.02523803710938
2015-06-11,175.58938598632812
2015-06-12,174.2452850341797
2015-06-15,173.49855041503906
2015-06-16,174.44439697265625
2015-06-17,174.7265167236328
2015-06-18,176.54354858398438
2015-06-19,175.75982666015625
2015-06-22,176.66030883789062
2015-06-23,176.78536987304688
2015-06-24,175.50146484375
2015-06-25,174.9678192138672
2015-06-26,174.93443298339844
2015-06-29,171.26605224609375
2015-06-30,171.6245574951172
2015-07-01,173.00022888183594
2015-07-02,172.84182739257812
2015-07-06,172.3498992919922
2015-07-07,173.43374633789062
2015-07-08,170.52401733398438
2015-07-09,170.83248901367188
2015-07-10,172.9835205078125
2015-07-13,174.89279174804688
2015-07-14,175.65150451660156
2015-07-15,175.5931396484375
2015-07-16,177.00216674804688
2015-07-17,177.15225219726562
2015-07-20,177.2439422607422
2015-07-21,176.54359436035156
2015-07-22,176.2267303466797
2015-07-23,175.2345733642578
2015-07-24,173.41709899902344
2015-07-27,172.40826416015625
2015-07-28,174.52590942382812
2015-07-29,175.72654724121094
2015-07-30,175.7681884765625
2015-07-31,175.50146484375
2015-08-03,174.9094696044922
2015-08-04,174.56764221191406
2015-08-05,175.1429443359375
2015-08-06,173.70889282226562
2015-08-07,173.37539672851562
2015-08-10,175.55978393554688
2015-08-11,173.97572326660156
2015-08-12,174.18411254882812
2015-08-13,173.96734619140625
2015-08-14,174.60096740722656
2015-08-17,175.57640075683594
2015-08-18,175.06788635253906
2015-08-19,173.683837890625
2015-08-20,170.05715942382812
2015-08-21,164.93798828125
2015-08-24,157.992919921875
2015-08-25,156.13372802734375
2015-08-26,162.1282958984375
2015-08-27,166.13853454589844
2015-08-28,166.1468963623047
2015-08-31,164.80459594726562
2015-09-01,159.88552856445312
2015-09-02,162.92034912109375
2015-09-03,163.0370635986328
2015-09-04,160.56919860839844
2015-09-08,164.60447692871094
2015-09-09,162.40342712402344
2015-09-10,163.2871856689453
2015-09-11,164.0292205810547
2015-09-14,163.42059326171875
2015-09-15,165.46322631835938
2015-09-16,166.89727783203125
2015-09-17,166.52207946777344
2015-09-18,163.80084228515625
2015-09-21,164.6473388671875
2015-09-22,162.51023864746094
2015-09-23,162.25042724609375
2015-09-24,161.66378784179688
2015-09-25,161.62188720703125
2015-09-28,157.5655975341797
2015-09-29,157.65782165527344
2015-09-30,160.5994415283203
2015-10-01,161.0184783935547
2015-10-02,163.42376708984375
2015-10-05,166.3318328857422
2015-10-06,165.76194763183594
2015-10-07,167.11964416503906
2015-10-08,168.628173828125
2015-10-09,168.72866821289062
2015-10-12,168.88790893554688
2015-10-13,167.8236083984375
2015-10-14,167.01901245117188
2015-10-15,169.5835418701172
2015-10-16,170.3545379638672
2015-10-19,170.43832397460938
2015-10-20,170.220458984375
2015-10-21,169.16453552246094
2015-10-22,172.02232360839844
2015-10-23,173.9080047607422
2015-10-26,173.48057556152344
2015-10-27,173.14532470703125
2015-10-28,175.11477661132812
2015-10-29,175.0142822265625
2015-10-30,174.2599639892578
2015-11-02,176.3216552734375
2015-11-03,176.83285522460938
2015-11-04,176.29647827148438
2015-11-05,176.12045288085938
2015-11-06,176.02835083007812
2015-11-09,174.3856658935547
2015-11-10,174.7879638671875
2015-11-11,174.10072326660156
2015-11-12,171.6703643798828
2015-11-13,169.74278259277344
2015-11-16,172.32398986816406
2015-11-17,172.19833374023438
2015-11-18,174.93043518066406
2015-11-19,174.77960205078125
2015-11-20,175.4164581298828
2015-11-23,175.21536254882812
2015-11-24,175.45004272460938
2015-11-25,175.42489624023438
2015-11-27,175.62603759765625
2015-11-30,174.8968963623047
2015-12-01,176.5646514892578
2015-12-02,174.76284790039062
2015-12-03,172.3156280517578
2015-12-04,175.6763153076172
2015-12-07,174.6119384765625
2015-12-08,173.4386444091797
2015-12-09,172.08932495117188
2015-12-10,172.5335693359375
2015-12-11,169.18963623046875
2015-12-14,170.04446411132812
2015-12-15,171.82958984375
2015-12-16,174.3437957763672
2015-12-17,171.6870880126953
2015-12-18,168.6285400390625
2015-12-21,170.01953125
2015-12-22,171.56231689453125
2015-12-23,173.68687438964844
2015-12-24,173.40020751953125
2015-12-28,173.00401306152344
2015-12-29,174.85023498535156
2015-12-30,173.61099243164062
2015-12-31,171.87423706054688
2016-01-04,169.4715576171875
2016-01-05,169.75819396972656
2016-01-06,167.6168212890625
2016-01-07,163.59547424316406
2016-01-08,161.79971313476562
2016-01-11,161.9598846435547
2016-01-12,163.2666473388672
2016-01-13,159.19468688964844
2016-01-14,161.80813598632812
2016-01-15,158.33474731445312
2016-01-19,158.5455322265625
2016-01-20,156.5137481689453
2016-01-21,157.39053344726562
2016-01-22,160.61941528320312
2016-01-25,158.19139099121094
2016-01-26,160.34967041015625
2016-01-27,158.6045379638672
2016-01-28,159.43075561523438
2016-01-29,163.31724548339844
2016-02-01,163.25820922851562
2016-02-02,160.3159637451172
2016-02-03,161.27703857421875
2016-02-04,161.52993774414062
2016-02-05,158.45277404785156
2016-02-08,156.3198699951172
2016-02-09,156.32823181152344
2016-02-10,156.19337463378906
2016-02-11,154.16163635253906
2016-02-12,157.3399658203125
2016-02-16,159.9955291748047
2016-02-17,162.60906982421875
2016-02-18,161.94302368164062
2016-02-19,161.8671417236328
2016-02-22,164.21087646484375
2016-02-23,162.13694763183594
2016-02-24,162.87879943847656
2016-02-25,164.85159301757812
2016-02-26,164.47218322753906
2016-02-29,163.18234252929688
2016-03-01,167.0181884765625
2016-03-02,167.76856994628906
2016-03-03,168.42617797851562
2016-03-04,168.97415161132812
2016-03-07,169.10903930664062
2016-03-08,167.2626953125
2016-03-09,168.08895874023438
2016-03-10,168.22377014160156
2016-03-11,170.93844604492188
2016-03-14,170.71929931640625
2016-03-15,170.44105529785156
2016-03-16,171.4274444580078
2016-03-17,172.5150146484375
2016-03-18,173.19285583496094
2016-03-21,173.43865966796875
2016-03-22,173.3454132080078
2016-03-23,172.20143127441406
2016-03-24,172.12518310546875
2016-03-28,172.22686767578125
2016-03-29,173.82005310058594
2016-03-30,174.58270263671875
2016-03-31,174.158935546875
2016-04-01,175.34535217285156
2016-04-04,174.77755737304688
2016-04-05,173.0319366455078
2016-04-06,174.92160034179688
2016-04-07,172.82852172851562
2016-04-08,173.29457092285156
2016-04-11,172.8878936767578
2016-04-12,174.49789428710938
2016-04-13,176.2605438232422
2016-04-14,176.2689666748047
2016-04-15,176.07412719726562
2016-04-18,177.311279296875
2016-04-19,177.87057495117188
2016-04-20,178.04002380371094
2016-04-21,177.08248901367188
2016-04-22,177.08248901367188
2016-04-25,176.77745056152344
2016-04-26,177.0401153564453
2016-04-27,177.40451049804688
2016-04-28,175.79444885253906
2016-04-29,174.84542846679688
2016-05-02,176.235107421875
2016-05-03,174.70130920410156
2016-05-04,173.7267608642578
2016-05-05,173.6929473876953
2016-05-06,174.32843017578125
2016-05-09,174.4724884033203
2016-05-10,176.64186096191406
2016-05-11,174.9893798828125
2016-05-12,175.04025268554688
2016-05-13,173.51490783691406
2016-05-16,175.22671508789062
2016-05-17,173.5912322998047
2016-05-18,173.64199829101562
2016-05-19,173.04042053222656
2016-05-20,174.13351440429688
2016-05-23,173.89625549316406
2016-05-24,176.15036010742188
2016-05-25,177.34519958496094
2016-05-26,177.39608764648438
2016-05-27,178.15870666503906
2016-05-31,177.8197479248047
2016-06-01,178.1841583251953
2016-06-02,178.72647094726562
2016-06-03,178.19265747070312
2016-06-06,179.099365234375
2016-06-07,179.37893676757812
2016-06-08,179.96363830566406
2016-06-09,179.71791076660156
2016-06-10,178.01466369628906
2016-06-13,176.64186096191406
2016-06-14,176.29437255859375
2016-06-15,176.0486602783203
2016-06-16,176.5740203857422
2016-06-17,175.9164581298828
2016-06-20,177.0493621826172
2016-06-21,177.55194091796875
2016-06-22,177.26235961914062
2016-06-23,179.5707244873047
2016-06-24,173.12255859375
2016-06-27,170.02195739746094
2016-06-28,173.0885009765625
2016-06-29,176.03570556640625
2016-06-30,178.43780517578125
2016-07-01,178.81268310546875
2016-07-05,177.52645874023438
2016-07-06,178.59112548828125
2016-07-07,178.4803924560547
2016-07-08,181.1381072998047
2016-07-11,181.77691650390625
2016-07-12,183.09719848632812
2016-07-13,183.0717315673828
2016-07-14,184.0938720703125
2016-07-15,183.84683227539062
2016-07-18,184.34092712402344
2016-07-19,184.15353393554688
2016-07-20,184.92013549804688
2016-07-21,184.2216796875
2016-07-22,185.0478515625
2016-07-25,184.5453643798828
2016-07-26,184.63052368164062
2016-07-27,184.43460083007812
2016-07-28,184.64755249023438
2016-07-29,184.9456787109375
2016-08-01,184.79234313964844
2016-08-02,183.60838317871094
2016-08-03,184.14498901367188
2016-08-04,184.34092712402344
2016-08-05,185.84854125976562
2016-08-08,185.73785400390625
2016-08-09,185.84854125976562
2016-08-10,185.38861083984375
2016-08-11,186.2489471435547
2016-08-12,186.08709716796875
2016-08-15,186.62376403808594
2016-08-16,185.6611785888672
2016-08-17,186.01048278808594
2016-08-18,186.42782592773438
2016-08-19,186.1552276611328
2016-08-22,186.1467742919922
2016-08-23,186.521484375
2016-08-24,185.56753540039062
2016-08-25,185.43978881835938
2016-08-26,185.0905303955078
2016-08-29,186.00193786621094
2016-08-30,185.6952667236328
2016-08-31,185.16714477539062
2016-09-01,185.1756591796875
2016-09-02,186.01048278808594
2016-09-06,186.57266235351562
2016-09-07,186.5556182861328
2016-09-08,186.12974548339844
2016-09-09,181.6748046875
2016-09-12,184.28121948242188
2016-09-13,181.63214111328125
2016-09-14,181.56399536132812
2016-09-15,183.3783416748047
2016-09-16,182.66946411132812
2016-09-19,182.70375061035156
2016-09-20,182.7123260498047
2016-09-21,184.7669677734375
2016-09-22,185.9312744140625
2016-09-23,184.91250610351562
2016-09-26,183.41433715820312
2016-09-27,184.5529327392578
2016-09-28,185.46896362304688
2016-09-29,183.791015625
2016-09-30,185.17787170410156
2016-10-03,184.7327880859375
2016-10-04,183.791015625
2016-10-05,184.6043243408203
2016-10-06,184.7327880859375
2016-10-07,184.0991668701172
2016-10-10,185.05809020996094
2016-10-11,182.72084045410156
2016-10-12,182.96055603027344
2016-10-13,182.36126708984375
2016-10-14,182.45547485351562
2016-10-17,181.8218994140625
2016-10-18,182.96055603027344
2016-10-19,183.44854736328125
2016-10-20,183.10609436035156
2016-10-21,183.19174194335938
2016-10-24,183.97076416015625
2016-10-25,183.35430908203125
2016-10-26,182.98623657226562
2016-10-27,182.4982452392578
2016-10-28,181.9589080810547
2016-10-31,181.9674835205078
2016-11-01,180.64907836914062
2016-11-02,179.561767578125
2016-11-03,178.73988342285156
2016-11-04,178.54298400878906
2016-11-07,182.4811553955078
2016-11-08,183.30299377441406
2016-11-09,185.2463836669922
2016-11-10,185.7086944580078
2016-11-11,185.28067016601562
2016-11-14,185.42616271972656
2016-11-15,186.87301635742188
2016-11-16,186.52200317382812
2016-11-17,187.4808807373047
2016-11-18,187.06137084960938
2016-11-21,188.47393798828125
2016-11-22,188.8420867919922
2016-11-23,188.94479370117188
2016-11-25,189.64688110351562
2016-11-28,188.7564697265625
2016-11-29,189.1246337890625
2016-11-30,188.67083740234375
2016-12-01,187.97740173339844
2016-12-02,188.07151794433594
2016-12-05,189.20162963867188
2016-12-06,189.80091857910156
2016-12-07,192.28370666503906
2016-12-08,192.7545623779297
2016-12-09,193.9188690185547
2016-12-12,193.69625854492188
2016-12-13,194.9889678955078
2016-12-14,193.37953186035156
2016-12-15,194.17567443847656
2016-12-16,193.79592895507812
2016-12-19,194.21786499023438
2016-12-20,194.9670867919922
2016-12-21,194.42459106445312
2016-12-22,194.0887451171875
2016-12-23,194.37290954589844
2016-12-27,194.85516357421875
2016-12-28,193.24476623535156
2016-12-29,193.20172119140625
2016-12-30,192.4955291748047
2017-01-03,193.9681396484375
2017-01-04,195.1221160888672
2017-01-05,194.9670867919922
2017-01-06,195.66464233398438
2017-01-09,195.0187530517578
2017-01-10,195.0187530517578
2017-01-11,195.5699005126953
2017-01-12,195.07904052734375
2017-01-13,195.5268096923828
2017-01-17,194.83792114257812
2017-01-18,195.2685089111328
2017-01-19,194.54510498046875
2017-01-20,195.2598876953125
2017-01-23,194.75180053710938
2017-01-24,196.00051879882812
2017-01-25,197.6969757080078
2017-01-26,197.4903106689453
2017-01-27,197.1802520751953
2017-01-30,195.95741271972656
2017-01-31,195.94021606445312
2017-02-01,196.0177001953125
2017-02-02,196.14691162109375
2017-02-03,197.4989013671875
2017-02-06,197.1458740234375
2017-02-07,197.1544647216797
2017-02-08,197.4127960205078
2017-02-09,198.58396911621094
2017-02-10,199.36764526367188
2017-02-13,200.45266723632812
2017-02-14,201.25360107421875
2017-02-15,202.3041534423828
2017-02-16,202.1319580078125
2017-02-17,202.45057678222656
2017-02-21,203.65618896484375
2017-02-22,203.47540283203125
2017-02-23,203.6131591796875
2017-02-24,203.87152099609375
2017-02-27,204.1901092529297
2017-02-28,203.6389923095703
2017-03-01,206.48944091796875
2017-03-02,205.18910217285156
2017-03-03,205.3182830810547
2017-03-06,204.7068328857422
2017-03-07,204.09542846679688
2017-03-08,203.7164764404297
2017-03-09,203.9748992919922
2017-03-10,204.6895751953125
2017-03-13,204.79296875
2017-03-14,204.0093231201172
2017-03-15,205.77467346191406
2017-03-16,205.36988830566406
2017-03-17,205.00926208496094
2017-03-20,204.7843475341797
2017-03-21,202.1550750732422
2017-03-22,202.63076782226562
2017-03-23,202.41455078125
2017-03-24,202.26748657226562
2017-03-27,202.05990600585938
2017-03-28,203.5302734375
2017-03-29,203.72052001953125
2017-03-30,204.36920166015625
2017-03-31,203.89352416992188
2017-04-03,203.5388641357422
2017-04-04,203.6686248779297
2017-04-05,203.06326293945312
2017-04-06,203.63409423828125
2017-04-07,203.42648315429688
2017-04-10,203.5475616455078
2017-04-11,203.30538940429688
2017-04-12,202.41455078125
2017-04-13,201.09982299804688
2017-04-17,202.88160705566406
2017-04-18,202.2761993408203
2017-04-19,201.9042510986328
2017-04-20,203.5475616455078
2017-04-21,202.8988800048828
2017-04-24,205.13035583496094
2017-04-25,206.3239288330078
2017-04-26,206.19415283203125
2017-04-27,206.36715698242188
2017-04-28,205.91741943359375
2017-05-01,206.43634033203125
2017-05-02,206.51416015625
2017-05-03,206.2633514404297
2017-05-04,206.50550842285156
2017-05-05,207.3185577392578
2017-05-08,207.28395080566406
2017-05-09,207.0937042236328
2017-05-10,207.46559143066406
2017-05-11,207.04180908203125
2017-05-12,206.69580078125
2017-05-15,207.8375244140625
2017-05-16,207.64723205566406
2017-05-17,203.9627227783203
2017-05-18,204.7843475341797
2017-05-19,206.11636352539062
2017-05-22,207.1628875732422
2017-05-23,207.62132263183594
2017-05-24,208.1056671142578
2017-05-25,209.10031127929688
2017-05-26,209.0570526123047
2017-05-30,208.8754425048828
2017-05-31,208.82351684570312
2017-06-01,210.48414611816406
2017-06-02,211.18470764160156
2017-06-05,211.02902221679688
2017-06-06,210.35435485839844
2017-06-07,210.74365234375
2017-06-08,210.847412109375
2017-06-09,210.52735900878906
2017-06-12,210.48414611816406
2017-06-13,211.5133514404297
2017-06-14,211.24526977539062
2017-06-15,210.83877563476562
2017-06-16,210.88478088378906
2017-06-19,212.64044189453125
2017-06-20,211.2063751220703
2017-06-21,211.1542205810547
2017-06-22,211.05865478515625
2017-06-23,211.31065368652344
2017-06-26,211.4497528076172
2017-06-27,209.74630737304688
2017-06-28,211.62355041503906
2017-06-29,209.76365661621094
2017-06-30,210.15472412109375
2017-07-03,210.51107788085938
2017-07-05,210.9977569580078
2017-07-06,209.068359375
2017-07-07,210.42417907714844
2017-07-10,210.65013122558594
2017-07-11,210.49374389648438
2017-07-12,212.0754852294922
2017-07-13,212.4319305419922
2017-07-14,213.42262268066406
2017-07-17,213.3965606689453
2017-07-18,213.50958251953125
2017-07-19,214.66549682617188
2017-07-20,214.76112365722656
2017-07-21,214.56993103027344
2017-07-24,214.5177459716797
2017-07-25,215.0392608642578
2017-07-26,215.04794311523438
2017-07-27,214.8480224609375
2017-07-28,214.5959930419922
2017-07-31,214.47433471679688
2017-08-01,214.95233154296875
2017-08-02,215.05662536621094
2017-08-03,214.63943481445312
2017-08-04,215.03057861328125
2017-08-07,215.4302978515625
2017-08-08,214.90016174316406
2017-08-09,214.89151000976562
2017-08-10,211.8582763671875
2017-08-11,212.17112731933594
2017-08-14,214.27439880371094
2017-08-15,214.2483367919922
2017-08-16,214.62205505371094
2017-08-17,211.27590942382812
2017-08-18,210.94561767578125
2017-08-21,211.11077880859375
2017-08-22,213.31834411621094
2017-08-23,212.5535430908203
2017-08-24,212.05812072753906
2017-08-25,212.5535430908203
2017-08-28,212.562255859375
2017-08-29,212.8056182861328
2017-08-30,213.8137664794922
2017-08-31,215.10009765625
2017-09-01,215.40431213378906
2017-09-05,213.85716247558594
2017-09-06,214.58731079101562
2017-09-07,214.5612030029297
2017-09-08,214.30917358398438
2017-09-11,216.59498596191406
2017-09-12,217.3250274658203
2017-09-13,217.42929077148438
2017-09-14,217.35975646972656
2017-09-15,217.65240478515625
2017-09-18,218.1153564453125
2017-09-19,218.3336639404297
2017-09-20,218.4122772216797
2017-09-21,217.82708740234375
2017-09-22,217.8707733154297
2017-09-25,217.42535400390625
2017-09-26,217.55638122558594
2017-09-27,218.40354919433594
2017-09-28,218.6656036376953
2017-09-29,219.43426513671875
2017-10-02,220.3862762451172
2017-10-03,220.85794067382812
2017-10-04,221.1199493408203
2017-10-05,222.43014526367188
2017-10-06,222.1768341064453
2017-10-09,221.8100128173828
2017-10-10,222.39520263671875
2017-10-11,222.7445831298828
2017-10-12,222.41265869140625
2017-10-13,222.68344116210938
2017-10-16,222.98040771484375
2017-10-17,223.13763427734375
2017-10-18,223.35597229003906
2017-10-19,223.4171142578125
2017-10-20,224.57005310058594
2017-10-23,223.69664001464844
2017-10-24,224.0896453857422
2017-10-25,222.98040771484375
2017-10-26,223.2686309814453
2017-10-27,225.0941162109375
2017-10-30,224.25564575195312
2017-10-31,224.60496520996094
2017-11-01,224.90196228027344
2017-11-02,224.98931884765625
2017-11-03,225.74049377441406
2017-11-06,226.0897979736328
2017-11-07,225.93264770507812
2017-11-08,226.31687927246094
2017-11-09,225.4958953857422
2017-11-10,225.4259796142578
2017-11-13,225.6356658935547
2017-11-14,225.1116180419922
2017-11-15,223.98489379882812
2017-11-16,225.8889923095703
2017-11-17,225.22512817382812
2017-11-20,225.6094512939453
2017-11-21,227.0855255126953
2017-11-22,226.8847198486328
2017-11-24,227.4087371826172
2017-11-27,227.2952117919922
2017-11-28,229.60107421875
2017-11-29,229.46136474609375
2017-11-30,231.47021484375
2017-12-01,230.98983764648438
2017-12-04,230.7104034423828
2017-12-05,229.8805389404297
2017-12-06,229.9242401123047
2017-12-07,230.6492156982422
2017-12-08,231.9069366455078
2017-12-11,232.60562133789062
2017-12-12,233.01622009277344
2017-12-13,232.98997497558594
2017-12-14,232.0380096435547
2017-12-15,233.9702606201172
2017-12-18,235.4539031982422
2017-12-19,234.54969787597656
2017-12-20,234.4267578125
2017-12-21,234.90956115722656
2017-12-22,234.84814453125
2017-12-26,234.5672149658203
2017-12-27,234.68130493164062
2017-12-28,235.16412353515625
2017-12-29,234.2774658203125
2018-01-02,235.9542694091797
2018-01-03,237.44671630859375
2018-01-04,238.44749450683594
2018-01-05,240.0365753173828
2018-01-08,240.47543334960938
2018-01-09,241.01983642578125
2018-01-10,240.651123046875
2018-01-11,242.40689086914062
2018-01-12,243.9871063232422
2018-01-16,243.1531219482422
2018-01-17,245.47079467773438
2018-01-18,245.0581512451172
2018-01-19,246.1731414794922
2018-01-22,248.17466735839844
2018-01-23,248.70147705078125
2018-01-24,248.60484313964844
2018-01-25,248.71018981933594
2018-01-26,251.5897979736328
2018-01-29,249.92181396484375
2018-01-30,247.3582763671875
2018-01-31,247.48114013671875
2018-02-01,247.20021057128906
2018-02-02,241.81869506835938
2018-02-05,231.70521545410156
2018-02-06,236.2703857421875
2018-02-07,234.98861694335938
2018-02-08,226.17446899414062
2018-02-09,229.57188415527344
2018-02-12,232.94308471679688
2018-02-13,233.52255249023438
2018-02-14,236.67417907714844
2018-02-15,239.6941375732422
2018-02-16,239.76441955566406
2018-02-20,238.26321411132812
2018-02-21,237.07797241210938
2018-02-22,237.38525390625
2018-02-23,241.16900634765625
2018-02-26,243.9695281982422
2018-02-27,240.9231719970703
2018-02-28,238.48268127441406
2018-03-01,235.01498413085938
2018-03-02,236.22642517089844
2018-03-05,238.9567413330078
2018-03-06,239.5624237060547
2018-03-07,239.47471618652344
2018-03-08,240.63356018066406
2018-03-09,244.8211669921875
2018-03-12,244.51380920410156
2018-03-13,242.93365478515625
2018-03-14,241.6869354248047
2018-03-15,241.42364501953125
2018-03-16,241.68544006347656
2018-03-19,238.41534423828125
2018-03-20,238.82078552246094
2018-03-21,238.36251831054688
2018-03-22,232.40408325195312
2018-03-23,227.4504852294922
2018-03-26,233.67332458496094
2018-03-27,229.6981201171875
2018-03-28,229.01937866210938
2018-03-29,231.9456787109375
2018-04-02,226.93922424316406
2018-04-03,229.84793090820312
2018-04-04,232.30711364746094
2018-04-05,234.1405029296875
2018-04-06,228.92247009277344
2018-04-09,230.05068969726562
2018-04-10,233.70860290527344
2018-04-11,232.48338317871094
2018-04-12,234.39605712890625
2018-04-13,233.70860290527344
2018-04-16,235.6300506591797
2018-04-17,238.15097045898438
2018-04-18,238.32720947265625
2018-04-19,237.00506591796875
2018-04-20,234.9954071044922
2018-04-23,234.9601593017578
2018-04-24,231.79588317871094
2018-04-25,232.36888122558594
2018-04-26,234.73094177246094
2018-04-27,234.95138549804688
2018-04-30,233.14447021484375
2018-05-01,233.55870056152344
2018-05-02,231.9897918701172
2018-05-03,231.4785614013672
2018-05-04,234.47532653808594
2018-05-07,235.2686767578125
2018-05-08,235.2686767578125
2018-05-09,237.54273986816406
2018-05-10,239.76390075683594
2018-05-11,240.49549865722656
2018-05-14,240.6101531982422
2018-05-15,238.9530029296875
2018-05-16,239.95782470703125
2018-05-17,239.75515747070312
2018-05-18,239.1557159423828
2018-05-21,240.9538116455078
2018-05-22,240.28399658203125
2018-05-23,240.94497680664062
2018-05-24,240.45138549804688
2018-05-25,239.8785400390625
2018-05-29,237.11965942382812
2018-05-30,240.28399658203125
2018-05-31,238.8119354248047
2018-06-01,241.15658569335938
2018-06-04,242.30239868164062
2018-06-05,242.47877502441406
2018-06-06,244.5059051513672
2018-06-07,244.47959899902344
2018-06-08,245.2023468017578
2018-06-11,245.52841186523438
2018-06-12,245.845703125
2018-06-13,245.06121826171875
2018-06-14,245.67828369140625
2018-06-15,245.3648681640625
2018-06-18,244.86019897460938
2018-06-19,243.92173767089844
2018-06-20,244.3378448486328
2018-06-21,242.8061065673828
2018-06-22,243.24880981445312
2018-06-25,239.9375
2018-06-26,240.4686279296875
2018-06-27,238.47654724121094
2018-06-28,239.84007263183594
2018-06-29,240.1853485107422
2018-07-02,240.6988067626953
2018-07-03,239.8489227294922
2018-07-05,241.80560302734375
2018-07-06,243.85089111328125
2018-07-09,246.04653930664062
2018-07-10,246.93191528320312
2018-07-11,245.12582397460938
2018-07-12,247.34811401367188
2018-07-13,247.54287719726562
2018-07-16,247.32147216796875
2018-07-17,248.322021484375
2018-07-18,248.84442138671875
2018-07-19,247.9058837890625
2018-07-20,247.6224822998047
2018-07-23,248.08291625976562
2018-07-24,249.33135986328125
2018-07-25,251.45620727539062
2018-07-26,250.8629913330078
2018-07-27,249.1631317138672
2018-07-30,247.86166381835938
2018-07-31,249.0833282470703
2018-08-01,248.66726684570312
2018-08-02,250.02194213867188
2018-08-03,251.09326171875
2018-08-06,252.01402282714844
2018-08-07,252.84629821777344
2018-08-08,252.74008178710938
2018-08-09,252.39474487304688
2018-08-10,250.7036590576172
2018-08-13,249.7651824951172
2018-08-14,251.35877990722656
2018-08-15,249.48187255859375
2018-08-16,251.5005340576172
2018-08-17,252.3859100341797
2018-08-20,252.92608642578125
2018-08-21,253.5192413330078
2018-08-22,253.36866760253906
2018-08-23,253.03216552734375
2018-08-24,254.5549774169922
2018-08-27,256.5649719238281
2018-08-28,256.68890380859375
2018-08-29,258.070068359375
2018-08-30,257.0252990722656
2018-08-31,257.0340881347656
2018-09-04,256.5914001464844
2018-09-05,255.90089416503906
2018-09-06,255.1305694580078
2018-09-07,254.63473510742188
2018-09-10,255.07748413085938
2018-09-11,255.91848754882812
2018-09-12,255.98045349121094
2018-09-13,257.4945373535156
2018-09-14,257.5387878417969
2018-09-17,256.17529296875
2018-09-18,257.5654602050781
2018-09-19,257.83984375
2018-09-20,259.9293212890625
2018-09-21,259.6918640136719
2018-09-24,258.8290710449219
2018-09-25,258.5890197753906
2018-09-26,257.8152160644531
2018-09-27,258.53564453125
2018-09-28,258.56231689453125
2018-10-01,259.4606018066406
2018-10-02,259.30938720703125
2018-10-03,259.4516906738281
2018-10-04,257.4239196777344
2018-10-05,255.9830780029297
2018-10-08,255.9830780029297
2018-10-09,255.60955810546875
2018-10-10,247.51614379882812
2018-10-11,242.06422424316406
2018-10-12,245.42605590820312
2018-10-15,244.04751586914062
2018-10-16,249.38385009765625
2018-10-17,249.42837524414062
2018-10-18,245.82632446289062
2018-10-19,245.69287109375
2018-10-22,244.58999633789062
2018-10-23,243.3449249267578
2018-10-24,235.97190856933594
2018-10-25,240.20535278320312
2018-10-26,235.9807891845703
2018-10-29,234.6733856201172
2018-10-30,238.1509246826172
2018-10-31,240.6945343017578
2018-11-01,243.2560272216797
2018-11-02,241.81517028808594
2018-11-05,243.14927673339844
2018-11-06,244.68789672851562
2018-11-07,249.92636108398438
2018-11-08,249.47280883789062
2018-11-09,247.035888671875
2018-11-12,242.419921875
2018-11-13,241.96632385253906
2018-11-14,240.3121795654297
2018-11-15,242.82017517089844
2018-11-16,243.45162963867188
2018-11-19,239.33380126953125
2018-11-20,234.90464782714844
2018-11-21,235.70506286621094
2018-11-23,234.13084411621094
2018-11-26,237.91082763671875
2018-11-27,238.71119689941406
2018-11-28,244.2076873779297
2018-11-29,243.67404174804688
2018-11-30,245.15924072265625
2018-12-03,248.40550231933594
2018-12-04,240.3565673828125
2018-12-06,239.99191284179688
2018-12-07,234.4154510498047
2018-12-10,234.86024475097656
2018-12-11,234.9135284423828
2018-12-12,236.0963897705078
2018-12-13,236.0164794921875
2018-12-14,231.65838623046875
2018-12-17,227.11363220214844
2018-12-18,226.8646240234375
2018-12-19,223.4671630859375
2018-12-20,219.82952880859375
2018-12-21,215.3253173828125
2018-12-24,209.6357879638672
2018-12-26,220.22763061523438
2018-12-27,221.9183807373047
2018-12-28,221.63214111328125
2018-12-31,223.5733642578125
2019-01-02,223.80593872070312
2019-01-03,218.46534729003906
2019-01-04,225.78297424316406
2019-01-07,227.563232421875
2019-01-08,229.70126342773438
2019-01-09,230.7747344970703
2019-01-10,231.58877563476562
2019-01-11,231.67825317382812
2019-01-14,230.2648162841797
2019-01-15,232.9038543701172
2019-01-16,233.46742248535156
2019-01-17,235.23870849609375
2019-01-18,238.3697509765625
2019-01-22,235.149169921875
2019-01-23,235.64125061035156
2019-01-24,235.76649475097656
2019-01-25,237.76144409179688
2019-01-28,235.95433044433594
2019-01-29,235.64125061035156
2019-01-30,239.37161254882812
2019-01-31,241.47393798828125
2019-02-01,241.59017944335938
2019-02-04,243.28985595703125
2019-02-05,244.30966186523438
2019-02-06,243.98770141601562
2019-02-07,241.66172790527344
2019-02-08,241.95700073242188
2019-02-11,242.09115600585938
2019-02-12,245.20431518554688
2019-02-13,246.00045776367188
2019-02-14,245.45480346679688
2019-02-15,248.12954711914062
2019-02-19,248.5590362548828
2019-02-20,249.0599822998047
2019-02-21,248.17431640625
2019-02-22,249.71295166015625
2019-02-25,250.05291748046875
2019-02-26,249.8739471435547
2019-02-27,249.7666778564453
2019-02-28,249.3014678955078
2019-03-01,250.85809326171875
2019-03-04,249.945556640625
2019-03-05,249.60560607910156
2019-03-06,248.0937957763672
2019-03-07,246.01834106445312
2019-03-08,245.52638244628906
2019-03-11,249.08676147460938
2019-03-12,250.02613830566406
2019-03-13,251.68104553222656
2019-03-14,251.52008056640625
2019-03-15,252.76271057128906
2019-03-18,253.67921447753906
2019-03-19,253.7420654296875
2019-03-20,252.9783172607422
2019-03-21,255.83560180664062
2019-03-22,250.9117889404297
2019-03-25,250.7230224609375
2019-03-26,252.59193420410156
2019-03-27,251.27110290527344
2019-03-28,252.2235565185547
2019-03-29,253.8140106201172
2019-04-01,256.823974609375
2019-04-02,256.9498596191406
2019-04-03,257.3541259765625
2019-04-04,258.0369567871094
2019-04-05,259.28594970703125
2019-04-08,259.4836730957031
2019-04-09,258.15386962890625
2019-04-10,259.0344543457031
2019-04-11,258.96246337890625
2019-04-12,260.71466064453125
2019-04-15,260.5437927246094
2019-04-16,260.71466064453125
2019-04-17,260.0766906738281
2019-04-18,260.58880615234375
2019-04-22,260.81341552734375
2019-04-23,263.1585388183594
2019-04-24,262.57452392578125
2019-04-25,262.41278076171875
2019-04-26,263.6348571777344
2019-04-29,264.04815673828125
2019-04-30,264.1829528808594
2019-05-01,262.1971740722656
2019-05-02,261.63104248046875
2019-05-03,264.19189453125
2019-05-06,263.1046447753906
2019-05-07,258.7108154296875
2019-05-08,258.3514709472656
2019-05-09,257.5696716308594
2019-05-10,258.8636474609375
2019-05-13,252.35830688476562
2019-05-14,254.6405792236328
2019-05-15,256.1321105957031
2019-05-16,258.5043029785156
2019-05-17,256.8329772949219
2019-05-20,255.1347198486328
2019-05-21,257.4350280761719
2019-05-22,256.6443176269531
2019-05-23,253.508544921875
2019-05-24,254.08349609375
2019-05-28,251.72039794921875
2019-05-29,250.0311737060547
2019-05-30,250.71409606933594
2019-05-31,247.33560180664062
2019-06-03,246.70664978027344
2019-06-04,252.06178283691406
2019-06-05,254.2451934814453
2019-06-06,255.89854431152344
2019-06-07,258.45928955078125
2019-06-10,259.64544677734375
2019-06-11,259.5824890136719
2019-06-12,259.1241760253906
2019-06-13,260.1934509277344
2019-06-14,259.9058837890625
2019-06-17,260.0047302246094
2019-06-18,262.7272033691406
2019-06-19,263.3203125
2019-06-20,265.8361511230469
2019-06-21,265.44970703125
2019-06-24,265.1246643066406
2019-06-25,262.52435302734375
2019-06-26,262.262451171875
2019-06-27,263.1925964355469
2019-06-28,264.5467834472656
2019-07-01,266.94854736328125
2019-07-02,267.6437072753906
2019-07-03,269.78363037109375
2019-07-05,269.4766540527344
2019-07-08,267.99591064453125
2019-07-09,268.3299865722656
2019-07-10,269.6120910644531
2019-07-11,270.2441101074219
2019-07-12,271.45391845703125
2019-07-15,271.5441589355469
2019-07-16,270.66845703125
2019-07-17,268.8265075683594
2019-07-18,269.8106994628906
2019-07-19,268.3119201660156
2019-07-22,268.97100830078125
2019-07-23,270.8941955566406
2019-07-24,272.16729736328125
2019-07-25,270.8670349121094
2019-07-26,272.6818542480469
2019-07-29,272.185302734375
2019-07-30,271.51708984375
2019-07-31,268.5466613769531
2019-08-01,266.20806884765625
2019-08-02,264.2037658691406
2019-08-05,256.2583312988281
2019-08-06,259.8518981933594
2019-08-07,260.00531005859375
2019-08-08,265.1065979003906
2019-08-09,263.3009033203125
2019-08-12,260.0955810546875
2019-08-13,264.1405029296875
2019-08-14,256.3305358886719
2019-08-15,257.0076599121094
2019-08-16,260.7998352050781
2019-08-19,263.94183349609375
2019-08-20,261.9194030761719
2019-08-21,264.0501403808594
2019-08-22,263.968994140625
2019-08-23,257.1883544921875
2019-08-26,260.03240966796875
2019-08-27,259.01214599609375
2019-08-28,260.8360595703125
2019-08-29,264.16754150390625
2019-08-30,264.0501403808594
2019-09-03,262.5063171386719
2019-09-04,265.48590087890625
2019-09-05,268.89874267578125
2019-09-06,269.1064147949219
2019-09-09,269.2419128417969
2019-09-10,269.1786193847656
2019-09-11,271.09283447265625
2019-09-12,272.0318298339844
2019-09-13,271.8512878417969
2019-09-16,271.01153564453125
2019-09-17,271.69775390625
2019-09-18,271.86029052734375
2019-09-19,271.8421936035156
2019-09-20,270.55780029296875
2019-09-23,270.4942626953125
2019-09-24,268.3717346191406
2019-09-25,269.9591369628906
2019-09-26,269.39678955078125
2019-09-27,267.9454650878906
2019-09-30,269.1881103515625
2019-10-01,265.98614501953125
2019-10-02,261.2875671386719
2019-10-03,263.4283447265625
2019-10-04,266.99310302734375
2019-10-07,265.8410339355469
2019-10-08,261.7139892578125
2019-10-09,264.1992492675781
2019-10-10,265.98614501953125
2019-10-11,268.7436218261719
2019-10-14,268.4443664550781
2019-10-15,271.10205078125
2019-10-16,270.66668701171875
2019-10-17,271.46484375
2019-10-18,270.2765808105469
2019-10-21,272.10888671875
2019-10-22,271.2199401855469
2019-10-23,272.0091247558594
2019-10-24,272.4536437988281
2019-10-25,273.5691833496094
2019-10-28,275.1112060546875
2019-10-29,275.029541015625
2019-10-30,275.8731384277344
2019-10-31,275.13848876953125
2019-11-01,277.6872253417969
2019-11-04,278.80303955078125
2019-11-05,278.4944763183594
2019-11-06,278.5580749511719
2019-11-07,279.53765869140625
2019-11-08,280.2270202636719
2019-11-11,279.6918640136719
2019-11-12,280.28143310546875
2019-11-13,280.3721923828125
2019-11-14,280.7804260253906
2019-11-15,282.812255859375
2019-11-18,283.020751953125
2019-11-19,282.93914794921875
2019-11-20,281.8869934082031
2019-11-21,281.4334411621094
2019-11-22,282.059326171875
2019-11-25,284.2453308105469
2019-11-26,284.8892822265625
2019-11-27,286.15924072265625
2019-11-29,285.0979919433594
2019-12-02,282.6761169433594
2019-12-03,280.7804260253906
2019-12-04,282.5128173828125
2019-12-05,283.020751953125
2019-12-06,285.60595703125
2019-12-09,284.7079772949219
2019-12-10,284.39044189453125
2019-12-11,285.19775390625
2019-12-12,287.65594482421875
2019-12-13,287.8282165527344
2019-12-16,289.8055114746094
2019-12-17,289.8691711425781
2019-12-18,289.8872985839844
2019-12-19,291.075439453125
2019-12-20,292.3516540527344
2019-12-23,292.7982177734375
2019-12-24,292.807373046875
2019-12-26,294.3660888671875
2019-12-27,294.2930908203125
2019-12-30,292.670654296875
2019-12-31,293.381591796875
2020-01-02,296.12530517578125
2020-01-03,293.88287353515625
2020-01-06,295.0041198730469
2020-01-07,294.17462158203125
2020-01-08,295.7425231933594
2020-01-09,297.7478332519531
2020-01-10,296.89093017578125
2020-01-13,298.9327697753906
2020-01-14,298.4770202636719
2020-01-15,299.15155029296875
2020-01-16,301.63995361328125
2020-01-17,302.5788879394531
2020-01-21,301.9863586425781
2020-01-22,302.0227355957031
2020-01-23,302.36920166015625
2020-01-24,299.6802062988281
2020-01-27,294.87652587890625
2020-01-28,297.966552734375
2020-01-29,297.720458984375
2020-01-30,298.6866149902344
2020-01-31,293.26318359375
2020-02-03,295.4416198730469
2020-02-04,299.94451904296875
2020-02-05,303.4082946777344
2020-02-06,304.42926025390625
2020-02-07,302.80682373046875
2020-02-10,305.06732177734375
2020-02-11,305.59588623046875
2020-02-12,307.5649108886719
2020-02-13,307.2366943359375
2020-02-14,307.7289733886719
2020-02-18,306.9359130859375
2020-02-19,308.40350341796875
2020-02-20,307.1364440917969
2020-02-21,303.9734802246094
2020-02-24,293.89208984375
2020-02-25,284.9864501953125
2020-02-26,283.93829345703125
2020-02-27,271.1861572265625
2020-02-28,270.0467224121094
2020-03-02,281.7415466308594
2020-03-03,273.6746520996094
2020-03-04,285.177978515625
2020-03-05,275.6981201171875
2020-03-06,271.14056396484375
2020-03-09,249.9659881591797
2020-03-10,262.9004211425781
2020-03-11,250.08444213867188
2020-03-12,226.1571044921875
2020-03-13,245.49041748046875
2020-03-16,218.62791442871094
2020-03-17,230.43209838867188
2020-03-18,218.76466369628906
2020-03-19,219.22955322265625
2020-03-20,209.78201293945312
2020-03-23,204.4182586669922
2020-03-24,222.93923950195312
2020-03-25,226.27664184570312
2020-03-26,239.48892211914062
2020-03-27,232.3555908203125
2020-03-30,239.90147399902344
2020-03-31,236.32568359375
2020-04-01,225.68983459472656
2020-04-02,230.89773559570312
2020-04-03,227.56028747558594
2020-04-06,242.8447265625
2020-04-07,243.09222412109375
2020-04-08,251.25245666503906
2020-04-09,255.07582092285156
2020-04-13,252.74693298339844
2020-04-14,260.201171875
2020-04-15,254.67234802246094
2020-04-16,255.90101623535156
2020-04-17,262.8143005371094
2020-04-20,258.18408203125
2020-04-21,250.3447265625
2020-04-22,255.90101623535156
2020-04-23,255.8826904296875
2020-04-24,259.4493713378906
2020-04-27,263.19024658203125
2020-04-28,261.97998046875
2020-04-29,268.8382263183594
2020-04-30,266.3351135253906
2020-05-01,259.2843322753906
2020-05-04,259.9994812011719
2020-05-05,262.4017333984375
2020-05-06,260.62298583984375
2020-05-07,263.7678527832031
2020-05-08,268.1321716308594
2020-05-11,268.1871337890625
2020-05-12,262.841796875
2020-05-13,258.19317626953125
2020-05-14,261.2830505371094
2020-05-15,262.4842529296875
2020-05-18,270.4794616699219
2020-05-19,267.70123291015625
2020-05-20,272.2489318847656
2020-05-21,270.369384765625
2020-05-22,270.8828430175781
2020-05-26,274.22015380859375
2020-05-27,278.3004150390625
2020-05-28,277.7868957519531
2020-05-29,279.0246887207031
2020-06-01,280.1524963378906
2020-06-02,282.47222900390625
2020-06-03,286.23138427734375
2020-06-04,285.4795227050781
2020-06-05,292.7962646484375
2020-06-08,296.3354187011719
2020-06-09,294.1256408691406
2020-06-10,292.48455810546875
2020-06-11,275.62310791015625
2020-06-12,278.92388916015625
2020-06-15,281.52783203125
2020-06-16,286.9465637207031
2020-06-17,285.75457763671875
2020-06-18,285.86468505859375
2020-06-19,284.23095703125
2020-06-22,286.0542907714844
2020-06-23,287.3713073730469
2020-06-24,280.0407409667969
2020-06-25,283.0429992675781
2020-06-26,276.32025146484375
2020-06-29,280.38153076171875
2020-06-30,283.9731140136719
2020-07-01,285.9623107910156
2020-07-02,287.5370178222656
2020-07-06,291.97576904296875
2020-07-07,288.96441650390625
2020-07-08,291.1746520996094
2020-07-09,289.51702880859375
2020-07-10,292.47314453125
2020-07-13,289.94061279296875
2020-07-14,293.69793701171875
2020-07-15,296.396240234375
2020-07-16,295.41998291015625
2020-07-17,296.2764587402344
2020-07-20,298.6709899902344
2020-07-21,299.3063659667969
2020-07-22,301.010009765625
2020-07-23,297.4184265136719
2020-07-24,295.5029296875
2020-07-27,297.6578063964844
2020-07-28,295.77008056640625
2020-07-29,299.40753173828125
2020-07-30,298.3393859863281
2020-07-31,300.6968688964844
2020-08-03,302.7873840332031
2020-08-04,303.95697021484375
2020-08-05,305.8446960449219
2020-08-06,307.8892517089844
2020-08-07,308.1101989746094
2020-08-10,309.0311584472656
2020-08-11,306.48016357421875
2020-08-12,310.7532958984375
2020-08-13,310.19146728515625
2020-08-14,310.20068359375
2020-08-17,311.18609619140625
2020-08-18,311.8584289550781
2020-08-19,310.5598449707031
2020-08-20,311.5268249511719
2020-08-21,312.6319885253906
2020-08-24,315.7998962402344
2020-08-25,316.9049377441406
2020-08-26,320.0821228027344
2020-08-27,320.7820129394531
2020-08-28,322.8540954589844
2020-08-31,321.6844787597656
2020-09-01,324.7142333984375
2020-09-02,329.4111022949219
2020-09-03,318.0745849609375
2020-09-04,315.47760009765625
2020-09-08,306.8578186035156
2020-09-09,312.9174499511719
2020-09-10,307.48406982421875
2020-09-11,307.6405944824219
2020-09-14,311.6925354003906
2020-09-15,313.26739501953125
2020-09-16,312.0242004394531
2020-09-17,309.27984619140625
2020-09-18,305.7192077636719
2020-09-21,302.3165588378906
2020-09-22,305.3955993652344
2020-09-23,298.31317138671875
2020-09-24,299.1082458496094
2020-09-25,303.9439697265625
2020-09-28,308.9922180175781
2020-09-29,307.3094177246094
2020-09-30,309.6395263671875
2020-10-01,311.6273498535156
2020-10-02,308.6686096191406
2020-10-05,314.14227294921875
2020-10-06,309.6764221191406
2020-10-07,315.0669250488281
2020-10-08,317.85919189453125
2020-10-09,320.69769287109375
2020-10-12,325.85693359375
2020-10-13,323.7303771972656
2020-10-14,321.69622802734375
2020-10-15,321.2987365722656
2020-10-16,321.1045227050781
2020-10-19,316.22259521484375
2020-10-20,317.48931884765625
2020-10-21,316.8883361816406
2020-10-22,318.6266174316406
2020-10-23,319.7084045410156
2020-10-26,313.80023193359375
2020-10-27,312.7183837890625
2020-10-28,302.0299987792969
2020-10-29,305.0997009277344
2020-10-30,301.91912841796875
2020-11-02,305.3031311035156
2020-11-03,310.69354248046875
2020-11-04,317.6372375488281
2020-11-05,323.83203125
2020-11-06,323.7581787109375
2020-11-09,327.82635498046875
2020-11-10,327.3455505371094
2020-11-11,329.77728271484375
2020-11-12,326.5780944824219
2020-11-13,331.0993957519531
2020-11-16,335.232421875
2020-11-17,333.4294738769531
2020-11-18,329.4166564941406
2020-11-19,330.8035888671875
2020-11-20,328.53826904296875
2020-11-23,330.5076904296875
2020-11-24,335.8334045410156
2020-11-25,335.3156433105469
2020-11-27,336.24951171875
2020-11-30,334.76080322265625
2020-12-01,338.42230224609375
2020-12-02,339.1341857910156
2020-12-03,339.0418395996094
2020-12-04,341.9634704589844
2020-12-07,341.2608337402344
2020-12-08,342.2593994140625
2020-12-09,339.1897277832031
2020-12-10,339.07879638671875
2020-12-11,338.68121337890625
2020-12-14,337.164794921875
2020-12-15,341.7231140136719
2020-12-16,342.2593994140625
2020-12-17,344.17327880859375
2020-12-18,342.799072265625
2020-12-21,341.5733642578125
2020-12-22,340.9976806640625
2020-12-23,341.3041687011719
2020-12-24,342.6319274902344
2020-12-28,345.5753479003906
2020-12-29,344.9160461425781
2020-12-30,345.40826416015625
2020-12-31,347.1632080078125
2021-01-04,342.43701171875
2021-01-05,344.79541015625
2021-01-06,346.8568115234375
2021-01-07,352.01025390625
2021-01-08,354.015869140625
2021-01-11,351.6295471191406
2021-01-12,351.7037353515625
2021-01-13,352.65093994140625
2021-01-14,351.4158935546875
2021-01-15,348.8531188964844
2021-01-19,351.5923156738281
2021-01-20,356.45794677734375
2021-01-21,356.7828674316406
2021-01-22,355.52008056640625
2021-01-25,356.9222412109375
2021-01-26,356.3650207519531
2021-01-27,347.65533447265625
2021-01-28,350.645263671875
2021-01-29,343.62554931640625
2021-02-01,349.3453369140625
2021-02-02,354.28515625
2021-02-03,354.5636291503906
2021-02-04,358.5935363769531
2021-02-05,360.0049133300781
2021-02-08,362.6048889160156
2021-02-09,362.3634338378906
2021-02-10,362.2055358886719
2021-02-11,362.7905578613281
2021-02-12,364.5826721191406
2021-02-16,364.26690673828125
2021-02-17,364.35052490234375
2021-02-18,362.7998962402344
2021-02-19,362.1590881347656
2021-02-22,359.3735656738281
2021-02-23,359.80999755859375
2021-02-24,363.77484130859375
2021-02-25,355.0093688964844
2021-02-26,353.18017578125
2021-03-01,361.7413024902344
2021-03-02,358.91851806640625
2021-03-03,354.16436767578125
2021-03-04,349.7816162109375
2021-03-05,356.2164611816406
2021-03-08,354.4429626464844
2021-03-09,359.5035400390625
2021-03-10,361.7413024902344
2021-03-11,365.4090576171875
2021-03-12,365.9011535644531
2021-03-15,368.0832214355469
2021-03-16,367.6189880371094
2021-03-17,368.8724670410156
2021-03-18,363.50555419921875
2021-03-19,362.83294677734375
2021-03-22,365.73016357421875
2021-03-23,362.8515930175781
2021-03-24,361.0070495605469
2021-03-25,363.0378723144531
2021-03-26,368.88824462890625
2021-03-29,368.701904296875
2021-03-30,367.7237548828125
2021-03-31,369.2143249511719
2021-04-01,373.20147705078125
2021-04-05,378.55804443359375
2021-04-06,378.33447265625
2021-04-07,378.77227783203125
2021-04-08,380.57025146484375
2021-04-09,383.3370361328125
2021-04-12,383.47686767578125
2021-04-13,384.61334228515625
2021-04-14,383.2998352050781
2021-04-15,387.4174499511719
2021-04-16,388.71240234375
2021-04-19,386.80255126953125
2021-04-20,383.9705810546875
2021-04-21,387.6037292480469
2021-04-22,384.063720703125
2021-04-23,388.2279968261719
2021-04-26,389.03839111328125
2021-04-27,388.9545593261719
2021-04-28,388.8427734375
2021-04-29,391.32061767578125
2021-04-30,388.74951171875
2021-05-03,389.5880432128906
2021-05-04,387.1846008300781
2021-05-05,387.3056335449219
2021-05-06,390.39849853515625
2021-05-07,393.2397766113281
2021-05-10,389.3457946777344
2021-05-11,385.8710021972656
2021-05-12,377.67303466796875
2021-05-13,382.2098693847656
2021-05-14,388.0788269042969
2021-05-17,387.0912780761719
2021-05-18,383.7562561035156
2021-05-19,382.7501220703125
2021-05-20,386.8677062988281
2021-05-21,386.5510559082031
2021-05-24,390.4915771484375
2021-05-25,389.6252746582031
2021-05-26,390.39849853515625
2021-05-27,390.6034851074219
2021-05-28,391.3021240234375
2021-06-01,390.95751953125
2021-06-02,391.57220458984375
2021-06-03,390.1190185546875
2021-06-04,393.6869812011719
2021-06-07,393.304931640625
2021-06-08,393.388916015625
2021-06-09,392.8018493652344
2021-06-10,394.6278381347656
2021-06-11,395.280029296875
2021-06-14,396.1650085449219
2021-06-15,395.4383850097656
2021-06-16,393.23046875
2021-06-17,393.10009765625
2021-06-18,387.7969970703125
2021-06-21,393.34869384765625
2021-06-22,395.4516296386719
2021-06-23,394.97491455078125
2021-06-24,397.3115234375
2021-06-25,398.7227783203125
2021-06-28,399.52667236328125
2021-06-29,399.7415771484375
2021-06-30,400.0780029296875
2021-07-01,402.2930908203125
2021-07-02,405.3680725097656
2021-07-06,404.629638671875
2021-07-07,406.05963134765625
2021-07-08,402.75115966796875
2021-07-09,407.0503845214844
2021-07-12,408.50836181640625
2021-07-13,407.1158447265625
2021-07-14,407.72332763671875
2021-07-15,406.3306579589844
2021-07-16,403.1436767578125
2021-07-19,397.1900329589844
2021-07-20,402.8818664550781
2021-07-21,406.1437072753906
2021-07-22,406.9942626953125
2021-07-23,411.1814270019531
2021-07-26,412.1908264160156
2021-07-27,410.312255859375
2021-07-28,410.14404296875
2021-07-29,411.84503173828125
2021-07-30,409.8450012207031
2021-08-02,408.98516845703125
2021-08-03,412.312255859375
2021-08-04,410.2843017578125
2021-08-05,412.8825378417969
2021-08-06,413.5647888183594
2021-08-09,413.2283020019531
2021-08-10,413.7424011230469
2021-08-11,414.77044677734375
2021-08-12,416.0135192871094
2021-08-13,416.7705383300781
2021-08-16,417.7519226074219
2021-08-17,415.013427734375
2021-08-18,410.47113037109375
2021-08-19,411.106689453125
2021-08-20,414.3778991699219
2021-08-23,418.02294921875
2021-08-24,418.6864929199219
2021-08-25,419.56512451171875
2021-08-26,417.08831787109375
2021-08-27,420.8175354003906
2021-08-30,422.66802978515625
2021-08-31,422.0419006347656
2021-09-01,422.2661437988281
2021-09-02,423.5652770996094
2021-09-03,423.4625549316406
2021-09-07,421.9483947753906
2021-09-08,421.434326171875
2021-09-09,419.6304931640625
2021-09-10,416.3218994140625
2021-09-13,417.38739013671875
2021-09-14,415.13494873046875
2021-09-15,418.6023864746094
2021-09-16,417.9388427734375
2021-09-17,413.86767578125
2021-09-20,406.9667663574219
2021-09-21,406.5823059082031
2021-09-22,410.5484619140625
2021-09-23,415.5365905761719
2021-09-24,416.2210693359375
2021-09-27,415.0302734375
2021-09-28,406.66668701171875
2021-09-29,407.3511657714844
2021-09-30,402.3723449707031
2021-10-01,407.15423583984375
2021-10-04,401.903564453125
2021-10-05,406.08538818359375
2021-10-06,407.773193359375
2021-10-07,411.298583984375
2021-10-08,410.5484619140625
2021-10-11,407.5762023925781
2021-10-12,406.572998046875
2021-10-13,408.0356140136719
2021-10-14,414.8990783691406
2021-10-15,418.058837890625
2021-10-18,419.2965087890625
2021-10-19,422.5313720703125
2021-10-20,424.1908874511719
2021-10-21,425.2973327636719
2021-10-22,424.8565673828125
2021-10-25,427.1350402832031
2021-10-26,427.51947021484375
2021-10-27,425.6255187988281
2021-10-28,429.7323303222656
2021-10-29,430.6042785644531
2021-11-01,431.34503173828125
2021-11-02,433.08892822265625
2021-11-03,435.7331237792969
2021-11-04,437.7864990234375
2021-11-05,439.3054504394531
2021-11-08,439.68048095703125
2021-11-09,438.22723388671875
2021-11-10,434.70172119140625
2021-11-11,434.8422546386719
2021-11-12,438.1240234375
2021-11-15,438.2740478515625
2021-11-16,440.0086669921875
2021-11-17,438.93975830078125
2021-11-18,440.4305419921875
2021-11-19,439.6429748535156
2021-11-22,438.40533447265625
2021-11-23,438.9866943359375
2021-11-24,440.1586608886719
2021-11-26,430.3417053222656
2021-11-29,435.6205139160156
2021-11-30,427.1444396972656
2021-12-01,422.4000549316406
2021-12-02,428.8696594238281
2021-12-03,425.1379699707031
2021-12-06,430.1730041503906
2021-12-07,439.071044921875
2021-12-08,440.233642578125
2021-12-09,437.26141357421875
2021-12-10,441.3775634765625
2021-12-13,437.46771240234375
2021-12-14,434.4578857421875
2021-12-15,441.246337890625
2021-12-16,437.3551940917969
2021-12-17,432.7004699707031
2021-12-20,428.0993957519531
2021-12-21,435.7019958496094
2021-12-22,440.0584716796875
2021-12-23,442.79656982421875
2021-12-27,449.0630187988281
2021-12-28,448.696044921875
2021-12-29,449.27001953125
2021-12-30,448.0279541015625
2021-12-31,446.8989562988281
2022-01-03,449.48638916015625
2022-01-04,449.3359069824219
2022-01-05,440.70758056640625
2022-01-06,440.2936706542969
2022-01-07,438.552978515625
2022-01-10,438.0072937011719
2022-01-11,441.9967346191406
2022-01-12,443.1917419433594
2022-01-13,437.08514404296875
2022-01-14,437.263916015625
2022-01-18,429.5201721191406
2022-01-19,425.0602111816406
2022-01-20,420.3556213378906
2022-01-21,412.10369873046875
2022-01-24,413.85382080078125
2022-01-25,408.80108642578125
2022-01-26,407.7755432128906
2022-01-27,405.7619323730469
2022-01-28,415.8392639160156
2022-01-31,423.3289489746094
2022-02-01,426.18927001953125
2022-02-02,430.3293151855469
2022-02-03,420.2144470214844
2022-02-04,422.1903076171875
2022-02-07,420.8354797363281
2022-02-08,424.29803466796875
2022-02-09,430.5080871582031
2022-02-10,422.77374267578125
2022-02-11,414.43719482421875
2022-02-14,413.082275390625
2022-02-15,419.7440185546875
2022-02-16,420.2144470214844
2022-02-17,411.2380676269531
2022-02-18,408.5752868652344
2022-02-22,404.19061279296875
2022-02-23,397.0207824707031
2022-02-24,402.99566650390625
2022-02-25,411.88726806640625
2022-02-28,410.83349609375
2022-03-01,404.57635498046875
2022-03-02,412.01904296875
2022-03-03,409.9678955078125
2022-03-04,406.6369934082031
2022-03-07,394.64971923828125
2022-03-08,391.6575622558594
2022-03-09,402.15826416015625
2022-03-10,400.3423767089844
2022-03-11,395.2518310546875
2022-03-14,392.36322021484375
2022-03-15,400.991455078125
2022-03-16,409.88311767578125
2022-03-17,415.01116943359375
2022-03-18,419.5566711425781
2022-03-21,419.4340515136719
2022-03-22,424.3419494628906
2022-03-23,418.877197265625
2022-03-24,425.1914367675781
2022-03-25,427.2678527832031
2022-03-28,430.30706787109375
2022-03-29,435.63031005859375
2022-03-30,432.9403991699219
2022-03-31,426.27691650390625
2022-04-01,427.4849853515625
2022-04-04,431.1470031738281
2022-04-05,425.7011413574219
2022-04-06,421.4444274902344
2022-04-07,423.56805419921875
2022-04-08,422.4354248046875
2022-04-11,415.2150573730469
2022-04-12,413.67657470703125
2022-04-13,418.4146423339844
2022-04-14,413.20465087890625
2022-04-18,413.37451171875
2022-04-19,420.0474853515625
2022-04-20,419.73602294921875
2022-04-21,413.4595947265625
2022-04-22,402.1145324707031
2022-04-25,404.4458312988281
2022-04-26,392.7327575683594
2022-04-27,393.8369140625
2022-04-28,403.78509521484375
2022-04-29,388.8630065917969
2022-05-02,391.2037048339844
2022-05-03,392.9970397949219
2022-05-04,404.9649963378906
2022-05-05,390.5713195800781
2022-05-06,388.24005126953125
2022-05-09,375.80963134765625
2022-05-10,376.677978515625
2022-05-11,370.69403076171875
2022-05-12,370.3070373535156
2022-05-13,379.1602783203125
2022-05-16,377.6217956542969
2022-05-17,385.3896179199219
2022-05-18,369.8540344238281
2022-05-19,367.5887451171875
2022-05-20,367.74920654296875
2022-05-23,374.6297912597656
2022-05-24,371.7700500488281
2022-05-25,375.05450439453125
2022-05-26,382.5486755371094
2022-05-27,391.9399108886719
2022-05-31,389.7407531738281
2022-06-01,386.5882568359375
2022-06-02,393.9502868652344
2022-06-03,387.4849853515625
2022-06-06,388.664794921875
2022-06-07,392.3929138183594
2022-06-08,388.12677001953125
2022-06-09,378.8960266113281
2022-06-10,367.90972900390625
2022-06-13,353.9408264160156
2022-06-14,352.8742980957031
2022-06-15,357.9048767089844
2022-06-16,346.05975341796875
2022-06-17,346.8056945800781
2022-06-21,355.5361022949219
2022-06-22,354.8915100097656
2022-06-23,358.370361328125
2022-06-24,369.7643737792969
2022-06-27,368.3519287109375
2022-06-28,360.82550048828125
2022-06-29,360.5316467285156
2022-06-30,357.6025390625
2022-07-01,361.384765625
2022-07-05,362.0672607421875
2022-07-06,363.2900695800781
2022-07-07,368.7311096191406
2022-07-08,368.4278259277344
2022-07-11,364.2190246582031
2022-07-12,360.99603271484375
2022-07-13,359.1001892089844
2022-07-14,358.2281494140625
2022-07-15,365.0721740722656
2022-07-18,362.0577697753906
2022-07-19,371.8402404785156
2022-07-20,374.2100830078125
2022-07-21,378.02069091796875
2022-07-22,374.513427734375
2022-07-25,374.9684753417969
2022-07-26,370.5322265625
2022-07-27,380.1535339355469
2022-07-28,384.9216003417969
2022-07-29,390.5332946777344
2022-08-01,389.3768005371094
2022-08-02,386.80792236328125
2022-08-03,392.8652038574219
2022-08-04,392.5997009277344
2022-08-05,391.9361572265625
2022-08-08,391.4811706542969
2022-08-09,389.9266052246094
2022-08-10,398.1166076660156
2022-08-11,398.1166076660156
2022-08-12,404.85638427734375
2022-08-15,406.5246887207031
2022-08-16,407.3209228515625
2022-08-17,404.4297180175781
2022-08-18,405.605224609375
2022-08-19,400.15472412109375
2022-08-22,391.82244873046875
2022-08-23,390.87451171875
2022-08-24,392.1257629394531
2022-08-25,397.6615905761719
2022-08-26,384.201171875
2022-08-29,381.6607666015625
2022-08-30,377.47100830078125
2022-08-31,374.5987548828125
2022-09-01,375.7742004394531
2022-09-02,371.8118591308594
2022-09-06,370.4089050292969
2022-09-07,377.0633850097656
2022-09-08,379.5279541015625
2022-09-09,385.4240417480469
2022-09-12,389.5663757324219
2022-09-13,372.6270751953125
2022-09-14,374.0489501953125
2022-09-15,369.8022766113281
2022-09-16,366.98114013671875
2022-09-19,369.8269348144531
2022-09-20,365.5819396972656
2022-09-21,359.20477294921875
2022-09-22,356.1875
2022-09-23,350.2196960449219
2022-09-26,346.75506591796875
2022-09-27,345.8698425292969
2022-09-28,352.67535400390625
2022-09-29,345.3083190917969
2022-09-30,339.9685974121094
2022-10-03,348.9442138671875
2022-10-04,359.7568359375
2022-10-05,358.9192810058594
2022-10-06,355.2166442871094
2022-10-07,345.3083190917969
2022-10-10,342.6717224121094
2022-10-11,340.50164794921875
2022-10-12,339.37841796875
2022-10-13,348.3350830078125
2022-10-14,340.3969421386719
2022-10-17,349.1441345214844
2022-10-18,353.2463684082031
2022-10-19,350.7431945800781
2022-10-20,347.80206298828125
2022-10-21,356.2541809082031
2022-10-24,360.61346435546875
2022-10-25,366.3719482421875
2022-10-26,363.6117248535156
2022-10-27,361.66998291015625
2022-10-28,370.2743225097656
2022-10-31,367.5997619628906
2022-11-01,365.9912109375
2022-11-02,356.8061828613281
2022-11-03,353.13226318359375
2022-11-04,358.21490478515625
2022-11-07,361.6414794921875
2022-11-08,363.5926208496094
2022-11-09,356.1019287109375
2022-11-10,375.67120361328125
2022-11-11,379.30706787109375
2022-11-14,376.0804138183594
2022-11-15,379.28802490234375
2022-11-16,376.39453125
2022-11-17,375.24285888671875
2022-11-18,376.9465637207031
2022-11-21,375.57598876953125
2022-11-22,380.6300354003906
2022-11-23,383.0287170410156
2022-11-25,382.9429626464844
2022-11-28,376.8323974609375
2022-11-29,376.18511962890625
2022-11-30,388.0351867675781
2022-12-01,387.74969482421875
2022-12-02,387.30230712890625
2022-12-05,380.3350524902344
2022-12-06,374.8525390625
2022-12-07,374.2148132324219
2022-12-08,377.1463928222656
2022-12-09,374.3291320800781
2022-12-12,379.72589111328125
2022-12-13,382.600341796875
2022-12-14,380.15411376953125
2022-12-15,370.85491943359375
2022-12-16,366.4765930175781
2022-12-19,363.3690490722656
2022-12-20,363.8661804199219
2022-12-21,369.3069152832031
2022-12-22,364.038330078125
2022-12-23,366.13238525390625
2022-12-27,364.6885681152344
2022-12-28,360.1562805175781
2022-12-29,366.6391296386719
2022-12-30,365.6734313964844
2023-01-03,364.1339111328125
2023-01-04,366.9450988769531
2023-01-05,362.7570495605469
2023-01-06,371.0758361816406
2023-01-09,370.86541748046875
2023-01-10,373.46630859375
2023-01-11,378.18988037109375
2023-01-12,379.5667419433594
2023-01-13,381.0392761230469
2023-01-17,380.34124755859375
2023-01-18,374.3363952636719
2023-01-19,371.611328125
2023-01-20,378.5340881347656
2023-01-23,383.07598876953125
2023-01-24,382.66485595703125
2023-01-25,382.8082275390625
2023-01-26,387.0155029296875
2023-01-27,387.9046936035156
2023-01-30,383.0376892089844
2023-01-31,388.6696472167969
2023-02-01,392.8003845214844
2023-02-02,398.5183410644531
2023-02-03,394.2824401855469
2023-02-06,391.872802734375
2023-02-07,396.99798583984375
2023-02-08,392.65692138671875
2023-02-09,389.2529296875
2023-02-10,390.1612854003906
2023-02-13,394.7413635253906
2023-02-14,394.55975341796875
2023-02-15,395.8410339355469
2023-02-16,390.3907470703125
2023-02-17,389.41546630859375
2023-02-21,381.6034240722656
2023-02-22,381.0775146484375
2023-02-23,383.1046447753906
2023-02-24,379.0122375488281
2023-02-27,380.30303955078125
2023-02-28,378.8974304199219
2023-03-01,377.4439697265625
2023-03-02,380.3795166015625
2023-03-03,386.4800109863281
2023-03-06,386.7477111816406
2023-03-07,380.8193664550781
2023-03-08,381.44091796875
2023-03-09,374.4034118652344
2023-03-10,369.0009460449219
2023-03-13,368.4749755859375
2023-03-14,374.56597900390625
2023-03-15,372.2232666015625
2023-03-16,378.7539978027344
2023-03-17,374.3253479003906
2023-03-20,377.9247131347656
2023-03-21,382.8870849609375
2023-03-22,376.3601989746094
2023-03-23,377.37762451171875
2023-03-24,379.85400390625
2023-03-27,380.564208984375
2023-03-28,379.7100524902344
2023-03-29,385.2290954589844
2023-03-30,387.4846496582031
2023-03-31,392.94610595703125
2023-04-03,394.4435119628906
2023-04-04,392.25506591796875
2023-04-05,391.22796630859375
2023-04-06,392.7541198730469
2023-04-10,393.15728759765625
2023-04-11,393.2628479003906
2023-04-12,391.6599426269531
2023-04-13,396.8622131347656
2023-04-14,395.8927917480469
2023-04-17,397.3133850097656
2023-04-18,397.57244873046875
2023-04-19,397.5052795410156
2023-04-20,395.3360900878906
2023-04-21,395.64324951171875
2023-04-24,396.0559387207031
2023-04-25,389.7690124511719
2023-04-26,388.11810302734375
2023-04-27,395.8448486328125
2023-04-28,399.2234191894531
2023-05-01,398.82025146484375
2023-05-02,394.33782958984375
2023-05-03,391.63116455078125
2023-05-04,388.8572082519531
2023-05-05,396.0559387207031
2023-05-08,396.16156005859375
2023-05-09,394.42425537109375
2023-05-10,396.2672119140625
2023-05-11,395.5760498046875
2023-05-12,395.0577392578125
2023-05-15,396.4207458496094
2023-05-16,393.7716064453125
2023-05-17,398.5515441894531
2023-05-18,402.3908386230469
2023-05-19,401.80535888671875
2023-05-22,401.9686279296875
2023-05-23,397.45733642578125
2023-05-24,394.57781982421875
2023-05-25,397.99481201171875
2023-05-26,403.1491394042969
2023-05-30,403.3027038574219
2023-05-31,401.0662841796875
2023-06-01,404.87689208984375
2023-06-02,410.7318420410156
2023-06-05,409.94476318359375
2023-06-06,410.83740234375
2023-06-07,409.4168395996094
2023-06-08,411.89324951171875
2023-06-09,412.63226318359375
2023-06-12,416.37567138671875
2023-06-13,419.1207275390625
2023-06-14,419.6198425292969
2023-06-15,424.82220458984375
2023-06-16,423.37518310546875
2023-06-20,421.1786193847656
2023-06-21,419.02056884765625
2023-06-22,420.53314208984375
2023-06-23,417.3538818359375
2023-06-26,415.6487121582031
2023-06-27,420.20556640625
2023-06-28,420.4175109863281
2023-06-29,422.07452392578125
2023-06-30,427.0553283691406
2023-07-03,427.54669189453125
2023-07-05,426.9107971191406
2023-07-06,423.56787109375
2023-07-07,422.4984130859375
2023-07-10,423.56787109375
2023-07-11,426.2653503417969
2023-07-12,429.69500732421875
2023-07-13,433.10546875
2023-07-14,432.8357238769531
2023-07-17,434.338623046875
2023-07-18,437.5660095214844
2023-07-19,438.5390319824219
2023-07-20,435.6296081542969
2023-07-21,435.6296081542969
2023-07-24,437.57562255859375
2023-07-25,438.7702331542969
2023-07-26,438.837646484375
2023-07-27,435.92822265625
2023-07-28,440.1961364746094
2023-07-31,441.03424072265625
2023-08-01,439.7721862792969
2023-08-02,433.6546325683594
2023-08-03,432.41180419921875
2023-08-04,430.4561767578125
2023-08-07,434.21337890625
2023-08-08,432.3251647949219
2023-08-09,429.4349060058594
2023-08-10,429.58905029296875
2023-08-11,429.338623046875
2023-08-14,431.7085266113281
2023-08-15,426.67962646484375
2023-08-16,423.5486145019531
2023-08-17,420.3211975097656
2023-08-18,420.5235290527344
2023-08-21,423.2594909667969
2023-08-22,422.11309814453125
2023-08-23,426.8144836425781
2023-08-24,420.8992004394531
2023-08-25,423.8664855957031
2023-08-28,426.5543518066406
2023-08-29,432.7201232910156
2023-08-30,434.50244140625
2023-08-31,433.8665771484375
2023-09-01,434.6758117675781
2023-09-05,432.7972106933594
2023-09-06,429.88775634765625
2023-09-07,428.56787109375
2023-09-08,429.21337890625
2023-09-11,432.0361022949219
2023-09-12,429.6661376953125
2023-09-13,430.1671447753906
2023-09-14,433.8761901855469
2023-09-15,428.648681640625
2023-09-18,428.90008544921875
2023-09-19,428.0105895996094
2023-09-20,424.0757751464844
2023-09-21,417.06646728515625
2023-09-22,416.1286926269531
2023-09-25,417.8786315917969
2023-09-26,411.7394714355469
2023-09-27,411.9037780761719
2023-09-28,414.291748046875
2023-09-29,413.2862854003906
2023-10-02,413.1219482421875
2023-10-03,407.5918884277344
2023-10-04,410.55999755859375
2023-10-05,410.40521240234375
2023-10-06,415.27789306640625
2023-10-09,417.9366149902344
2023-10-10,420.11187744140625
2023-10-11,421.8327941894531
2023-10-12,419.2611389160156
2023-10-13,417.1728210449219
2023-10-16,421.5621032714844
2023-10-17,421.542724609375
2023-10-18,415.9256286621094
2023-10-19,412.2711486816406
2023-10-20,407.2052001953125
2023-10-23,406.4994201660156
2023-10-24,409.5641784667969
2023-10-25,403.68603515625
2023-10-26,398.8520202636719
2023-10-27,397.04412841796875
2023-10-30,401.7911071777344
2023-10-31,404.314453125
2023-11-01,408.6263427734375
2023-11-02,416.4573974609375
2023-11-03,420.2569580078125
2023-11-06,421.2237243652344
2023-11-07,422.42254638671875
2023-11-08,422.7319030761719
2023-11-09,419.43511962890625
2023-11-10,425.9803466796875
2023-11-13,425.57427978515625
2023-11-14,433.83074951171875
2023-11-15,434.74920654296875
2023-11-16,435.2809143066406
2023-11-17,435.8223876953125
2023-11-20,439.17718505859375
2023-11-21,438.219970703125
2023-11-22,439.9118957519531
2023-11-24,440.1826171875
2023-11-27,439.38983154296875
2023-11-28,439.8248596191406
2023-11-29,439.5155334472656
2023-11-30,441.2461242675781
2023-12-01,443.8564453125
2023-12-04,441.5264587402344
2023-12-05,441.439453125
2023-12-06,439.6605224609375
2023-12-07,443.0152587890625
2023-12-08,444.919921875
2023-12-11,446.65045166015625
2023-12-12,448.69036865234375
2023-12-13,454.8779602050781
2023-12-14,456.3377685546875
2023-12-15,455.5863952636719
2023-12-18,458.149169921875
2023-12-19,460.9350891113281
2023-12-20,454.54779052734375
2023-12-21,458.85772705078125
2023-12-22,459.77996826171875
2023-12-26,461.7213439941406
2023-12-27,462.55615234375
2023-12-28,462.7308654785156
2023-12-29,461.39129638671875
2024-01-02,458.8092041015625
2024-01-03,455.0622863769531
2024-01-04,453.596435546875
2024-01-05,454.2177734375
2024-01-08,460.70208740234375
2024-01-09,460.0032043457031
2024-01-10,462.604736328125
2024-01-11,462.40087890625
2024-01-12,462.7211608886719
2024-01-16,461.0224609375
2024-01-17,458.4598083496094
2024-01-18,462.5367126464844
2024-01-19,468.3028869628906
2024-01-22,469.29296875
2024-01-23,470.66168212890625
2024-01-24,471.1761779785156
2024-01-25,473.73883056640625
2024-01-26,473.13702392578125
2024-01-29,476.8839416503906
2024-01-30,476.51507568359375
2024-01-31,468.7396545410156
2024-02-01,474.87457275390625
2024-02-02,479.8737487792969
2024-02-05,478.12646484375
2024-02-06,479.51458740234375
2024-02-07,483.5140075683594
2024-02-08,483.7275390625
2024-02-09,486.5232238769531
2024-02-12,486.30963134765625
2024-02-13,479.61163330078125
2024-02-14,483.97021484375
2024-02-15,487.3094787597656
2024-02-16,484.8826599121094
2024-02-20,482.21319580078125
2024-02-21,482.6500244140625
2024-02-22,492.63873291015625
2024-02-23,492.97845458984375
2024-02-26,491.1728820800781
2024-02-27,492.08538818359375
2024-02-28,491.43499755859375
2024-02-29,493.20172119140625
2024-03-01,497.8320007324219
2024-03-04,497.2981262207031
2024-03-05,492.32806396484375
2024-03-06,494.82281494140625
2024-03-07,499.7345886230469
2024-03-08,496.7351379394531
2024-03-11,496.3080139160156
2024-03-12,501.6470031738281
2024-03-13,500.8606262207031
2024-03-14,499.8704833984375
2024-03-15,496.4381408691406
2024-03-18,499.3885498046875
2024-03-19,502.1636657714844
2024-03-20,506.80841064453125
2024-03-21,508.4832458496094
2024-03-22,507.5191650390625
2024-03-25,506.1170654296875
2024-03-26,505.1822204589844
2024-03-27,509.4276428222656
2024-03-28,509.330322265625
2024-04-01,508.4442443847656
2024-04-02,505.2115173339844
2024-04-03,505.76641845703125
2024-04-04,499.593017578125
2024-04-05,504.8122253417969
2024-04-08,505.0945739746094
2024-04-09,505.6788024902344
2024-04-10,500.61541748046875
2024-04-11,504.3935241699219
2024-04-12,497.4313659667969
2024-04-15,491.1994934082031
2024-04-16,490.3035888671875
2024-04-17,487.4018859863281
2024-04-18,486.39892578125
2024-04-19,482.15350341796875
2024-04-22,486.59368896484375
2024-04-23,492.3679504394531
2024-04-24,492.1342468261719
2024-04-25,490.2646484375
2024-04-26,494.9093933105469
2024-04-29,496.662109375
2024-04-30,488.7943420410156
2024-05-01,487.2071533203125
2024-05-02,491.76422119140625
2024-05-03,497.85980224609375
2024-05-06,503.0011291503906
2024-05-07,503.55615234375
2024-05-08,503.6047668457031
2024-05-09,506.5065612792969
2024-05-10,507.158935546875
2024-05-13,507.2270202636719
2024-05-14,509.5543212890625
2024-05-15,515.8641357421875
2024-05-16,514.802734375
2024-05-17,515.542724609375
2024-05-20,516.1366577148438
2024-05-21,517.402587890625
2024-05-22,515.9127807617188
2024-05-23,512.1444702148438
2024-05-24,515.5330810546875
2024-05-28,515.893310546875
2024-05-29,512.28076171875
2024-05-30,508.8824462890625
2024-05-31,513.5173950195312
2024-06-03,513.93603515625
2024-06-04,514.5106811523438
2024-06-05,520.6256103515625
2024-06-06,520.6159057617188
2024-06-07,519.9829711914062
2024-06-10,521.589599609375
2024-06-11,522.8457641601562
2024-06-12,527.139892578125
2024-06-13,528.2012329101562
2024-06-14,528.522705078125
2024-06-17,532.7291259765625
2024-06-18,534.0826416015625
2024-06-20,532.6317749023438
2024-06-21,531.9176635742188
2024-06-24,530.1885375976562
2024-06-25,532.2303466796875
2024-06-26,532.8945922851562
2024-06-27,533.7347412109375
2024-06-28,531.6343383789062
2024-07-01,532.728515625
2024-07-02,536.3136596679688
2024-07-03,538.7069702148438
2024-07-05,541.8134765625
2024-07-08,542.4386596679688
2024-07-09,542.966064453125
2024-07-10,548.3389892578125
2024-07-11,543.61083984375
2024-07-12,547.0396728515625
2024-07-15,548.5440063476562
2024-07-16,551.7969360351562
2024-07-17,544.0602416992188
2024-07-18,539.8790893554688
2024-07-19,536.2940673828125
2024-07-22,541.8231811523438
2024-07-23,540.973388671875
2024-07-24,528.7135620117188
2024-07-25,525.958740234375
2024-07-26,531.8492431640625
2024-07-29,532.1619262695312
2024-07-30,529.4656982421875
2024-07-31,538.0719604492188
2024-08-01,530.4523315429688
2024-08-02,520.5762939453125
2024-08-05,505.4151611328125
2024-08-06,510.0747985839844
2024-08-07,506.66546630859375
2024-08-08,518.3782348632812
2024-08-09,520.6640014648438
2024-08-12,520.9376831054688
2024-08-13,529.5048828125
2024-08-14,531.1752319335938
2024-08-15,540.2796630859375
2024-08-16,541.4910278320312
2024-08-19,546.6683959960938
2024-08-20,545.779541015625
2024-08-21,547.6551513671875
2024-08-22,543.3568115234375
2024-08-23,549.1301879882812
2024-08-26,547.8211669921875
2024-08-27,548.5733642578125
2024-08-28,545.3888549804688
2024-08-29,545.4376831054688
2024-08-30,550.6443481445312
2024-09-03,539.3126831054688
2024-09-04,538.2088012695312
2024-09-05,536.8997802734375
2024-09-06,527.8636474609375
2024-09-09,533.7737426757812
2024-09-10,536.0986938476562
2024-09-11,541.5986328125
2024-09-12,546.1605224609375
2024-09-13,549.0130004882812
2024-09-16,549.8237915039062
2024-09-17,550.0484008789062
2024-09-18,548.4171752929688
2024-09-19,557.7755126953125
2024-09-20,556.8114013671875
2024-09-23,558.2027587890625
2024-09-24,559.7999267578125
2024-09-25,558.5652465820312
2024-09-26,560.77978515625
2024-09-27,559.9664306640625
2024-09-30,562.2105102539062
2024-10-01,557.173828125
2024-10-02,557.4090576171875
2024-10-03,556.3899536132812
2024-10-04,561.4461059570312
2024-10-07,556.3704223632812
2024-10-08,561.6322631835938
2024-10-09,565.5223999023438
2024-10-10,564.53271484375
2024-10-11,567.913330078125
2024-10-14,572.557861328125
2024-10-15,568.1093139648438
2024-10-16,570.5784912109375
2024-10-17,570.6275024414062
2024-10-18,572.8223876953125
2024-10-21,571.8817138671875
2024-10-22,571.5779418945312
2024-10-23,566.3552856445312
2024-10-24,567.5801391601562
2024-10-25,567.3841552734375
2024-10-28,569.1381225585938
2024-10-29,570.0592041015625
2024-10-30,568.3345947265625
2024-10-31,557.1934814453125
2024-11-01,559.5451049804688
2024-11-04,558.3399658203125
2024-11-05,565.0912475585938
2024-11-06,579.1426391601562
2024-11-07,583.62060546875
2024-11-08,586.148681640625
2024-11-11,586.7072143554688
2024-11-12,584.8847045898438
2024-11-13,585.1688232421875
2024-11-14,581.4060668945312
2024-11-15,573.9591064453125
2024-11-18,576.3107299804688
2024-11-19,578.4175415039062
2024-11-20,578.6134643554688
2024-11-21,581.7196044921875
2024-11-22,583.522705078125
2024-11-25,585.501953125
2024-11-26,588.55908203125
2024-11-27,586.7758178710938
2024-11-29,590.4208984375
2024-12-02,591.4791259765625
2024-12-03,591.7535400390625
2024-12-04,595.4280395507812
2024-12-05,594.4481811523438
2024-12-06,595.5750732421875
2024-12-09,592.5079956054688
2024-12-10,590.6658935546875
2024-12-11,595.2320556640625
2024-12-12,592.1650390625
2024-12-13,592.0474853515625
2024-12-16,594.5755615234375
2024-12-17,592.1258544921875
2024-12-18,574.4784545898438
2024-12-19,574.302001953125
2024-12-20,581.2000122070312
2024-12-23,584.6803588867188
2024-12-24,591.1790771484375
2024-12-26,591.2183837890625
2024-12-27,584.9949951171875
2024-12-30,578.3192749023438
2024-12-31,576.21533203125
2025-01-02,574.7994995117188
2025-01-03,581.9864501953125
2025-01-06,585.3390502929688
2025-01-07,578.722412109375
2025-01-08,579.56787109375
2025-01-10,570.7193603515625
2025-01-13,571.604248046875
2025-01-14,572.3907470703125
2025-01-15,582.8024291992188
2025-01-16,581.6817016601562
2025-01-17,587.521728515625
2025-01-21,592.8995971679688
2025-01-22,596.232666015625
2025-01-23,599.48681640625
2025-01-24,597.73681640625
2025-01-27,589.2816162109375
2025-01-28,594.3448486328125
2025-01-29,591.6804809570312
2025-01-30,594.8560791015625
2025-01-31,591.6903076171875
2025-02-03,587.7085571289062
2025-02-04,591.6510620117188
2025-02-05,594.0499877929688
2025-02-06,596.1145629882812
2025-02-07,590.6580810546875
2025-02-10,594.6693725585938
2025-02-11,595.12158203125
2025-02-12,593.2044067382812
2025-02-13,599.4671630859375
2025-02-14,599.437744140625
2025-02-18,601.197509765625
2025-02-19,602.6133422851562
2025-02-20,600.1063232421875
2025-02-21,589.8419799804688
2025-02-24,587.1580200195312
2025-02-25,584.2379150390625
2025-02-26,584.5328369140625
2025-02-27,575.2025756835938
2025-02-28,584.178955078125
2025-03-03,573.9441528320312
2025-03-04,567.1504516601562
2025-03-05,573.24609375
2025-03-06,563.0703125
2025-03-07,566.226318359375
2025-03-10,551.1444702148438
2025-03-11,546.5629272460938
2025-03-12,549.4633178710938
2025-03-13,542.1386108398438
2025-03-14,553.3369750976562
2025-03-17,557.6038818359375
2025-03-18,551.5770874023438
2025-03-19,557.584228515625
2025-03-20,555.9718627929688
2025-03-21,556.1552734375
2025-03-24,566.1151733398438
2025-03-25,567.4759521484375
2025-03-26,560.7013549804688
2025-03-27,559.2122192382812
2025-03-28,547.95068359375
2025-03-31,551.6289672851562
2025-04-01,553.18701171875
2025-04-02,556.6878051757812
2025-04-03,529.2537841796875
2025-04-04,498.26971435546875
2025-04-07,497.3821716308594
2025-04-08,489.591796875
2025-04-09,541.0083618164062
2025-04-10,517.3019409179688
2025-04-11,526.5321044921875
2025-04-14,531.64013671875
2025-04-15,530.151123046875
2025-04-16,518.3668823242188
2025-04-17,519.1065063476562
2025-04-21,506.7503662109375
2025-04-22,519.9348754882812
2025-04-23,527.991455078125
2025-04-24,539.1051635742188
2025-04-25,543.0003662109375
2025-04-28,543.2074584960938
2025-04-29,546.6293334960938
2025-04-30,546.8462524414062
2025-05-01,550.7217407226562
2025-05-02,558.896728515625
2025-05-05,555.6917724609375
2025-05-06,551.0471801757812
2025-05-07,553.3645629882812
2025-05-08,557.2202758789062
2025-05-09,556.51025390625
2025-05-12,574.9014282226562
2025-05-13,578.6981201171875
2025-05-14,579.4376831054688
2025-05-15,582.2679443359375
2025-05-16,585.9559936523438
2025-05-19,586.596923828125
2025-05-20,584.6246948242188
2025-05-21,574.7733154296875
2025-05-22,575.000244140625
2025-05-23,571.0752563476562
2025-05-27,582.9483642578125
2025-05-28,579.5758056640625
2025-05-29,581.863525390625
2025-05-30,581.2127685546875
2025-06-02,584.4866943359375
2025-06-03,587.81982421875
2025-06-04,587.6619873046875
2025-06-05,584.8218994140625
2025-06-06,590.8275146484375
2025-06-09,591.3599243164062
2025-06-10,594.7127685546875
2025-06-11,593.0166015625
2025-06-12,595.3734741210938
2025-06-13,588.7171630859375
2025-06-16,594.318359375
2025-06-17,589.23974609375
2025-06-18,589.1510009765625
2025-06-20,587.7673950195312
2025-06-23,593.572998046875
2025-06-24,600.1304321289062
2025-06-25,600.4666137695312
2025-06-26,605.1646118164062
2025-06-27,608.1713256835938
2025-06-30,611.0790405273438
2025-07-01,610.8812866210938
2025-07-02,613.6505737304688
2025-07-03,618.4869995117188
2025-07-07,613.8780517578125
2025-07-08,613.5418090820312
2025-07-09,617.2210083007812
2025-07-10,618.9617309570312
2025-07-11,616.7858276367188
2025-07-14,617.9627685546875
2025-07-15,615.3220825195312
2025-07-16,617.3792114257812
2025-07-17,621.1574096679688
2025-07-18,620.7024536132812
2025-07-21,621.87939453125
2025-07-22,621.9683227539062
2025-07-23,627.2598266601562
2025-07-24,627.4674682617188
2025-07-25,630.1181030273438
2025-07-28,629.9598388671875
2025-07-29,628.2982788085938
2025-07-30,627.507080078125
2025-07-31,625.1531372070312
2025-08-01,614.9066162109375
2025-08-04,624.2530517578125
2025-08-05,621.0880737304688
2025-08-06,625.8455200195312
2025-08-07,625.3212890625
2025-08-08,630.197265625
2025-08-11,628.9509887695312
2025-08-12,635.6468505859375
2025-08-13,637.82275390625
2025-08-14,637.8821411132812
2025-08-15,636.388671875
2025-08-18,636.2501220703125
2025-08-19,632.7984008789062
2025-08-20,631.1170654296875
2025-08-21,628.5850830078125
2025-08-22,638.2380981445312
2025-08-25,635.42919921875
2025-08-26,638.0897827148438
2025-08-27,639.5436401367188
2025-08-28,641.80859375
2025-08-29,637.98095703125
2025-09-02,633.2533569335938
2025-09-03,636.685302734375
2025-09-04,642.0064086914062
2025-09-05,640.1469116210938
2025-09-08,641.7196044921875
2025-09-09,643.203125
2025-09-10,645.0625610351562
2025-09-11,650.423095703125
2025-09-12,650.2054443359375
2025-09-15,653.6671142578125
2025-09-16,652.7671508789062
2025-09-17,651.9561767578125
2025-09-18,655.0023803710938
2025-09-19,658.2465209960938
2025-09-22,661.3607788085938
2025-09-23,657.7606201171875
2025-09-24,655.6678466796875
2025-09-25,652.6429443359375
2025-09-26,656.3820190429688
2025-09-29,658.2266845703125
2025-09-30,660.7061157226562
2025-10-01,662.9574584960938
2025-10-02,663.7210693359375
2025-10-03,663.7112426757812
2025-10-06,666.0914916992188
2025-10-07,663.6219482421875
2025-10-08,667.5791625976562
2025-10-09,665.6452026367188
2025-10-10,647.6542358398438
2025-10-13,657.5919189453125
2025-10-14,656.78857421875
2025-10-15,659.7044067382812
2025-10-16,655.2116088867188
2025-10-17,658.9308471679688
2025-10-20,665.7840576171875
2025-10-21,665.7741088867188
2025-10-22,662.3128051757812
2025-10-23,666.2402954101562
2025-10-24,671.6851806640625
2025-10-27,679.6094970703125
2025-10-28,681.41455078125
2025-10-29,681.7418823242188
2025-10-30,674.2440185546875
2025-10-31,676.45556640625
2025-11-03,677.7251586914062
2025-11-04,669.6917114257812
2025-11-05,672.012451171875
2025-11-06,664.8021850585938
2025-11-07,665.4567260742188
2025-11-10,675.8406982421875
2025-11-11,677.3878784179688
2025-11-12,677.7648315429688
2025-11-13,666.5180053710938
2025-11-14,666.4088745117188
2025-11-17,660.2003173828125
2025-11-18,654.65625
2025-11-19,657.185302734375
2025-11-20,647.1683349609375
2025-11-21,653.6149291992188
2025-11-24,663.235107421875
2025-11-25,669.4735107421875
2025-11-26,674.09521484375
2025-11-28,677.7747192382812
2025-12-01,674.6802978515625
2025-12-02,675.9300537109375
2025-12-03,678.2706298828125
2025-12-04,678.7664794921875
2025-12-05,680.0557861328125
2025-12-08,678.0127563476562
2025-12-09,677.4275512695312
2025-12-10,681.92041015625
2025-12-11,683.5072021484375
2025-12-12,676.1581420898438
2025-12-15,675.1365356445312
2025-12-16,673.2918701171875
2025-12-17,665.8832397460938
2025-12-18,670.9114990234375
2025-12-19,676.9923095703125
2025-12-22,681.2098999023438
2025-12-23,684.3233032226562
2025-12-24,686.7305297851562
2025-12-26,686.660888671875
2025-12-29,684.2138671875
2025-12-30,683.3783569335938
2025-12-31,678.3152465820312
2026-01-02,679.55859375
2026-01-05,684.0845336914062
2026-01-06,688.1529541015625
2026-01-07,685.9347534179688
2026-01-08,685.8651123046875
2026-01-09,690.4010009765625
2026-01-12,691.4852294921875
2026-01-13,690.1026000976562
2026-01-14,686.7106323242188
2026-01-15,688.5806884765625
2026-01-16,688.0037231445312
2026-01-20,673.9981689453125
2026-01-21,681.77685546875
2026-01-22,685.3379516601562
2026-01-23,685.5865478515625
2026-01-26,689.0680541992188
2026-01-27,691.8134765625
2026-01-28,691.7438354492188
2026-01-29,690.3711547851562
2026-01-30,688.3120727539062
2026-02-02,691.7339477539062
2026-02-03,685.885009765625
2026-02-04,682.5626831054688
2026-02-05,674.0379638671875
2026-02-06,686.96923828125
2026-02-09,690.2816772460938
2026-02-10,688.4613037109375
2026-02-11,688.3021850585938
2026-02-12,677.668701171875
2026-02-13,678.1461181640625
2026-02-17,679.2402954101562
2026-02-18,682.662109375
2026-02-19,680.8616333007812
2026-02-20,685.7855834960938
2026-02-23,678.7827758789062
2026-02-24,683.7164916992188
2026-02-25,689.4859008789062
2026-02-26,685.6561889648438
2026-02-27,682.3637084960938
2026-03-02,682.751708984375
2026-03-03,676.7337036132812
2026-03-04,681.5082397460938
2026-03-05,677.70849609375
2026-03-06,668.82568359375
2026-03-09,674.6845703125
2026-03-10,673.6002807617188
2026-03-11,672.7548217773438
2026-03-12,662.5390625
2026-03-13,658.7890014648438
2026-03-16,665.493408203125
2026-03-17,667.2440185546875
2026-03-18,657.9335327148438
2026-03-19,656.3121948242188
2026-03-20,646.9034423828125
2026-03-23,653.6959228515625
2026-03-24,651.5015869140625
2026-03-25,655.1322021484375
2026-03-26,643.432373046875
2026-03-27,632.4606323242188
2026-03-30,630.3460693359375
2026-03-31,648.6688842773438
2026-04-01,653.5562744140625
2026-04-02,654.144775390625
2026-04-06,657.23681640625
2026-04-07,657.5260009765625
2026-04-08,674.27294921875
2026-04-09,678.162841796875
2026-04-10,677.7140502929688
2026-04-13,684.3369750976562
2026-04-14,692.675537109375
2026-04-15,698.1414184570312
2026-04-16,699.8569946289062
2026-04-17,708.3152465820312
2026-04-20,706.8988037109375
2026-04-21,702.2708129882812
2026-04-22,709.3825073242188
2026-04-23,706.6295776367188
2026-04-24,712.10546875
2026-04-27,713.332275390625
2026-04-28,709.8612060546875
2026-04-29,709.7515258789062
2026-04-30,716.8132934570312
2026-05-01,718.7982177734375
2026-05-04,716.1649780273438
2026-05-05,721.9102172851562
2026-05-06,731.9443359375
2026-05-07,729.7001342773438
2026-05-08,735.724609375
2026-05-11,737.4002685546875
2026-05-12,736.2831420898438
2026-05-13,740.4025268554688
2026-05-14,746.2474975585938
2026-05-15,737.2706298828125
2026-05-18,736.751953125
2026-05-19,731.8446044921875
2026-05-20,739.3452758789062
2026-05-21,740.8114624023438
2026-05-22,743.7239990234375
2026-05-26,748.6613159179688
2026-05-27,748.5316162109375
2026-05-28,752.6609497070312
2026-05-29,754.5361328125
2026-06-01,756.5908203125
2026-06-02,757.6182250976562
2026-06-03,752.3018798828125
2026-06-04,755.1445922851562
2026-06-05,735.65478515625
2026-06-08,737.3204345703125
2026-06-09,735.1560668945312
2026-06-10,723.56591796875
2026-06-11,735.8642578125
2026-06-12,739.843994140625
2026-06-15,752.890380859375
2026-06-16,748.4019775390625
2026-06-17,739.0560302734375
2026-06-18,746.739990234375
2026-06-22,744.3900146484375
2026-06-23,733.5800170898438
2026-06-24,733.239990234375
2026-06-25,734.2999877929688
2026-06-26,728.989990234375
2026-06-29,741.0
2026-06-30,746.77001953125
2026-07-01,745.760009765625
2026-07-02,744.780029296875
2026-07-06,751.280029296875
2026-07-07,747.7100219726562
2026-07-08,745.4000244140625
2026-07-09,751.7100219726562
2026-07-10,754.9500122070312
2026-07-13,749.1699829101562
2026-07-14,751.8300170898438
2026-07-15,754.8099975585938
2026-07-16,750.719970703125
2026-07-17,743.2899780273438
2026-07-20,742.0900268554688
2026-07-21,748.280029296875
2026-07-22,747.4099731445312
2026-07-23,738.1799926757812
2026-07-24,738.9299926757812
2026-07-27,739.0900268554688
2026-07-28,740.8599853515625
2026-07-29,729.4600219726562
2026-07-30,741.6900024414062
2026-07-31,747.030029296875
2026-08-03,757.6699829101562
2026-08-04,771.3300170898438
2026-08-05,769.7899780273438
2026-08-06,768.5599975585938
2026-08-07,773.260009765625
2026-08-10,773.030029296875
2026-08-11,770.5599975585938
2026-08-12,772.489990234375
2026-08-13,777.8800048828125
2026-08-14,776.3400268554688
2026-08-17,772.6699829101562
2026-08-18,767.4500122070312
2026-08-19,769.0599975585938
2026-08-20,762.5999755859375
2026-08-21,765.719970703125
2026-08-24,763.469970703125
2026-08-25,765.9099731445312
2026-08-26,766.0800170898438
2026-08-27,771.0999755859375
2026-08-28,769.3499755859375
2026-08-31,767.0499877929688
2026-09-01,761.780029296875
2026-09-02,765.1599731445312
2026-09-03,773.1699829101562
2026-09-04,770.1900024414062
2026-09-08,765.9600219726562
2026-09-09,762.4000244140625
